updated_at,created_at,commenter,pr_author,pr_id,comment_id,Code
2023-10-08 21:21:50-07:00,2023-10-08 21:21:50-07:00,jennifer91,margaretbriggs,2,1663707474,Approving
2023-10-08 21:35:40-07:00,2023-10-08 21:35:40-07:00,jennifer91,margaretbriggs,2,1663714110,Approving
2023-10-08 21:37:38-07:00,2023-10-08 21:37:38-07:00,zmullins,margaretbriggs,2,1663714928,Approving
2023-10-08 21:37:38-07:00,2023-10-08 21:37:38-07:00,zmullins,margaretbriggs,2,1663714928,Criticizing
2023-10-08 22:42:56-07:00,2023-10-08 22:42:56-07:00,margaretbriggs,suzanneburke,3,1663748384,Empty
2023-10-09 10:42:52-07:00,2023-10-09 10:42:52-07:00,zmullins,suzanneburke,3,1665001084,Approving
2023-10-15 22:42:19-07:00,2023-10-15 22:42:19-07:00,zmullins,margaretbriggs,27,1679142500,Approving
2023-10-15 22:42:19-07:00,2023-10-15 22:42:19-07:00,zmullins,margaretbriggs,27,1679142500,Criticizing
2023-10-15 22:43:27-07:00,2023-10-15 22:43:27-07:00,jennifer91,margaretbriggs,27,1679143490,Approving
2023-10-15 22:43:27-07:00,2023-10-15 22:43:27-07:00,jennifer91,margaretbriggs,27,1679143490,Criticizing
2023-10-29 19:42:09-07:00,2023-10-29 19:38:54-07:00,colleenortiz,suzanneburke,29,1375608885,Directing
2023-10-29 19:42:09-07:00,2023-10-29 19:41:47-07:00,colleenortiz,suzanneburke,29,1375610091,Criticizing
2023-10-29 19:42:09-07:00,2023-10-29 19:41:47-07:00,colleenortiz,suzanneburke,29,1375610091,Asking
2023-10-29 19:42:09-07:00,2023-10-29 19:42:09-07:00,colleenortiz,suzanneburke,29,1703164430,Empty
2023-10-30 15:20:08-07:00,2023-10-30 15:20:08-07:00,suzanneburke,colleenortiz,30,1705164625,Updating
2023-10-30 15:20:08-07:00,2023-10-30 15:20:08-07:00,suzanneburke,colleenortiz,30,1705164625,Updating
2023-10-30 15:20:08-07:00,2023-10-30 15:20:08-07:00,suzanneburke,colleenortiz,30,1705164625,Updating
2023-10-30 10:45:13-07:00,2023-10-30 10:27:31-07:00,colleenortiz,jennifer91,31,1376579637,Criticizing
2023-10-30 10:45:13-07:00,2023-10-30 10:29:07-07:00,colleenortiz,jennifer91,31,1376582417,Directing
2023-10-30 10:45:13-07:00,2023-10-30 10:41:25-07:00,colleenortiz,jennifer91,31,1376597946,Directing
2023-10-30 10:45:13-07:00,2023-10-30 10:41:38-07:00,colleenortiz,jennifer91,31,1376598200,Directing
2023-10-30 10:45:13-07:00,2023-10-30 10:41:45-07:00,colleenortiz,jennifer91,31,1376598312,Directing
2023-10-30 10:45:13-07:00,2023-10-30 10:41:54-07:00,colleenortiz,jennifer91,31,1376598500,Directing
2023-10-30 10:45:13-07:00,2023-10-30 10:45:13-07:00,colleenortiz,jennifer91,31,1704715044,Approving
2023-10-30 10:45:13-07:00,2023-10-30 10:45:13-07:00,colleenortiz,jennifer91,31,1704715044,Approving
2023-10-30 10:45:13-07:00,2023-10-30 10:45:13-07:00,colleenortiz,jennifer91,31,1704715044,Criticizing
2023-10-30 14:29:21-07:00,2023-10-30 14:26:48-07:00,colleenortiz,jennifer91,31,1376820622,Directing
2023-10-30 14:29:21-07:00,2023-10-30 14:26:48-07:00,colleenortiz,jennifer91,31,1376820622,Directing
2023-10-30 14:29:21-07:00,2023-10-30 14:26:48-07:00,colleenortiz,jennifer91,31,1376820622,Explaining
2023-10-30 14:29:21-07:00,2023-10-30 14:29:21-07:00,colleenortiz,jennifer91,31,1705103318,Approving
2023-10-30 14:29:21-07:00,2023-10-30 14:29:21-07:00,colleenortiz,jennifer91,31,1705103318,Criticizing
2023-10-30 15:06:29-07:00,2023-10-30 15:06:29-07:00,colleenortiz,jennifer91,31,1705148317,Approving
2023-10-30 16:03:40-07:00,2023-10-30 16:03:40-07:00,colleenortiz,zmullins,35,1705177727,Approving
2023-10-30 16:03:40-07:00,2023-10-30 16:03:40-07:00,colleenortiz,zmullins,35,1705177727,Criticizing
2023-10-30 16:03:40-07:00,2023-10-30 16:03:40-07:00,colleenortiz,zmullins,35,1705177727,Criticizing
2023-10-30 16:03:40-07:00,2023-10-30 16:03:40-07:00,colleenortiz,zmullins,35,1705177727,Suggesting
2023-10-30 16:03:40-07:00,2023-10-30 16:03:40-07:00,colleenortiz,zmullins,35,1705177727,Criticizing
2023-10-30 16:03:41-07:00,2023-10-30 15:34:52-07:00,colleenortiz,zmullins,35,1376869007,Directing
2023-10-30 16:03:41-07:00,2023-10-30 15:35:05-07:00,colleenortiz,zmullins,35,1376869133,Directing
2023-10-30 16:03:41-07:00,2023-10-30 15:36:55-07:00,colleenortiz,zmullins,35,1376870178,Approving
2023-10-30 16:03:41-07:00,2023-10-30 15:36:55-07:00,colleenortiz,zmullins,35,1376870178,Criticizing
2023-10-30 16:03:41-07:00,2023-10-30 15:36:55-07:00,colleenortiz,zmullins,35,1376870178,Directing
2023-10-30 16:03:41-07:00,2023-10-30 15:36:55-07:00,colleenortiz,zmullins,35,1376870178,Explaining
2023-10-30 16:03:41-07:00,2023-10-30 15:37:37-07:00,colleenortiz,zmullins,35,1376870590,Criticizing
2023-10-30 16:03:41-07:00,2023-10-30 15:38:03-07:00,colleenortiz,zmullins,35,1376870860,Criticizing
2023-10-30 16:03:41-07:00,2023-10-30 15:41:26-07:00,colleenortiz,zmullins,35,1376872841,Criticizing
2023-10-30 16:03:41-07:00,2023-10-30 15:42:22-07:00,colleenortiz,zmullins,35,1376873376,Criticizing
2023-10-30 16:03:41-07:00,2023-10-30 15:42:22-07:00,colleenortiz,zmullins,35,1376873376,Directing
2023-10-30 16:03:41-07:00,2023-10-30 15:49:58-07:00,colleenortiz,zmullins,35,1376877709,Directing
2023-10-30 16:03:41-07:00,2023-10-30 15:50:43-07:00,colleenortiz,zmullins,35,1376878127,Directing
2023-10-30 16:03:41-07:00,2023-10-30 15:56:40-07:00,colleenortiz,zmullins,35,1376881646,Criticizing
2023-10-30 16:03:41-07:00,2023-10-30 15:56:40-07:00,colleenortiz,zmullins,35,1376881646,Directing
2023-10-30 16:03:41-07:00,2023-10-30 15:56:40-07:00,colleenortiz,zmullins,35,1376881646,Directing
2023-10-30 16:03:41-07:00,2023-10-30 15:56:40-07:00,colleenortiz,zmullins,35,1376881646,Criticizing
2023-10-30 16:03:41-07:00,2023-10-30 15:56:40-07:00,colleenortiz,zmullins,35,1376881646,Explaining
2023-10-30 16:03:41-07:00,2023-10-30 15:56:40-07:00,colleenortiz,zmullins,35,1376881646,Directing
2023-10-30 17:19:20-07:00,2023-10-30 17:19:19-07:00,margaretbriggs,zmullins,35,1376923503,Agreeing
2023-10-30 17:19:20-07:00,2023-10-30 17:19:20-07:00,margaretbriggs,zmullins,35,1705257434,Empty
2023-10-30 18:16:00-07:00,2023-10-30 17:30:07-07:00,margaretbriggs,zmullins,35,1376928571,Directing
2023-10-30 18:16:00-07:00,2023-10-30 17:30:53-07:00,margaretbriggs,zmullins,35,1376928854,Directing
2023-10-30 18:16:00-07:00,2023-10-30 17:31:51-07:00,margaretbriggs,zmullins,35,1376929278,Directing
2023-10-30 18:16:00-07:00,2023-10-30 17:32:04-07:00,margaretbriggs,zmullins,35,1376929369,Directing
2023-10-30 18:16:00-07:00,2023-10-30 18:16:00-07:00,margaretbriggs,zmullins,35,1705265308,Empty
2023-10-30 22:22:16-07:00,2023-10-30 22:22:16-07:00,margaretbriggs,zmullins,35,1705468006,Empty
2023-10-30 22:25:48-07:00,2023-10-30 22:25:48-07:00,margaretbriggs,zmullins,35,1705470583,Empty
2023-10-30 17:52:46-07:00,2023-10-30 17:52:46-07:00,margaretbriggs,jennifer91,36,1705279037,Empty
2023-10-30 20:19:37-07:00,2023-10-30 20:19:37-07:00,margaretbriggs,colleenortiz,37,1705373927,Updating
2023-10-30 21:01:17-07:00,2023-10-30 20:37:18-07:00,zmullins,colleenortiz,37,1377013303,Criticizing
2023-10-30 21:01:17-07:00,2023-10-30 20:39:37-07:00,zmullins,colleenortiz,37,1377014296,Criticizing
2023-10-30 21:01:17-07:00,2023-10-30 20:48:54-07:00,zmullins,colleenortiz,37,1377018260,Updating
2023-10-30 21:01:17-07:00,2023-10-30 20:48:54-07:00,zmullins,colleenortiz,37,1377018260,Asking
2023-10-30 21:01:17-07:00,2023-10-30 21:01:17-07:00,zmullins,colleenortiz,37,1705385872,Approving
2023-10-30 21:01:17-07:00,2023-10-30 21:01:17-07:00,zmullins,colleenortiz,37,1705385872,Updating
2023-10-30 21:01:17-07:00,2023-10-30 21:01:17-07:00,zmullins,colleenortiz,37,1705385872,Criticizing
2023-10-30 21:10:22-07:00,2023-10-30 21:10:21-07:00,colleenortiz,colleenortiz,37,1377027375,Updating
2023-10-30 21:10:22-07:00,2023-10-30 21:10:22-07:00,colleenortiz,colleenortiz,37,1705406042,Empty
2023-10-30 21:13:28-07:00,2023-10-30 21:13:28-07:00,zmullins,colleenortiz,37,1705408092,Empty
2023-11-05 22:48:37-08:00,2023-11-05 22:48:37-08:00,jennifer91,margaretbriggs,48,1714361857,Complimenting
2023-11-05 22:48:37-08:00,2023-11-05 22:48:37-08:00,jennifer91,margaretbriggs,48,1714361857,Approving
2023-11-05 22:54:10-08:00,2023-11-05 22:54:10-08:00,zmullins,margaretbriggs,48,1714370089,Approving
2023-11-08 23:13:06-08:00,2023-11-08 23:13:06-08:00,jennifer91,margaretbriggs,49,1721845186,Empty
2023-11-08 23:13:07-08:00,2023-11-08 23:13:06-08:00,jennifer91,margaretbriggs,49,1387574199,Asking
2023-11-08 23:13:07-08:00,2023-11-08 23:13:06-08:00,jennifer91,margaretbriggs,49,1387574199,Explaining
2023-11-09 01:23:08-08:00,2023-11-09 01:23:08-08:00,zmullins,margaretbriggs,49,1722075660,Approving
2023-11-09 18:28:24-08:00,2023-11-09 18:28:24-08:00,margaretbriggs,margaretbriggs,49,1388802524,Agreeing
2023-11-09 18:28:24-08:00,2023-11-09 18:28:24-08:00,margaretbriggs,margaretbriggs,49,1723838718,Empty
2023-11-08 23:17:21-08:00,2023-11-08 23:17:21-08:00,jennifer91,margaretbriggs,50,1721850659,Empty
2023-11-08 23:17:21-08:00,2023-11-08 23:17:21-08:00,jennifer91,margaretbriggs,50,1387577499,Criticizing
2023-11-08 23:17:21-08:00,2023-11-08 23:17:21-08:00,jennifer91,margaretbriggs,50,1387577499,Directing
2023-11-09 01:21:28-08:00,2023-11-09 01:18:35-08:00,zmullins,margaretbriggs,50,1387706905,Agreeing
2023-11-09 01:21:28-08:00,2023-11-09 01:21:28-08:00,zmullins,margaretbriggs,50,1722066580,Criticizing
2023-11-09 01:21:28-08:00,2023-11-09 01:21:28-08:00,zmullins,margaretbriggs,50,1722066580,Approving
2023-11-09 15:10:51-08:00,2023-11-09 15:10:51-08:00,jennifer91,zmullins,54,1723661357,Approving
2023-11-09 15:10:51-08:00,2023-11-09 15:10:51-08:00,jennifer91,zmullins,54,1723661357,Asking
2023-11-09 19:00:00-08:00,2023-11-09 18:55:36-08:00,margaretbriggs,zmullins,54,1388817002,Directing
2023-11-09 19:00:00-08:00,2023-11-09 18:55:36-08:00,margaretbriggs,zmullins,54,1388817002,Criticizing
2023-11-09 19:00:00-08:00,2023-11-09 18:56:03-08:00,margaretbriggs,zmullins,54,1388817205,Suggesting
2023-11-09 19:00:00-08:00,2023-11-09 18:56:59-08:00,margaretbriggs,zmullins,54,1388817707,Directing
2023-11-09 19:00:00-08:00,2023-11-09 18:56:59-08:00,margaretbriggs,zmullins,54,1388817707,Explaining
2023-11-09 19:00:00-08:00,2023-11-09 19:00:00-08:00,margaretbriggs,zmullins,54,1723861399,Empty
2023-11-10 02:16:54-08:00,2023-11-10 02:16:54-08:00,zmullins,zmullins,54,1389205334,Asking
2023-11-10 02:16:54-08:00,2023-11-10 02:16:54-08:00,zmullins,zmullins,54,1389205334,Asking
2023-11-10 02:16:54-08:00,2023-11-10 02:16:54-08:00,zmullins,zmullins,54,1389205334,Asking
2023-11-10 02:16:54-08:00,2023-11-10 02:16:54-08:00,zmullins,zmullins,54,1389205334,Asking
2023-11-10 02:16:54-08:00,2023-11-10 02:16:54-08:00,zmullins,zmullins,54,1389205334,Asking
2023-11-10 02:16:54-08:00,2023-11-10 02:16:54-08:00,zmullins,zmullins,54,1389205334,Updating
2023-11-10 02:16:54-08:00,2023-11-10 02:16:54-08:00,zmullins,zmullins,54,1389205334,Explaining
2023-11-10 02:16:54-08:00,2023-11-10 02:16:54-08:00,zmullins,zmullins,54,1724474390,Empty
2023-11-10 08:33:39-08:00,2023-11-10 08:33:38-08:00,zmullins,zmullins,54,1389628445,Updating
2023-11-10 08:33:39-08:00,2023-11-10 08:33:39-08:00,zmullins,zmullins,54,1725159446,Empty
2023-11-10 08:33:53-08:00,2023-11-10 08:33:52-08:00,zmullins,zmullins,54,1389628656,Updating
2023-11-10 08:33:53-08:00,2023-11-10 08:33:53-08:00,zmullins,zmullins,54,1725159824,Empty
2023-11-10 08:39:11-08:00,2023-11-10 08:39:11-08:00,zmullins,zmullins,54,1725168933,Disagreeing
2023-11-10 15:46:28-08:00,2023-11-10 15:46:28-08:00,margaretbriggs,zmullins,54,1725811442,Empty
2023-11-10 20:40:19-08:00,2023-11-10 20:40:19-08:00,jennifer91,zmullins,54,1725934423,Approving
2023-11-09 20:24:36-08:00,2023-11-09 19:50:37-08:00,margaretbriggs,jennifer91,55,1388846923,Asking
2023-11-09 20:24:36-08:00,2023-11-09 19:51:15-08:00,margaretbriggs,jennifer91,55,1388847127,Directing
2023-11-09 20:24:36-08:00,2023-11-09 20:24:36-08:00,margaretbriggs,jennifer91,55,1723908969,Empty
2023-11-10 08:47:25-08:00,2023-11-10 08:47:25-08:00,zmullins,jennifer91,55,1725180865,Criticizing
2023-11-10 08:47:25-08:00,2023-11-10 08:47:25-08:00,zmullins,jennifer91,55,1725180865,Asking
2023-11-10 08:47:25-08:00,2023-11-10 08:47:25-08:00,zmullins,jennifer91,55,1725180865,Suggesting
2023-11-10 21:07:43-08:00,2023-11-10 21:07:43-08:00,margaretbriggs,jennifer91,55,1725946393,Empty
2023-11-10 23:40:00-08:00,2023-11-10 23:40:00-08:00,jennifer91,zmullins,57,1725997363,Agreeing
2023-11-10 23:40:00-08:00,2023-11-10 23:40:00-08:00,jennifer91,zmullins,57,1725997363,Updating
2023-11-10 23:58:14-08:00,2023-11-10 23:57:54-08:00,margaretbriggs,zmullins,57,1390170959,Asking
2023-11-10 23:58:14-08:00,2023-11-10 23:58:01-08:00,margaretbriggs,zmullins,57,1390170982,Asking
2023-11-10 23:58:14-08:00,2023-11-10 23:58:14-08:00,margaretbriggs,zmullins,57,1726000613,Empty
2023-11-11 13:07:55-08:00,2023-11-11 13:07:50-08:00,margaretbriggs,zmullins,57,1390286325,Criticizing
2023-11-11 13:07:55-08:00,2023-11-11 13:07:50-08:00,margaretbriggs,zmullins,57,1390286325,Directing
2023-11-11 13:07:55-08:00,2023-11-11 13:07:55-08:00,margaretbriggs,zmullins,57,1726126544,Empty
2023-11-11 15:11:08-08:00,2023-11-11 15:11:08-08:00,margaretbriggs,zmullins,57,1726138657,Empty
2023-11-12 05:54:52-08:00,2023-11-12 05:54:52-08:00,margaretbriggs,colleenortiz,58,1726262593,Empty
2023-11-12 11:27:15-08:00,2023-11-12 11:27:15-08:00,suzanneburke,colleenortiz,58,1726310711,Updating
2023-11-12 11:27:15-08:00,2023-11-12 11:27:15-08:00,suzanneburke,colleenortiz,58,1726310711,Updating
2023-11-12 20:12:52-08:00,2023-11-12 20:12:52-08:00,margaretbriggs,colleenortiz,59,1726522219,Approving
2023-11-12 20:02:35-08:00,2023-11-12 20:02:35-08:00,margaretbriggs,jennifer91,62,1726517212,Updating
2023-11-12 20:02:35-08:00,2023-11-12 20:02:35-08:00,margaretbriggs,jennifer91,62,1726517212,Updating
2023-11-12 21:02:20-08:00,2023-11-12 20:40:37-08:00,colleenortiz,jennifer91,62,1390619406,Approving
2023-11-12 21:02:20-08:00,2023-11-12 20:40:37-08:00,colleenortiz,jennifer91,62,1390619406,Criticizing
2023-11-12 21:02:20-08:00,2023-11-12 20:40:37-08:00,colleenortiz,jennifer91,62,1390619406,Directing
2023-11-12 21:02:20-08:00,2023-11-12 20:42:12-08:00,colleenortiz,jennifer91,62,1390620016,Asking
2023-11-12 21:02:20-08:00,2023-11-12 20:42:12-08:00,colleenortiz,jennifer91,62,1390620016,Directing
2023-11-12 21:02:20-08:00,2023-11-12 20:46:52-08:00,colleenortiz,jennifer91,62,1390621622,Directing
2023-11-12 21:02:20-08:00,2023-11-12 20:50:05-08:00,colleenortiz,jennifer91,62,1390622789,Updating
2023-11-12 21:02:20-08:00,2023-11-12 20:50:05-08:00,colleenortiz,jennifer91,62,1390622789,Asking
2023-11-12 21:02:20-08:00,2023-11-12 20:50:33-08:00,colleenortiz,jennifer91,62,1390622967,Criticizing
2023-11-12 21:02:20-08:00,2023-11-12 20:50:33-08:00,colleenortiz,jennifer91,62,1390622967,Approving
2023-11-12 21:02:20-08:00,2023-11-12 20:53:29-08:00,colleenortiz,jennifer91,62,1390624099,Criticizing
2023-11-12 21:02:20-08:00,2023-11-12 20:54:35-08:00,colleenortiz,jennifer91,62,1390624522,Criticizing
2023-11-12 21:02:20-08:00,2023-11-12 20:54:35-08:00,colleenortiz,jennifer91,62,1390624522,Updating
2023-11-12 21:02:20-08:00,2023-11-12 20:54:35-08:00,colleenortiz,jennifer91,62,1390624522,Directing
2023-11-12 21:02:20-08:00,2023-11-12 20:58:44-08:00,colleenortiz,jennifer91,62,1390626032,Directing
2023-11-12 21:02:20-08:00,2023-11-12 21:02:20-08:00,colleenortiz,jennifer91,62,1726538751,Approving
2023-11-12 21:02:20-08:00,2023-11-12 21:02:20-08:00,colleenortiz,jennifer91,62,1726538751,Complimenting
2023-11-12 21:02:20-08:00,2023-11-12 21:02:20-08:00,colleenortiz,jennifer91,62,1726538751,Criticizing
2023-11-12 21:02:20-08:00,2023-11-12 21:02:20-08:00,colleenortiz,jennifer91,62,1726538751,Criticizing
2023-11-12 21:02:20-08:00,2023-11-12 21:02:20-08:00,colleenortiz,jennifer91,62,1726538751,Criticizing
2023-11-12 21:12:09-08:00,2023-11-12 21:11:59-08:00,colleenortiz,jennifer91,62,1390630985,Directing
2023-11-12 21:12:09-08:00,2023-11-12 21:12:09-08:00,colleenortiz,jennifer91,62,1726556856,Empty
2023-11-12 21:38:01-08:00,2023-11-12 21:38:01-08:00,jennifer91,jennifer91,62,1390641605,Explaining
2023-11-12 21:38:01-08:00,2023-11-12 21:38:01-08:00,jennifer91,jennifer91,62,1390641605,Updating
2023-11-12 21:38:01-08:00,2023-11-12 21:38:01-08:00,jennifer91,jennifer91,62,1726572550,Empty
2023-11-12 22:03:11-08:00,2023-11-12 22:03:11-08:00,jennifer91,jennifer91,62,1726589616,Empty
2023-11-12 22:03:11-08:00,2023-11-12 22:03:11-08:00,jennifer91,jennifer91,62,1390653235,Directing
2023-11-12 20:32:13-08:00,2023-11-12 20:32:12-08:00,jennifer91,margaretbriggs,63,1390616535,Updating
2023-11-12 20:32:13-08:00,2023-11-12 20:32:13-08:00,jennifer91,margaretbriggs,63,1726534457,Empty
2023-11-12 20:33:49-08:00,2023-11-12 20:33:49-08:00,jennifer91,margaretbriggs,63,1726535321,Approving
2023-11-12 20:33:49-08:00,2023-11-12 20:33:49-08:00,jennifer91,margaretbriggs,63,1726535321,Updating
2023-11-12 20:33:49-08:00,2023-11-12 20:33:49-08:00,jennifer91,margaretbriggs,63,1726535321,Updating
2023-11-12 20:33:49-08:00,2023-11-12 20:33:49-08:00,jennifer91,margaretbriggs,63,1726535321,Directing
2023-11-12 21:30:18-08:00,2023-11-12 21:05:39-08:00,colleenortiz,margaretbriggs,63,1390628533,Directing
2023-11-12 21:30:18-08:00,2023-11-12 21:05:39-08:00,colleenortiz,margaretbriggs,63,1390628533,Updating
2023-11-12 21:30:18-08:00,2023-11-12 21:05:39-08:00,colleenortiz,margaretbriggs,63,1390628533,Updating
2023-11-12 21:30:18-08:00,2023-11-12 21:07:37-08:00,colleenortiz,margaretbriggs,63,1390629185,Criticizing
2023-11-12 21:30:18-08:00,2023-11-12 21:07:37-08:00,colleenortiz,margaretbriggs,63,1390629185,Directing
2023-11-12 21:30:18-08:00,2023-11-12 21:11:29-08:00,colleenortiz,margaretbriggs,63,1390630759,Directing
2023-11-12 21:30:18-08:00,2023-11-12 21:11:29-08:00,colleenortiz,margaretbriggs,63,1390630759,Criticizing
2023-11-12 21:30:18-08:00,2023-11-12 21:11:29-08:00,colleenortiz,margaretbriggs,63,1390630759,Approving
2023-11-12 21:30:18-08:00,2023-11-12 21:14:38-08:00,colleenortiz,margaretbriggs,63,1390631990,Directing
2023-11-12 21:30:18-08:00,2023-11-12 21:16:01-08:00,colleenortiz,margaretbriggs,63,1390632516,Criticizing
2023-11-12 21:30:18-08:00,2023-11-12 21:16:01-08:00,colleenortiz,margaretbriggs,63,1390632516,Explaining
2023-11-12 21:30:18-08:00,2023-11-12 21:25:29-08:00,colleenortiz,margaretbriggs,63,1390636406,Criticizing
2023-11-12 21:30:18-08:00,2023-11-12 21:25:29-08:00,colleenortiz,margaretbriggs,63,1390636406,Explaining
2023-11-12 21:30:18-08:00,2023-11-12 21:26:58-08:00,colleenortiz,margaretbriggs,63,1390637002,Criticizing
2023-11-12 21:30:18-08:00,2023-11-12 21:26:58-08:00,colleenortiz,margaretbriggs,63,1390637002,Directing
2023-11-12 21:30:18-08:00,2023-11-12 21:29:13-08:00,colleenortiz,margaretbriggs,63,1390637918,Explaining
2023-11-12 21:30:18-08:00,2023-11-12 21:29:13-08:00,colleenortiz,margaretbriggs,63,1390637918,Directing
2023-11-12 21:30:18-08:00,2023-11-12 21:30:18-08:00,colleenortiz,margaretbriggs,63,1726553076,Approving
2023-11-12 21:30:18-08:00,2023-11-12 21:30:18-08:00,colleenortiz,margaretbriggs,63,1726553076,Criticizing
2023-11-12 21:30:18-08:00,2023-11-12 21:30:18-08:00,colleenortiz,margaretbriggs,63,1726553076,Asking
2023-11-12 21:42:17-08:00,2023-11-12 21:42:17-08:00,colleenortiz,margaretbriggs,63,1726575171,Empty
2023-11-12 21:42:34-08:00,2023-11-12 21:42:17-08:00,colleenortiz,margaretbriggs,63,1390643449,Criticizing
2023-11-12 23:32:29-08:00,2023-11-12 23:32:29-08:00,margaretbriggs,margaretbriggs,63,1726666963,Empty
2023-11-12 23:32:29-08:00,2023-11-12 23:32:29-08:00,margaretbriggs,margaretbriggs,63,1390702746,Criticizing
2023-11-13 11:29:35-08:00,2023-11-13 11:29:35-08:00,colleenortiz,margaretbriggs,63,1728100123,Empty
2023-11-13 11:29:35-08:00,2023-11-13 11:29:35-08:00,colleenortiz,margaretbriggs,63,1391592798,Asking
2023-11-13 11:29:35-08:00,2023-11-13 11:29:35-08:00,colleenortiz,margaretbriggs,63,1391592798,Updating
2023-11-13 11:29:35-08:00,2023-11-13 11:29:35-08:00,colleenortiz,margaretbriggs,63,1391592798,Directing
2023-11-13 11:29:35-08:00,2023-11-13 11:29:35-08:00,colleenortiz,margaretbriggs,63,1391592798,Suggesting
2023-11-14 02:12:20-08:00,2023-11-14 02:12:20-08:00,jennifer91,margaretbriggs,63,1729379283,Empty
2023-11-14 02:12:20-08:00,2023-11-14 02:12:20-08:00,jennifer91,margaretbriggs,63,1392334883,Agreeing
2023-11-19 14:43:02-08:00,2023-11-19 14:36:46-08:00,colleenortiz,margaretbriggs,63,1398508591,Criticizing
2023-11-19 14:43:02-08:00,2023-11-19 14:36:46-08:00,colleenortiz,margaretbriggs,63,1398508591,Explaining
2023-11-19 14:43:02-08:00,2023-11-19 14:36:46-08:00,colleenortiz,margaretbriggs,63,1398508591,Directing
2023-11-19 14:43:02-08:00,2023-11-19 14:37:43-08:00,colleenortiz,margaretbriggs,63,1398508713,Explaining
2023-11-19 14:43:02-08:00,2023-11-19 14:37:43-08:00,colleenortiz,margaretbriggs,63,1398508713,Directing
2023-11-19 14:43:02-08:00,2023-11-19 14:37:43-08:00,colleenortiz,margaretbriggs,63,1398508713,Directing
2023-11-19 14:43:02-08:00,2023-11-19 14:38:07-08:00,colleenortiz,margaretbriggs,63,1398508765,Asking
2023-11-19 14:43:02-08:00,2023-11-19 14:38:49-08:00,colleenortiz,margaretbriggs,63,1398508886,Updating
2023-11-19 14:43:02-08:00,2023-11-19 14:38:49-08:00,colleenortiz,margaretbriggs,63,1398508886,Directing
2023-11-19 14:43:02-08:00,2023-11-19 14:40:05-08:00,colleenortiz,margaretbriggs,63,1398509142,Approving
2023-11-19 14:43:02-08:00,2023-11-19 14:40:05-08:00,colleenortiz,margaretbriggs,63,1398509142,Directing
2023-11-19 14:43:02-08:00,2023-11-19 14:40:05-08:00,colleenortiz,margaretbriggs,63,1398509142,Explaining
2023-11-19 14:43:02-08:00,2023-11-19 14:43:02-08:00,colleenortiz,margaretbriggs,63,1738741904,Approving
2023-11-19 14:43:02-08:00,2023-11-19 14:43:02-08:00,colleenortiz,margaretbriggs,63,1738741904,Apologizing
2023-11-19 14:43:02-08:00,2023-11-19 14:43:02-08:00,colleenortiz,margaretbriggs,63,1738741904,Directing
2023-11-19 14:43:02-08:00,2023-11-19 14:43:02-08:00,colleenortiz,margaretbriggs,63,1738741904,Directing
2023-11-19 14:43:02-08:00,2023-11-19 14:43:02-08:00,colleenortiz,margaretbriggs,63,1738741904,Criticizing
2023-11-19 14:43:02-08:00,2023-11-19 14:43:02-08:00,colleenortiz,margaretbriggs,63,1738741904,Approving
2023-11-19 14:43:02-08:00,2023-11-19 14:43:02-08:00,colleenortiz,margaretbriggs,63,1738741904,Approving
2023-11-19 14:43:02-08:00,2023-11-19 14:43:02-08:00,colleenortiz,margaretbriggs,63,1738741904,Criticizing
2023-11-12 21:39:06-08:00,2023-11-12 21:38:01-08:00,colleenortiz,zmullins,68,1390641602,Directing
2023-11-12 21:39:06-08:00,2023-11-12 21:38:01-08:00,colleenortiz,zmullins,68,1390641602,Criticizing
2023-11-12 21:39:06-08:00,2023-11-12 21:38:01-08:00,colleenortiz,zmullins,68,1390641602,Directing
2023-11-12 21:39:06-08:00,2023-11-12 21:38:01-08:00,colleenortiz,zmullins,68,1390641602,Asking
2023-11-12 21:39:06-08:00,2023-11-12 21:39:06-08:00,colleenortiz,zmullins,68,1726572546,Approving
2023-11-12 21:39:06-08:00,2023-11-12 21:39:06-08:00,colleenortiz,zmullins,68,1726572546,Directing
2023-11-12 21:39:06-08:00,2023-11-12 21:39:06-08:00,colleenortiz,zmullins,68,1726572546,Updating
2023-11-14 14:21:14-08:00,2023-11-14 14:21:14-08:00,colleenortiz,zmullins,68,1730922461,Empty
2023-11-14 14:24:49-08:00,2023-11-14 14:21:14-08:00,colleenortiz,zmullins,68,1393380106,Criticizing
2023-11-14 14:24:49-08:00,2023-11-14 14:21:14-08:00,colleenortiz,zmullins,68,1393380106,Directing
2023-11-14 14:24:49-08:00,2023-11-14 14:21:14-08:00,colleenortiz,zmullins,68,1393380106,Directing
2023-11-14 14:24:49-08:00,2023-11-14 14:21:14-08:00,colleenortiz,zmullins,68,1393380106,Directing
2023-11-14 14:24:49-08:00,2023-11-14 14:21:14-08:00,colleenortiz,zmullins,68,1393380106,Directing
2023-11-14 14:24:49-08:00,2023-11-14 14:21:14-08:00,colleenortiz,zmullins,68,1393380106,Explaining
2023-11-14 14:24:49-08:00,2023-11-14 14:21:14-08:00,colleenortiz,zmullins,68,1393380106,Directing
2023-11-14 14:24:49-08:00,2023-11-14 14:21:14-08:00,colleenortiz,zmullins,68,1393380106,Directing
2023-11-14 14:24:49-08:00,2023-11-14 14:21:14-08:00,colleenortiz,zmullins,68,1393380106,Directing
2023-11-14 14:24:49-08:00,2023-11-14 14:21:14-08:00,colleenortiz,zmullins,68,1393380106,Directing
2023-11-14 14:24:49-08:00,2023-11-14 14:21:14-08:00,colleenortiz,zmullins,68,1393380106,Directing
2023-11-14 14:24:49-08:00,2023-11-14 14:21:14-08:00,colleenortiz,zmullins,68,1393380106,Directing
2023-11-14 14:24:49-08:00,2023-11-14 14:21:14-08:00,colleenortiz,zmullins,68,1393380106,Directing
2023-11-14 14:24:49-08:00,2023-11-14 14:21:14-08:00,colleenortiz,zmullins,68,1393380106,Explaining
2023-11-14 14:24:49-08:00,2023-11-14 14:21:14-08:00,colleenortiz,zmullins,68,1393380106,Explaining
2023-11-14 14:24:49-08:00,2023-11-14 14:21:14-08:00,colleenortiz,zmullins,68,1393380106,Explaining
2023-11-14 14:24:49-08:00,2023-11-14 14:21:14-08:00,colleenortiz,zmullins,68,1393380106,Explaining
2023-11-14 14:24:49-08:00,2023-11-14 14:21:14-08:00,colleenortiz,zmullins,68,1393380106,Explaining
2023-11-14 14:24:49-08:00,2023-11-14 14:21:14-08:00,colleenortiz,zmullins,68,1393380106,Explaining
2023-11-14 14:24:49-08:00,2023-11-14 14:21:14-08:00,colleenortiz,zmullins,68,1393380106,Explaining
2023-11-14 14:24:49-08:00,2023-11-14 14:21:14-08:00,colleenortiz,zmullins,68,1393380106,Directing
2023-11-14 14:24:49-08:00,2023-11-14 14:21:14-08:00,colleenortiz,zmullins,68,1393380106,Directing
2023-11-14 14:24:49-08:00,2023-11-14 14:21:14-08:00,colleenortiz,zmullins,68,1393380106,Directing
2023-11-14 14:24:49-08:00,2023-11-14 14:21:14-08:00,colleenortiz,zmullins,68,1393380106,Suggesting
2023-11-14 14:24:49-08:00,2023-11-14 14:21:14-08:00,colleenortiz,zmullins,68,1393380106,Directing
2023-11-16 14:26:23-08:00,2023-11-16 14:26:23-08:00,colleenortiz,zmullins,68,1735651727,Approving
2023-11-16 14:26:23-08:00,2023-11-16 14:26:23-08:00,colleenortiz,zmullins,68,1735651727,Directing
2023-11-14 02:10:17-08:00,2023-11-14 02:10:17-08:00,jennifer91,colleenortiz,69,1729375583,Criticizing
2023-11-14 02:10:17-08:00,2023-11-14 02:10:17-08:00,jennifer91,colleenortiz,69,1729375583,Asking
2023-11-14 02:10:17-08:00,2023-11-14 02:10:17-08:00,jennifer91,colleenortiz,69,1729375583,Asking
2023-11-16 14:22:42-08:00,2023-11-16 11:44:04-08:00,colleenortiz,suzanneburke,70,1396248465,Directing
2023-11-16 14:22:42-08:00,2023-11-16 11:44:04-08:00,colleenortiz,suzanneburke,70,1396248465,Directing
2023-11-16 14:22:42-08:00,2023-11-16 11:46:32-08:00,colleenortiz,suzanneburke,70,1396251089,Directing
2023-11-16 14:22:42-08:00,2023-11-16 11:47:42-08:00,colleenortiz,suzanneburke,70,1396252626,Criticizing
2023-11-16 14:22:42-08:00,2023-11-16 11:48:31-08:00,colleenortiz,suzanneburke,70,1396253479,Criticizing
2023-11-16 14:22:42-08:00,2023-11-16 12:00:51-08:00,colleenortiz,suzanneburke,70,1396266267,Complimenting
2023-11-16 14:22:42-08:00,2023-11-16 12:00:51-08:00,colleenortiz,suzanneburke,70,1396266267,Criticizing
2023-11-16 14:22:42-08:00,2023-11-16 12:00:51-08:00,colleenortiz,suzanneburke,70,1396266267,Criticizing
2023-11-16 14:22:42-08:00,2023-11-16 12:00:51-08:00,colleenortiz,suzanneburke,70,1396266267,Directing
2023-11-16 14:22:42-08:00,2023-11-16 12:00:51-08:00,colleenortiz,suzanneburke,70,1396266267,Explaining
2023-11-16 14:22:42-08:00,2023-11-16 14:22:42-08:00,colleenortiz,suzanneburke,70,1735316492,Approving
2023-11-16 14:22:42-08:00,2023-11-16 14:22:42-08:00,colleenortiz,suzanneburke,70,1735316492,Criticizing
2023-11-17 13:44:33-08:00,2023-11-17 13:44:33-08:00,suzanneburke,suzanneburke,70,1737980615,Empty
2023-11-17 13:44:34-08:00,2023-11-17 13:44:33-08:00,suzanneburke,suzanneburke,70,1397916580,Thanking
2023-11-17 13:44:34-08:00,2023-11-17 13:44:33-08:00,suzanneburke,suzanneburke,70,1397916580,Updating
2023-11-16 12:08:57-08:00,2023-11-16 12:08:57-08:00,margaretbriggs,jennifer91,74,1735360648,Approving
2023-11-16 12:08:57-08:00,2023-11-16 12:08:57-08:00,margaretbriggs,jennifer91,74,1735360648,Updating
2023-11-16 21:32:53-08:00,2023-11-16 21:25:56-08:00,colleenortiz,jennifer91,74,1396719368,Directing
2023-11-16 21:32:53-08:00,2023-11-16 21:26:12-08:00,colleenortiz,jennifer91,74,1396719507,Directing
2023-11-16 21:32:53-08:00,2023-11-16 21:26:43-08:00,colleenortiz,jennifer91,74,1396719772,Directing
2023-11-16 21:32:53-08:00,2023-11-16 21:26:43-08:00,colleenortiz,jennifer91,74,1396719772,Updating
2023-11-16 21:32:53-08:00,2023-11-16 21:31:15-08:00,colleenortiz,jennifer91,74,1396722103,Approving
2023-11-16 21:32:53-08:00,2023-11-16 21:31:15-08:00,colleenortiz,jennifer91,74,1396722103,Directing
2023-11-16 21:32:53-08:00,2023-11-16 21:31:15-08:00,colleenortiz,jennifer91,74,1396722103,Explaining
2023-11-16 21:32:53-08:00,2023-11-16 21:31:15-08:00,colleenortiz,jennifer91,74,1396722103,Directing
2023-11-16 21:32:53-08:00,2023-11-16 21:31:15-08:00,colleenortiz,jennifer91,74,1396722103,Updating
2023-11-16 21:32:53-08:00,2023-11-16 21:32:53-08:00,colleenortiz,jennifer91,74,1736065087,Criticizing
2023-11-16 21:32:53-08:00,2023-11-16 21:32:53-08:00,colleenortiz,jennifer91,74,1736065087,Updating
2023-11-16 21:32:53-08:00,2023-11-16 21:32:53-08:00,colleenortiz,jennifer91,74,1736065087,Approving
2023-11-16 21:32:53-08:00,2023-11-16 21:32:53-08:00,colleenortiz,jennifer91,74,1736065087,Approving
2023-11-18 04:25:17-08:00,2023-11-18 04:25:17-08:00,jennifer91,jennifer91,74,1738392739,Empty
2023-11-18 04:25:17-08:00,2023-11-18 04:25:17-08:00,jennifer91,jennifer91,74,1398200401,Agreeing
2023-11-18 04:25:17-08:00,2023-11-18 04:25:17-08:00,jennifer91,jennifer91,74,1398200401,Disagreeing
2023-11-18 04:25:17-08:00,2023-11-18 04:25:17-08:00,jennifer91,jennifer91,74,1398200401,Asking
2023-11-16 21:21:40-08:00,2023-11-16 21:21:12-08:00,colleenortiz,zmullins,76,1396717078,Directing
2023-11-16 21:21:40-08:00,2023-11-16 21:21:40-08:00,colleenortiz,zmullins,76,1736061761,Approving
2023-11-23 19:18:30-08:00,2023-11-23 18:55:49-08:00,zmullins,colleenortiz,80,1403854454,Criticizing
2023-11-23 19:18:30-08:00,2023-11-23 18:56:37-08:00,zmullins,colleenortiz,80,1403855833,Criticizing
2023-11-23 19:18:30-08:00,2023-11-23 18:56:37-08:00,zmullins,colleenortiz,80,1403855833,Directing
2023-11-23 19:18:30-08:00,2023-11-23 18:57:12-08:00,zmullins,colleenortiz,80,1403856994,Directing
2023-11-23 19:18:30-08:00,2023-11-23 18:57:30-08:00,zmullins,colleenortiz,80,1403857455,Criticizing
2023-11-23 19:18:30-08:00,2023-11-23 18:58:10-08:00,zmullins,colleenortiz,80,1403858811,Directing
2023-11-23 19:18:30-08:00,2023-11-23 18:59:03-08:00,zmullins,colleenortiz,80,1403861218,Criticizing
2023-11-23 19:18:30-08:00,2023-11-23 19:00:38-08:00,zmullins,colleenortiz,80,1403869616,Directing
2023-11-23 19:18:30-08:00,2023-11-23 19:02:34-08:00,zmullins,colleenortiz,80,1403880536,Directing
2023-11-23 19:18:30-08:00,2023-11-23 19:02:34-08:00,zmullins,colleenortiz,80,1403880536,Directing
2023-11-23 19:18:30-08:00,2023-11-23 19:15:38-08:00,zmullins,colleenortiz,80,1403902573,Criticizing
2023-11-23 19:18:30-08:00,2023-11-23 19:16:03-08:00,zmullins,colleenortiz,80,1403902691,Directing
2023-11-23 19:18:30-08:00,2023-11-23 19:18:30-08:00,zmullins,colleenortiz,80,1747197939,Approving
2023-11-23 19:18:30-08:00,2023-11-23 19:18:30-08:00,zmullins,colleenortiz,80,1747197939,Criticizing
2023-11-23 19:27:56-08:00,2023-11-23 19:27:56-08:00,jennifer91,colleenortiz,80,1747257845,Empty
2023-11-23 19:28:23-08:00,2023-11-23 19:27:56-08:00,jennifer91,colleenortiz,80,1403906511,Directing
2023-11-23 19:59:25-08:00,2023-11-23 19:28:55-08:00,jennifer91,colleenortiz,80,1403906776,Criticizing
2023-11-23 19:59:25-08:00,2023-11-23 19:31:25-08:00,jennifer91,colleenortiz,80,1403907565,Criticizing
2023-11-23 19:59:25-08:00,2023-11-23 19:33:29-08:00,jennifer91,colleenortiz,80,1403908276,Directing
2023-11-23 19:59:25-08:00,2023-11-23 19:40:44-08:00,jennifer91,colleenortiz,80,1403910542,Criticizing
2023-11-23 19:59:25-08:00,2023-11-23 19:40:44-08:00,jennifer91,colleenortiz,80,1403910542,Suggesting
2023-11-23 19:59:25-08:00,2023-11-23 19:45:15-08:00,jennifer91,colleenortiz,80,1403911907,Criticizing
2023-11-23 19:59:25-08:00,2023-11-23 19:46:12-08:00,jennifer91,colleenortiz,80,1403912167,Directing
2023-11-23 19:59:25-08:00,2023-11-23 19:47:51-08:00,jennifer91,colleenortiz,80,1403912754,Criticizing
2023-11-23 19:59:25-08:00,2023-11-23 19:50:18-08:00,jennifer91,colleenortiz,80,1403913561,Directing
2023-11-23 19:59:25-08:00,2023-11-23 19:50:18-08:00,jennifer91,colleenortiz,80,1403913561,Explaining
2023-11-23 19:59:25-08:00,2023-11-23 19:59:25-08:00,jennifer91,colleenortiz,80,1747258287,Updating
2023-11-23 19:59:25-08:00,2023-11-23 19:59:25-08:00,jennifer91,colleenortiz,80,1747258287,Criticizing
2023-11-23 19:59:25-08:00,2023-11-23 19:59:25-08:00,jennifer91,colleenortiz,80,1747258287,Agreeing
2023-11-23 19:59:25-08:00,2023-11-23 19:59:25-08:00,jennifer91,colleenortiz,80,1747258287,Directing
2023-11-23 21:11:37-08:00,2023-11-23 21:11:36-08:00,colleenortiz,colleenortiz,80,1403945611,Agreeing
2023-11-23 21:11:37-08:00,2023-11-23 21:11:36-08:00,colleenortiz,colleenortiz,80,1403945611,Directing
2023-11-23 21:11:37-08:00,2023-11-23 21:11:37-08:00,colleenortiz,colleenortiz,80,1747316865,Empty
2023-11-24 11:57:33-08:00,2023-11-24 11:57:33-08:00,jennifer91,colleenortiz,80,1404622189,Agreeing
2023-11-24 11:57:33-08:00,2023-11-24 11:57:33-08:00,jennifer91,colleenortiz,80,1748389438,Empty
2023-11-28 23:35:13-08:00,2023-11-28 23:35:13-08:00,jennifer91,colleenortiz,80,1754611954,Empty
2024-04-08 18:52:13-07:00,2024-04-08 18:52:13-07:00,jennifer91,colleenortiz,80,1987969586,Updating
2024-04-08 20:30:52-07:00,2024-04-08 20:30:52-07:00,suzanneburke,colleenortiz,80,1988042491,Approving
2024-04-08 22:13:16-07:00,2023-12-02 11:12:01-08:00,zmullins,colleenortiz,80,1412855777,Asking
2024-04-08 22:13:16-07:00,2024-04-08 22:13:16-07:00,zmullins,colleenortiz,80,1760941198,Updating
2024-04-08 22:13:16-07:00,2024-04-08 22:13:16-07:00,zmullins,colleenortiz,80,1760941198,Approving
2023-11-22 19:25:41-08:00,2023-11-22 19:03:23-08:00,colleenortiz,margaretbriggs,81,1402876231,Directing
2023-11-22 19:25:41-08:00,2023-11-22 19:03:23-08:00,colleenortiz,margaretbriggs,81,1402876231,Directing
2023-11-22 19:25:41-08:00,2023-11-22 19:03:23-08:00,colleenortiz,margaretbriggs,81,1402876231,Directing
2023-11-22 19:25:41-08:00,2023-11-22 19:06:41-08:00,colleenortiz,margaretbriggs,81,1402877191,Directing
2023-11-22 19:25:41-08:00,2023-11-22 19:08:37-08:00,colleenortiz,margaretbriggs,81,1402877826,Directing
2023-11-22 19:25:41-08:00,2023-11-22 19:08:37-08:00,colleenortiz,margaretbriggs,81,1402877826,Directing
2023-11-22 19:25:41-08:00,2023-11-22 19:08:37-08:00,colleenortiz,margaretbriggs,81,1402877826,Directing
2023-11-22 19:25:41-08:00,2023-11-22 19:12:00-08:00,colleenortiz,margaretbriggs,81,1402878996,Directing
2023-11-22 19:25:41-08:00,2023-11-22 19:12:00-08:00,colleenortiz,margaretbriggs,81,1402878996,Suggesting
2023-11-22 19:25:41-08:00,2023-11-22 19:12:00-08:00,colleenortiz,margaretbriggs,81,1402878996,Updating
2023-11-22 19:25:41-08:00,2023-11-22 19:12:00-08:00,colleenortiz,margaretbriggs,81,1402878996,Directing
2023-11-22 19:25:41-08:00,2023-11-22 19:12:00-08:00,colleenortiz,margaretbriggs,81,1402878996,Directing
2023-11-22 19:25:41-08:00,2023-11-22 19:13:43-08:00,colleenortiz,margaretbriggs,81,1402880517,Asking
2023-11-22 19:25:41-08:00,2023-11-22 19:13:43-08:00,colleenortiz,margaretbriggs,81,1402880517,Directing
2023-11-22 19:25:41-08:00,2023-11-22 19:14:22-08:00,colleenortiz,margaretbriggs,81,1402880925,Criticizing
2023-11-22 19:25:41-08:00,2023-11-22 19:25:41-08:00,colleenortiz,margaretbriggs,81,1745638210,Updating
2023-11-22 19:25:41-08:00,2023-11-22 19:25:41-08:00,colleenortiz,margaretbriggs,81,1745638210,Criticizing
2023-11-22 19:25:41-08:00,2023-11-22 19:25:41-08:00,colleenortiz,margaretbriggs,81,1745638210,Directing
2023-11-22 19:25:41-08:00,2023-11-22 19:25:41-08:00,colleenortiz,margaretbriggs,81,1745638210,Explaining
2023-11-22 19:27:10-08:00,2023-11-22 18:59:37-08:00,colleenortiz,margaretbriggs,81,1402874876,Directing
2023-11-22 19:27:10-08:00,2023-11-22 18:59:37-08:00,colleenortiz,margaretbriggs,81,1402874876,Explaining
2023-11-22 19:27:10-08:00,2023-11-22 18:59:37-08:00,colleenortiz,margaretbriggs,81,1402874876,Directing
2023-11-22 19:27:10-08:00,2023-11-22 18:59:37-08:00,colleenortiz,margaretbriggs,81,1402874876,Explaining
2023-11-22 19:27:10-08:00,2023-11-22 18:59:37-08:00,colleenortiz,margaretbriggs,81,1402874876,Directing
2023-11-22 19:27:10-08:00,2023-11-22 18:59:37-08:00,colleenortiz,margaretbriggs,81,1402874876,Directing
2023-11-22 19:27:10-08:00,2023-11-22 18:59:37-08:00,colleenortiz,margaretbriggs,81,1402874876,Criticizing
2023-11-22 19:27:10-08:00,2023-11-22 18:59:37-08:00,colleenortiz,margaretbriggs,81,1402874876,Directing
2023-11-22 19:27:10-08:00,2023-11-22 18:59:37-08:00,colleenortiz,margaretbriggs,81,1402874876,Directing
2023-11-22 19:27:10-08:00,2023-11-22 18:59:37-08:00,colleenortiz,margaretbriggs,81,1402874876,Directing
2023-11-22 19:27:10-08:00,2023-11-22 18:59:37-08:00,colleenortiz,margaretbriggs,81,1402874876,Suggesting
2023-11-22 19:27:10-08:00,2023-11-22 18:59:37-08:00,colleenortiz,margaretbriggs,81,1402874876,Directing
2023-11-22 19:27:10-08:00,2023-11-22 18:59:37-08:00,colleenortiz,margaretbriggs,81,1402874876,Criticizing
2023-11-22 19:27:10-08:00,2023-11-22 18:59:37-08:00,colleenortiz,margaretbriggs,81,1402874876,Directing
2023-11-22 19:27:10-08:00,2023-11-22 18:59:37-08:00,colleenortiz,margaretbriggs,81,1402874876,Directing
2023-11-22 19:27:10-08:00,2023-11-22 18:59:37-08:00,colleenortiz,margaretbriggs,81,1402874876,Criticizing
2023-11-22 19:27:10-08:00,2023-11-22 18:59:37-08:00,colleenortiz,margaretbriggs,81,1402874876,Directing
2023-11-22 19:27:10-08:00,2023-11-22 18:59:37-08:00,colleenortiz,margaretbriggs,81,1402874876,Directing
2023-11-22 19:27:10-08:00,2023-11-22 18:59:37-08:00,colleenortiz,margaretbriggs,81,1402874876,Directing
2023-11-23 02:16:50-08:00,2023-11-23 02:16:49-08:00,margaretbriggs,margaretbriggs,81,1403175076,Directing
2023-11-23 02:16:50-08:00,2023-11-23 02:16:50-08:00,margaretbriggs,margaretbriggs,81,1746126415,Empty
2023-11-26 21:23:43-08:00,2023-11-26 21:23:43-08:00,zmullins,margaretbriggs,81,1749623141,Approving
2023-12-02 20:54:07-08:00,2023-11-30 23:12:01-08:00,colleenortiz,margaretbriggs,81,1411698223,Directing
2023-12-02 20:54:07-08:00,2023-11-30 23:12:01-08:00,colleenortiz,margaretbriggs,81,1411698223,Criticizing
2023-12-02 20:54:07-08:00,2023-11-30 23:12:01-08:00,colleenortiz,margaretbriggs,81,1411698223,Directing
2023-12-02 20:54:07-08:00,2023-11-30 23:13:19-08:00,colleenortiz,margaretbriggs,81,1411701782,Directing
2023-12-02 20:54:07-08:00,2023-11-30 23:13:19-08:00,colleenortiz,margaretbriggs,81,1411701782,Explaining
2023-12-02 20:54:07-08:00,2023-11-30 23:16:30-08:00,colleenortiz,margaretbriggs,81,1411704453,Directing
2023-12-02 20:54:07-08:00,2023-11-30 23:16:30-08:00,colleenortiz,margaretbriggs,81,1411704453,Directing
2023-12-02 20:54:07-08:00,2023-11-30 23:16:30-08:00,colleenortiz,margaretbriggs,81,1411704453,Explaining
2023-12-02 20:54:07-08:00,2023-12-02 20:54:07-08:00,colleenortiz,margaretbriggs,81,1759155580,Criticizing
2023-12-02 20:54:07-08:00,2023-12-02 20:54:07-08:00,colleenortiz,margaretbriggs,81,1759155580,Directing
2023-12-02 20:54:07-08:00,2023-12-02 20:54:07-08:00,colleenortiz,margaretbriggs,81,1759155580,Criticizing
2023-11-26 16:10:44-08:00,2023-11-26 16:10:35-08:00,margaretbriggs,zmullins,91,1405515758,Criticizing
2023-11-26 16:10:44-08:00,2023-11-26 16:10:44-08:00,margaretbriggs,zmullins,91,1749457487,Empty
2023-11-26 23:25:02-08:00,2023-11-26 23:25:02-08:00,jennifer91,zmullins,91,1749782855,Approving
2023-11-26 23:25:02-08:00,2023-11-26 23:25:02-08:00,jennifer91,zmullins,91,1749782855,Agreeing
2023-11-26 23:25:02-08:00,2023-11-26 23:25:02-08:00,jennifer91,zmullins,91,1749782855,Criticizing
2023-11-26 23:25:02-08:00,2023-11-26 23:25:02-08:00,jennifer91,zmullins,91,1749782855,Suggesting
2023-11-26 23:25:02-08:00,2023-11-26 23:25:02-08:00,jennifer91,zmullins,91,1749782855,Criticizing
2023-11-26 23:25:02-08:00,2023-11-26 23:25:02-08:00,jennifer91,zmullins,91,1749782855,Directing
2023-11-26 23:25:02-08:00,2023-11-26 23:25:02-08:00,jennifer91,zmullins,91,1749782855,Criticizing
2023-11-26 23:25:02-08:00,2023-11-26 23:25:02-08:00,jennifer91,zmullins,91,1749782855,Directing
2023-11-26 23:25:02-08:00,2023-11-26 23:25:02-08:00,jennifer91,zmullins,91,1749782855,Updating
2023-11-26 23:25:02-08:00,2023-11-26 23:25:02-08:00,jennifer91,zmullins,91,1749782855,Updating
2023-11-27 14:45:37-08:00,2023-11-27 14:45:37-08:00,margaretbriggs,zmullins,91,1751554913,Updating
2023-11-27 14:45:37-08:00,2023-11-27 14:45:37-08:00,margaretbriggs,zmullins,91,1751554913,Criticizing
2023-11-27 14:45:37-08:00,2023-11-27 14:45:37-08:00,margaretbriggs,zmullins,91,1751554913,Updating
2023-11-27 14:40:00-08:00,2023-11-26 17:20:25-08:00,colleenortiz,suzanneburke,92,1405533381,Directing
2023-11-27 14:40:00-08:00,2023-11-26 17:20:56-08:00,colleenortiz,suzanneburke,92,1405533514,Directing
2023-11-27 14:40:00-08:00,2023-11-26 17:20:56-08:00,colleenortiz,suzanneburke,92,1405533514,Explaining
2023-11-27 14:40:00-08:00,2023-11-27 14:20:22-08:00,colleenortiz,suzanneburke,92,1406831031,Asking
2023-11-27 14:40:00-08:00,2023-11-27 14:21:07-08:00,colleenortiz,suzanneburke,92,1406831568,Directing
2023-11-27 14:40:00-08:00,2023-11-27 14:21:07-08:00,colleenortiz,suzanneburke,92,1406831568,Explaining
2023-11-27 14:40:00-08:00,2023-11-27 14:30:16-08:00,colleenortiz,suzanneburke,92,1406841430,Asking
2023-11-27 14:40:00-08:00,2023-11-27 14:30:16-08:00,colleenortiz,suzanneburke,92,1406841430,Criticizing
2023-11-27 14:40:00-08:00,2023-11-27 14:30:16-08:00,colleenortiz,suzanneburke,92,1406841430,Directing
2023-11-27 14:40:00-08:00,2023-11-27 14:30:16-08:00,colleenortiz,suzanneburke,92,1406841430,Directing
2023-11-27 14:40:00-08:00,2023-11-27 14:30:16-08:00,colleenortiz,suzanneburke,92,1406841430,Explaining
2023-11-27 14:40:00-08:00,2023-11-27 14:32:34-08:00,colleenortiz,suzanneburke,92,1406843235,Asking
2023-11-27 14:40:00-08:00,2023-11-27 14:33:55-08:00,colleenortiz,suzanneburke,92,1406846783,Criticizing
2023-11-27 14:40:00-08:00,2023-11-27 14:33:55-08:00,colleenortiz,suzanneburke,92,1406846783,Asking
2023-11-27 14:40:00-08:00,2023-11-27 14:33:55-08:00,colleenortiz,suzanneburke,92,1406846783,Explaining
2023-11-27 14:40:00-08:00,2023-11-27 14:37:26-08:00,colleenortiz,suzanneburke,92,1406853100,Directing
2023-11-27 14:40:00-08:00,2023-11-27 14:37:26-08:00,colleenortiz,suzanneburke,92,1406853100,Directing
2023-11-27 14:40:00-08:00,2023-11-27 14:38:52-08:00,colleenortiz,suzanneburke,92,1406854955,Approving
2023-11-27 14:40:00-08:00,2023-11-27 14:38:52-08:00,colleenortiz,suzanneburke,92,1406854955,Directing
2023-11-27 14:40:00-08:00,2023-11-27 14:39:15-08:00,colleenortiz,suzanneburke,92,1406855264,Directing
2023-11-27 14:40:00-08:00,2023-11-27 14:40:00-08:00,colleenortiz,suzanneburke,92,1749482856,Approving
2023-11-27 14:40:00-08:00,2023-11-27 14:40:00-08:00,colleenortiz,suzanneburke,92,1749482856,Criticizing
2023-12-02 09:47:47-08:00,2023-12-02 09:47:47-08:00,suzanneburke,suzanneburke,92,1412845664,Updating
2023-12-02 09:47:47-08:00,2023-12-02 09:47:47-08:00,suzanneburke,suzanneburke,92,1412845664,Updating
2023-12-02 09:47:47-08:00,2023-12-02 09:47:47-08:00,suzanneburke,suzanneburke,92,1760931960,Empty
2023-11-30 15:37:23-08:00,2023-11-30 15:04:36-08:00,zmullins,colleenortiz,96,1411394075,Directing
2023-11-30 15:37:23-08:00,2023-11-30 15:37:23-08:00,zmullins,colleenortiz,96,1758640281,Directing
2023-12-02 20:51:07-08:00,2023-12-02 20:51:07-08:00,colleenortiz,colleenortiz,96,1413002297,Updating
2023-12-02 20:51:07-08:00,2023-12-02 20:51:07-08:00,colleenortiz,colleenortiz,96,1413002297,Updating
2023-12-02 20:51:07-08:00,2023-12-02 20:51:07-08:00,colleenortiz,colleenortiz,96,1761136374,Empty
2024-01-17 17:50:21-08:00,2024-01-17 17:50:21-08:00,jennifer91,colleenortiz,96,1828559861,Complimenting
2024-01-17 17:50:21-08:00,2024-01-17 17:50:21-08:00,jennifer91,colleenortiz,96,1828559861,Criticizing
2024-01-17 23:24:13-08:00,2024-01-17 23:24:13-08:00,zmullins,colleenortiz,96,1829019118,Updating
2024-01-17 23:24:13-08:00,2024-01-17 23:24:13-08:00,zmullins,colleenortiz,96,1829019118,Approving
2023-12-03 01:22:38-08:00,2023-12-03 01:22:38-08:00,jennifer91,zmullins,97,1761163425,Directing
2023-12-03 01:22:38-08:00,2023-12-03 01:22:38-08:00,jennifer91,zmullins,97,1761163425,Directing
2023-12-03 01:22:38-08:00,2023-12-03 01:22:38-08:00,jennifer91,zmullins,97,1761163425,Criticizing
2023-12-03 01:22:38-08:00,2023-12-03 01:22:38-08:00,jennifer91,zmullins,97,1761163425,Directing
2023-12-03 01:22:38-08:00,2023-12-03 01:22:38-08:00,jennifer91,zmullins,97,1761163425,Criticizing
2023-12-03 01:22:38-08:00,2023-12-03 01:22:38-08:00,jennifer91,zmullins,97,1761163425,Approving
2023-12-03 03:55:36-08:00,2023-12-03 03:55:36-08:00,jennifer91,zmullins,97,1761197373,Approving
2023-12-03 02:12:52-08:00,2023-12-03 02:05:15-08:00,zmullins,jennifer91,98,1413039669,Criticizing
2023-12-03 02:12:52-08:00,2023-12-03 02:12:52-08:00,zmullins,jennifer91,98,1761170786,Approving
2023-12-03 02:12:52-08:00,2023-12-03 02:12:52-08:00,zmullins,jennifer91,98,1761170786,Approving
2023-12-03 02:12:52-08:00,2023-12-03 02:12:52-08:00,zmullins,jennifer91,98,1761170786,Criticizing
2023-12-03 02:12:52-08:00,2023-12-03 02:12:52-08:00,zmullins,jennifer91,98,1761170786,Criticizing
2023-12-03 02:12:52-08:00,2023-12-03 02:12:52-08:00,zmullins,jennifer91,98,1761170786,Directing
2023-12-03 02:12:52-08:00,2023-12-03 02:12:52-08:00,zmullins,jennifer91,98,1761170786,Criticizing
2023-12-03 02:12:52-08:00,2023-12-03 02:12:52-08:00,zmullins,jennifer91,98,1761170786,Updating
2023-12-03 02:33:42-08:00,2023-12-03 02:33:42-08:00,zmullins,jennifer91,98,1761174976,Approving
2023-12-03 22:05:10-08:00,2023-12-03 22:05:10-08:00,margaretbriggs,jennifer91,99,1761653613,Empty
2023-12-03 22:15:52-08:00,2023-12-03 22:15:52-08:00,colleenortiz,jennifer91,99,1761663819,Empty
2024-01-17 14:32:47-08:00,2024-01-17 14:07:49-08:00,colleenortiz,margaretbriggs,100,1456546578,Directing
2024-01-17 14:32:47-08:00,2024-01-17 14:07:57-08:00,colleenortiz,margaretbriggs,100,1456546678,Directing
2024-01-17 14:32:47-08:00,2024-01-17 14:08:02-08:00,colleenortiz,margaretbriggs,100,1456546742,Directing
2024-01-17 14:32:47-08:00,2024-01-17 14:08:06-08:00,colleenortiz,margaretbriggs,100,1456546783,Directing
2024-01-17 14:32:47-08:00,2024-01-17 14:08:13-08:00,colleenortiz,margaretbriggs,100,1456546870,Directing
2024-01-17 14:32:47-08:00,2024-01-17 14:08:22-08:00,colleenortiz,margaretbriggs,100,1456546973,Directing
2024-01-17 14:32:47-08:00,2024-01-17 14:08:28-08:00,colleenortiz,margaretbriggs,100,1456547051,Directing
2024-01-17 14:32:47-08:00,2024-01-17 14:09:35-08:00,colleenortiz,margaretbriggs,100,1456548013,Directing
2024-01-17 14:32:47-08:00,2024-01-17 14:23:29-08:00,colleenortiz,margaretbriggs,100,1456561054,Directing
2024-01-17 14:32:47-08:00,2024-01-17 14:23:29-08:00,colleenortiz,margaretbriggs,100,1456561054,Directing
2024-01-17 14:32:47-08:00,2024-01-17 14:23:29-08:00,colleenortiz,margaretbriggs,100,1456561054,Directing
2024-01-17 14:32:47-08:00,2024-01-17 14:23:29-08:00,colleenortiz,margaretbriggs,100,1456561054,Directing
2024-01-17 14:32:47-08:00,2024-01-17 14:23:29-08:00,colleenortiz,margaretbriggs,100,1456561054,Directing
2024-01-17 14:32:47-08:00,2024-01-17 14:23:29-08:00,colleenortiz,margaretbriggs,100,1456561054,Explaining
2024-01-17 14:32:47-08:00,2024-01-17 14:23:29-08:00,colleenortiz,margaretbriggs,100,1456561054,Directing
2024-01-17 14:32:47-08:00,2024-01-17 14:23:29-08:00,colleenortiz,margaretbriggs,100,1456561054,Directing
2024-01-17 14:32:47-08:00,2024-01-17 14:23:29-08:00,colleenortiz,margaretbriggs,100,1456561054,Directing
2024-01-17 14:32:47-08:00,2024-01-17 14:23:29-08:00,colleenortiz,margaretbriggs,100,1456561054,Explaining
2024-01-17 14:32:47-08:00,2024-01-17 14:23:29-08:00,colleenortiz,margaretbriggs,100,1456561054,Suggesting
2024-01-17 14:32:47-08:00,2024-01-17 14:32:20-08:00,colleenortiz,margaretbriggs,100,1456571483,Criticizing
2024-01-17 14:32:47-08:00,2024-01-17 14:32:20-08:00,colleenortiz,margaretbriggs,100,1456571483,Directing
2024-01-17 14:32:47-08:00,2024-01-17 14:32:47-08:00,colleenortiz,margaretbriggs,100,1828291457,Criticizing
2024-01-17 14:32:47-08:00,2024-01-17 14:32:47-08:00,colleenortiz,margaretbriggs,100,1828291457,Directing
2024-01-17 14:34:34-08:00,2024-01-17 14:34:34-08:00,colleenortiz,margaretbriggs,100,1456573130,Directing
2024-01-17 14:34:34-08:00,2024-01-17 14:34:34-08:00,colleenortiz,margaretbriggs,100,1456573130,Directing
2024-01-17 14:34:34-08:00,2024-01-17 14:34:34-08:00,colleenortiz,margaretbriggs,100,1828332413,Empty
2024-01-27 16:10:05-08:00,2024-01-27 16:10:05-08:00,jennifer91,margaretbriggs,100,1847338434,Criticizing
2024-01-27 16:10:05-08:00,2024-01-27 16:10:05-08:00,jennifer91,margaretbriggs,100,1847338434,Agreeing
2024-01-27 16:10:05-08:00,2024-01-27 16:10:05-08:00,jennifer91,margaretbriggs,100,1847338434,Criticizing
2024-01-27 16:10:05-08:00,2024-01-27 16:10:05-08:00,jennifer91,margaretbriggs,100,1847338434,Criticizing
2024-01-27 16:10:05-08:00,2024-01-27 16:10:05-08:00,jennifer91,margaretbriggs,100,1847338434,Directing
2024-01-27 16:10:05-08:00,2024-01-27 16:10:05-08:00,jennifer91,margaretbriggs,100,1847338434,Directing
2024-01-11 14:26:05-08:00,2024-01-11 14:26:05-08:00,zmullins,jennifer91,101,1816905614,Criticizing
2024-01-11 14:26:05-08:00,2024-01-11 14:26:05-08:00,zmullins,jennifer91,101,1816905614,Directing
2024-01-14 19:40:02-08:00,2024-01-14 19:40:02-08:00,colleenortiz,jennifer91,102,1820678751,Approving
2024-01-14 19:45:22-08:00,2024-01-14 19:45:22-08:00,suzanneburke,jennifer91,102,1820688987,Approving
2024-01-14 23:54:00-08:00,2024-01-14 23:54:00-08:00,jennifer91,zmullins,103,1821129090,Approving
2024-01-15 20:29:18-08:00,2024-01-15 20:29:18-08:00,colleenortiz,zmullins,103,1822505624,Empty
2024-01-17 12:40:04-08:00,2024-01-17 11:36:52-08:00,colleenortiz,suzanneburke,104,1456378421,Approving
2024-01-17 12:40:04-08:00,2024-01-17 11:36:52-08:00,colleenortiz,suzanneburke,104,1456378421,Directing
2024-01-17 12:40:04-08:00,2024-01-17 11:38:46-08:00,colleenortiz,suzanneburke,104,1456380855,Directing
2024-01-17 12:40:04-08:00,2024-01-17 11:43:58-08:00,colleenortiz,suzanneburke,104,1456388736,Directing
2024-01-17 12:40:04-08:00,2024-01-17 11:45:20-08:00,colleenortiz,suzanneburke,104,1456390314,Directing
2024-01-17 12:40:04-08:00,2024-01-17 11:47:50-08:00,colleenortiz,suzanneburke,104,1456393523,Approving
2024-01-17 12:40:04-08:00,2024-01-17 11:48:07-08:00,colleenortiz,suzanneburke,104,1456394036,Directing
2024-01-17 12:40:04-08:00,2024-01-17 11:59:58-08:00,colleenortiz,suzanneburke,104,1456408809,Directing
2024-01-17 12:40:04-08:00,2024-01-17 12:01:01-08:00,colleenortiz,suzanneburke,104,1456410027,Directing
2024-01-17 12:40:04-08:00,2024-01-17 12:22:37-08:00,colleenortiz,suzanneburke,104,1456436515,Criticizing
2024-01-17 12:40:04-08:00,2024-01-17 12:22:37-08:00,colleenortiz,suzanneburke,104,1456436515,Updating
2024-01-17 12:40:04-08:00,2024-01-17 12:34:03-08:00,colleenortiz,suzanneburke,104,1456449189,Approving
2024-01-17 12:40:04-08:00,2024-01-17 12:34:03-08:00,colleenortiz,suzanneburke,104,1456449189,Updating
2024-01-17 12:40:04-08:00,2024-01-17 12:34:03-08:00,colleenortiz,suzanneburke,104,1456449189,Updating
2024-01-17 12:40:04-08:00,2024-01-17 12:34:03-08:00,colleenortiz,suzanneburke,104,1456449189,Updating
2024-01-17 12:40:04-08:00,2024-01-17 12:34:03-08:00,colleenortiz,suzanneburke,104,1456449189,Updating
2024-01-17 12:40:04-08:00,2024-01-17 12:34:03-08:00,colleenortiz,suzanneburke,104,1456449189,Updating
2024-01-17 12:40:04-08:00,2024-01-17 12:34:03-08:00,colleenortiz,suzanneburke,104,1456449189,Directing
2024-01-17 12:40:04-08:00,2024-01-17 12:34:03-08:00,colleenortiz,suzanneburke,104,1456449189,Criticizing
2024-01-17 12:40:04-08:00,2024-01-17 12:34:03-08:00,colleenortiz,suzanneburke,104,1456449189,Directing
2024-01-17 12:40:04-08:00,2024-01-17 12:34:03-08:00,colleenortiz,suzanneburke,104,1456449189,Approving
2024-01-17 12:40:04-08:00,2024-01-17 12:34:03-08:00,colleenortiz,suzanneburke,104,1456449189,Directing
2024-01-17 12:40:04-08:00,2024-01-17 12:38:01-08:00,colleenortiz,suzanneburke,104,1456453581,Criticizing
2024-01-17 12:40:04-08:00,2024-01-17 12:38:01-08:00,colleenortiz,suzanneburke,104,1456453581,Directing
2024-01-17 12:40:04-08:00,2024-01-17 12:38:48-08:00,colleenortiz,suzanneburke,104,1456454488,Directing
2024-01-17 12:40:04-08:00,2024-01-17 12:38:48-08:00,colleenortiz,suzanneburke,104,1456454488,Suggesting
2024-01-17 12:40:04-08:00,2024-01-17 12:40:04-08:00,colleenortiz,suzanneburke,104,1828043817,Approving
2024-01-17 12:40:04-08:00,2024-01-17 12:40:04-08:00,colleenortiz,suzanneburke,104,1828043817,Approving
2024-01-17 12:40:04-08:00,2024-01-17 12:40:04-08:00,colleenortiz,suzanneburke,104,1828043817,Criticizing
2024-01-18 18:35:00-08:00,2024-01-18 18:35:00-08:00,colleenortiz,suzanneburke,104,1831126882,Approving
2024-01-18 18:35:00-08:00,2024-01-18 18:35:00-08:00,colleenortiz,suzanneburke,104,1831126882,Directing
2024-01-17 18:04:50-08:00,2024-01-17 18:04:50-08:00,jennifer91,colleenortiz,105,1456728845,Criticizing
2024-01-17 18:04:50-08:00,2024-01-17 18:04:50-08:00,jennifer91,colleenortiz,105,1456728845,Updating
2024-01-17 18:04:50-08:00,2024-01-17 18:04:50-08:00,jennifer91,colleenortiz,105,1828571224,Empty
2024-01-17 18:07:11-08:00,2024-01-17 18:07:11-08:00,jennifer91,colleenortiz,105,1456730018,Criticizing
2024-01-17 18:07:11-08:00,2024-01-17 18:07:11-08:00,jennifer91,colleenortiz,105,1456730018,Criticizing
2024-01-17 18:07:11-08:00,2024-01-17 18:07:11-08:00,jennifer91,colleenortiz,105,1828572985,Empty
2024-01-17 18:08:14-08:00,2024-01-17 18:08:14-08:00,jennifer91,colleenortiz,105,1456731013,Criticizing
2024-01-17 18:08:14-08:00,2024-01-17 18:08:14-08:00,jennifer91,colleenortiz,105,1828575032,Empty
2024-01-17 18:26:38-08:00,2024-01-17 18:25:13-08:00,jennifer91,colleenortiz,105,1456740981,Criticizing
2024-01-17 18:26:38-08:00,2024-01-17 18:26:38-08:00,jennifer91,colleenortiz,105,1828591061,Approving
2024-01-17 18:26:38-08:00,2024-01-17 18:26:38-08:00,jennifer91,colleenortiz,105,1828591061,Criticizing
2024-01-20 22:47:31-08:00,2024-01-20 22:47:31-08:00,zmullins,colleenortiz,107,1835140486,Approving
2024-01-20 22:47:31-08:00,2024-01-20 22:47:31-08:00,zmullins,colleenortiz,107,1835140486,Updating
2024-01-21 09:19:07-08:00,2024-01-21 09:09:47-08:00,suzanneburke,colleenortiz,107,1460998630,Explaining
2024-01-21 09:19:07-08:00,2024-01-21 09:09:47-08:00,suzanneburke,colleenortiz,107,1460998630,Directing
2024-01-21 09:19:07-08:00,2024-01-21 09:12:00-08:00,suzanneburke,colleenortiz,107,1460999570,Criticizing
2024-01-21 09:19:07-08:00,2024-01-21 09:12:00-08:00,suzanneburke,colleenortiz,107,1460999570,Directing
2024-01-21 09:19:07-08:00,2024-01-21 09:16:12-08:00,suzanneburke,colleenortiz,107,1461001496,Directing
2024-01-21 09:19:07-08:00,2024-01-21 09:16:12-08:00,suzanneburke,colleenortiz,107,1461001496,Approving
2024-01-21 09:19:07-08:00,2024-01-21 09:16:12-08:00,suzanneburke,colleenortiz,107,1461001496,Directing
2024-01-21 09:19:07-08:00,2024-01-21 09:19:07-08:00,suzanneburke,colleenortiz,107,1835381194,Approving
2024-01-21 09:19:07-08:00,2024-01-21 09:19:07-08:00,suzanneburke,colleenortiz,107,1835381194,Criticizing
2024-01-21 19:18:23-08:00,2024-01-21 19:18:23-08:00,colleenortiz,colleenortiz,107,1835583260,Empty
2024-01-21 19:18:23-08:00,2024-01-21 19:18:23-08:00,colleenortiz,colleenortiz,107,1461313045,Updating
2024-01-21 21:01:08-08:00,2024-01-21 21:01:08-08:00,suzanneburke,colleenortiz,108,1835643786,Empty
2024-01-21 21:25:22-08:00,2024-01-21 21:25:22-08:00,suzanneburke,colleenortiz,108,1835662807,Empty
2024-01-21 21:27:46-08:00,2024-01-21 21:27:46-08:00,jennifer91,colleenortiz,108,1835664547,Approving
2024-01-23 16:38:24-08:00,2024-01-23 16:38:24-08:00,jennifer91,colleenortiz,115,1840173783,Updating
2024-01-25 11:11:00-08:00,2024-01-24 19:03:55-08:00,colleenortiz,suzanneburke,127,1465786373,Directing
2024-01-25 11:11:00-08:00,2024-01-24 19:03:55-08:00,colleenortiz,suzanneburke,127,1465786373,Criticizing
2024-01-25 11:11:00-08:00,2024-01-24 19:05:02-08:00,colleenortiz,suzanneburke,127,1465786874,Asking
2024-01-25 11:11:00-08:00,2024-01-24 19:05:02-08:00,colleenortiz,suzanneburke,127,1465786874,Criticizing
2024-01-25 11:11:00-08:00,2024-01-24 19:05:02-08:00,colleenortiz,suzanneburke,127,1465786874,Directing
2024-01-25 11:11:00-08:00,2024-01-24 19:06:08-08:00,colleenortiz,suzanneburke,127,1465787345,Directing
2024-01-25 11:11:00-08:00,2024-01-24 19:06:56-08:00,colleenortiz,suzanneburke,127,1465787665,Asking
2024-01-25 11:11:00-08:00,2024-01-25 10:57:35-08:00,colleenortiz,suzanneburke,127,1466800060,Directing
2024-01-25 11:11:00-08:00,2024-01-25 10:57:35-08:00,colleenortiz,suzanneburke,127,1466800060,Updating
2024-01-25 11:11:00-08:00,2024-01-25 10:57:35-08:00,colleenortiz,suzanneburke,127,1466800060,Updating
2024-01-25 11:11:00-08:00,2024-01-25 10:57:35-08:00,colleenortiz,suzanneburke,127,1466800060,Asking
2024-01-25 11:11:00-08:00,2024-01-25 10:57:35-08:00,colleenortiz,suzanneburke,127,1466800060,Explaining
2024-01-25 11:11:00-08:00,2024-01-25 11:10:02-08:00,colleenortiz,suzanneburke,127,1466811424,Criticizing
2024-01-25 11:11:00-08:00,2024-01-25 11:11:00-08:00,colleenortiz,suzanneburke,127,1842754104,Criticizing
2024-01-25 11:11:00-08:00,2024-01-25 11:11:00-08:00,colleenortiz,suzanneburke,127,1842754104,Updating
2024-01-25 11:11:00-08:00,2024-01-25 11:11:00-08:00,colleenortiz,suzanneburke,127,1842754104,Approving
2024-01-25 11:11:00-08:00,2024-01-25 11:11:00-08:00,colleenortiz,suzanneburke,127,1842754104,Complimenting
2024-01-25 11:11:00-08:00,2024-01-25 11:11:00-08:00,colleenortiz,suzanneburke,127,1842754104,Approving
2024-01-25 11:38:35-08:00,2024-01-25 11:26:56-08:00,colleenortiz,zmullins,128,1466827522,Directing
2024-01-25 11:38:35-08:00,2024-01-25 11:27:08-08:00,colleenortiz,zmullins,128,1466827705,Directing
2024-01-25 11:38:35-08:00,2024-01-25 11:35:50-08:00,colleenortiz,zmullins,128,1466837241,Criticizing
2024-01-25 11:38:35-08:00,2024-01-25 11:35:50-08:00,colleenortiz,zmullins,128,1466837241,Asking
2024-01-25 11:38:35-08:00,2024-01-25 11:35:50-08:00,colleenortiz,zmullins,128,1466837241,Directing
2024-01-25 11:38:35-08:00,2024-01-25 11:35:50-08:00,colleenortiz,zmullins,128,1466837241,Criticizing
2024-01-25 11:38:35-08:00,2024-01-25 11:35:50-08:00,colleenortiz,zmullins,128,1466837241,Criticizing
2024-01-25 11:38:35-08:00,2024-01-25 11:37:47-08:00,colleenortiz,zmullins,128,1466839237,Directing
2024-01-25 11:38:35-08:00,2024-01-25 11:37:47-08:00,colleenortiz,zmullins,128,1466839237,Directing
2024-01-25 11:38:35-08:00,2024-01-25 11:38:35-08:00,colleenortiz,zmullins,128,1844476214,Approving
2024-01-25 11:38:35-08:00,2024-01-25 11:38:35-08:00,colleenortiz,zmullins,128,1844476214,Criticizing
2024-01-25 11:38:35-08:00,2024-01-25 11:38:35-08:00,colleenortiz,zmullins,128,1844476214,Approving
2024-01-25 11:40:32-08:00,2024-01-25 11:40:32-08:00,colleenortiz,zmullins,128,1844511282,Empty
2024-01-25 11:40:32-08:00,2024-01-25 11:40:32-08:00,colleenortiz,zmullins,128,1466851356,Directing
2024-01-27 14:27:38-08:00,2024-01-27 14:27:38-08:00,colleenortiz,zmullins,128,1847306377,Approving
2024-01-27 14:40:42-08:00,2024-01-27 14:11:33-08:00,zmullins,margaretbriggs,131,1468667896,Criticizing
2024-01-27 14:40:42-08:00,2024-01-27 14:17:50-08:00,zmullins,margaretbriggs,131,1468669985,Criticizing
2024-01-27 14:40:42-08:00,2024-01-27 14:26:26-08:00,zmullins,margaretbriggs,131,1468671152,Criticizing
2024-01-27 14:40:42-08:00,2024-01-27 14:26:26-08:00,zmullins,margaretbriggs,131,1468671152,Criticizing
2024-01-27 14:40:42-08:00,2024-01-27 14:40:42-08:00,zmullins,margaretbriggs,131,1847301902,Complimenting
2024-01-27 14:40:42-08:00,2024-01-27 14:40:42-08:00,zmullins,margaretbriggs,131,1847301902,Updating
2024-01-27 14:40:42-08:00,2024-01-27 14:40:42-08:00,zmullins,margaretbriggs,131,1847301902,Updating
2024-01-27 14:40:42-08:00,2024-01-27 14:40:42-08:00,zmullins,margaretbriggs,131,1847301902,Criticizing
2024-01-27 14:40:42-08:00,2024-01-27 14:40:42-08:00,zmullins,margaretbriggs,131,1847301902,Criticizing
2024-01-27 14:40:42-08:00,2024-01-27 14:40:42-08:00,zmullins,margaretbriggs,131,1847301902,Criticizing
2024-01-27 14:40:42-08:00,2024-01-27 14:40:42-08:00,zmullins,margaretbriggs,131,1847301902,Criticizing
2024-01-27 14:40:42-08:00,2024-01-27 14:40:42-08:00,zmullins,margaretbriggs,131,1847301902,Directing
2024-01-27 14:40:42-08:00,2024-01-27 14:40:42-08:00,zmullins,margaretbriggs,131,1847301902,Criticizing
2024-01-27 14:40:42-08:00,2024-01-27 14:40:42-08:00,zmullins,margaretbriggs,131,1847301902,Approving
2024-01-27 15:26:08-08:00,2024-01-27 15:26:08-08:00,jennifer91,margaretbriggs,131,1847321088,Complimenting
2024-01-27 15:26:08-08:00,2024-01-27 15:26:08-08:00,jennifer91,margaretbriggs,131,1847321088,Complimenting
2024-01-27 15:26:08-08:00,2024-01-27 15:26:08-08:00,jennifer91,margaretbriggs,131,1847321088,Criticizing
2024-01-27 15:26:08-08:00,2024-01-27 15:26:08-08:00,jennifer91,margaretbriggs,131,1847321088,Criticizing
2024-01-27 15:26:08-08:00,2024-01-27 15:26:08-08:00,jennifer91,margaretbriggs,131,1847321088,Agreeing
2024-01-27 15:26:08-08:00,2024-01-27 15:26:08-08:00,jennifer91,margaretbriggs,131,1847321088,Criticizing
2024-01-27 15:26:08-08:00,2024-01-27 15:26:08-08:00,jennifer91,margaretbriggs,131,1847321088,Criticizing
2024-01-27 15:26:08-08:00,2024-01-27 15:26:08-08:00,jennifer91,margaretbriggs,131,1847321088,Directing
2024-01-27 15:26:08-08:00,2024-01-27 15:26:08-08:00,jennifer91,margaretbriggs,131,1847321088,Criticizing
2024-01-27 15:26:08-08:00,2024-01-27 15:26:08-08:00,jennifer91,margaretbriggs,131,1847321088,Directing
2024-01-27 15:26:08-08:00,2024-01-27 15:26:08-08:00,jennifer91,margaretbriggs,131,1847321088,Criticizing
2024-01-28 19:08:46-08:00,2024-01-28 19:08:45-08:00,margaretbriggs,margaretbriggs,131,1469032327,Updating
2024-01-28 19:08:46-08:00,2024-01-28 19:08:45-08:00,margaretbriggs,margaretbriggs,131,1469032327,Updating
2024-01-28 19:08:46-08:00,2024-01-28 19:08:45-08:00,margaretbriggs,margaretbriggs,131,1469032327,Updating
2024-01-28 19:08:46-08:00,2024-01-28 19:08:45-08:00,margaretbriggs,margaretbriggs,131,1469032327,Updating
2024-01-28 19:08:46-08:00,2024-01-28 19:08:45-08:00,margaretbriggs,margaretbriggs,131,1469032327,Updating
2024-01-28 19:08:46-08:00,2024-01-28 19:08:46-08:00,margaretbriggs,margaretbriggs,131,1847760603,Empty
2024-01-29 23:29:19-08:00,2024-01-29 23:29:19-08:00,zmullins,margaretbriggs,131,1850397089,Approving
2024-01-30 14:51:26-08:00,2024-01-30 14:51:26-08:00,jennifer91,margaretbriggs,131,1852538251,Approving
2024-01-27 14:29:17-08:00,2024-01-27 14:29:17-08:00,colleenortiz,jennifer91,132,1847306532,Empty
2024-01-27 14:29:18-08:00,2024-01-27 14:29:13-08:00,colleenortiz,jennifer91,132,1468671463,Criticizing
2024-01-27 14:29:18-08:00,2024-01-27 14:29:13-08:00,colleenortiz,jennifer91,132,1468671463,Criticizing
2024-01-27 15:49:26-08:00,2024-01-27 15:49:26-08:00,jennifer91,jennifer91,132,1847329518,Empty
2024-01-27 15:49:27-08:00,2024-01-27 15:49:26-08:00,jennifer91,jennifer91,132,1468689353,Updating
2024-01-27 15:49:27-08:00,2024-01-27 15:49:26-08:00,jennifer91,jennifer91,132,1468689353,Disagreeing
2024-01-29 13:03:37-08:00,2024-01-29 12:43:00-08:00,colleenortiz,jennifer91,133,1470185576,Suggesting
2024-01-29 13:03:37-08:00,2024-01-29 12:43:00-08:00,colleenortiz,jennifer91,133,1470185576,Directing
2024-01-29 13:03:37-08:00,2024-01-29 12:43:00-08:00,colleenortiz,jennifer91,133,1470185576,Explaining
2024-01-29 13:03:37-08:00,2024-01-29 12:43:00-08:00,colleenortiz,jennifer91,133,1470185576,Suggesting
2024-01-29 13:03:37-08:00,2024-01-29 12:43:00-08:00,colleenortiz,jennifer91,133,1470185576,Directing
2024-01-29 13:03:37-08:00,2024-01-29 12:43:20-08:00,colleenortiz,jennifer91,133,1470185956,Directing
2024-01-29 13:03:37-08:00,2024-01-29 12:45:35-08:00,colleenortiz,jennifer91,133,1470188426,Updating
2024-01-29 13:03:37-08:00,2024-01-29 12:45:35-08:00,colleenortiz,jennifer91,133,1470188426,Directing
2024-01-29 13:03:37-08:00,2024-01-29 12:45:35-08:00,colleenortiz,jennifer91,133,1470188426,Directing
2024-01-29 13:03:37-08:00,2024-01-29 12:45:35-08:00,colleenortiz,jennifer91,133,1470188426,Directing
2024-01-29 13:03:37-08:00,2024-01-29 12:45:35-08:00,colleenortiz,jennifer91,133,1470188426,Explaining
2024-01-29 13:03:37-08:00,2024-01-29 12:45:35-08:00,colleenortiz,jennifer91,133,1470188426,Directing
2024-01-29 13:03:37-08:00,2024-01-29 12:45:46-08:00,colleenortiz,jennifer91,133,1470188675,Directing
2024-01-29 13:03:37-08:00,2024-01-29 12:46:00-08:00,colleenortiz,jennifer91,133,1470189003,Directing
2024-01-29 13:03:37-08:00,2024-01-29 12:50:22-08:00,colleenortiz,jennifer91,133,1470193558,Criticizing
2024-01-29 13:03:37-08:00,2024-01-29 12:50:22-08:00,colleenortiz,jennifer91,133,1470193558,Suggesting
2024-01-29 13:03:37-08:00,2024-01-29 12:50:22-08:00,colleenortiz,jennifer91,133,1470193558,Suggesting
2024-01-29 13:03:37-08:00,2024-01-29 12:50:22-08:00,colleenortiz,jennifer91,133,1470193558,Updating
2024-01-29 13:03:37-08:00,2024-01-29 12:50:22-08:00,colleenortiz,jennifer91,133,1470193558,Directing
2024-01-29 13:03:37-08:00,2024-01-29 12:50:22-08:00,colleenortiz,jennifer91,133,1470193558,Updating
2024-01-29 13:03:37-08:00,2024-01-29 12:51:41-08:00,colleenortiz,jennifer91,133,1470195153,Criticizing
2024-01-29 13:03:37-08:00,2024-01-29 12:51:41-08:00,colleenortiz,jennifer91,133,1470195153,Directing
2024-01-29 13:03:37-08:00,2024-01-29 12:53:01-08:00,colleenortiz,jennifer91,133,1470196694,Criticizing
2024-01-29 13:03:37-08:00,2024-01-29 12:53:01-08:00,colleenortiz,jennifer91,133,1470196694,Criticizing
2024-01-29 13:03:37-08:00,2024-01-29 12:53:01-08:00,colleenortiz,jennifer91,133,1470196694,Directing
2024-01-29 13:03:37-08:00,2024-01-29 12:53:34-08:00,colleenortiz,jennifer91,133,1470197415,Directing
2024-01-29 13:03:37-08:00,2024-01-29 12:53:43-08:00,colleenortiz,jennifer91,133,1470197701,Directing
2024-01-29 13:03:37-08:00,2024-01-29 12:58:34-08:00,colleenortiz,jennifer91,133,1470203455,Approving
2024-01-29 13:03:37-08:00,2024-01-29 12:58:34-08:00,colleenortiz,jennifer91,133,1470203455,Complimenting
2024-01-29 13:03:37-08:00,2024-01-29 13:03:37-08:00,colleenortiz,jennifer91,133,1849724719,Criticizing
2024-01-29 13:03:37-08:00,2024-01-29 13:03:37-08:00,colleenortiz,jennifer91,133,1849724719,Directing
2024-01-29 13:05:58-08:00,2024-01-29 13:05:58-08:00,colleenortiz,jennifer91,133,1849766240,Empty
2024-01-29 13:06:28-08:00,2024-01-29 13:05:58-08:00,colleenortiz,jennifer91,133,1470213041,Suggesting
2024-01-29 13:06:28-08:00,2024-01-29 13:05:58-08:00,colleenortiz,jennifer91,133,1470213041,Directing
2024-01-29 13:06:28-08:00,2024-01-29 13:05:58-08:00,colleenortiz,jennifer91,133,1470213041,Criticizing
2024-01-29 13:06:28-08:00,2024-01-29 13:05:58-08:00,colleenortiz,jennifer91,133,1470213041,Suggesting
2024-01-30 11:00:08-08:00,2024-01-30 11:00:08-08:00,suzanneburke,jennifer91,133,1852124143,Approving
2024-01-30 11:00:08-08:00,2024-01-30 11:00:08-08:00,suzanneburke,jennifer91,133,1852124143,Approving
2024-01-30 21:47:52-08:00,2024-01-30 21:47:52-08:00,jennifer91,colleenortiz,134,1852933844,Updating
2024-01-28 21:16:28-08:00,2024-01-28 21:16:28-08:00,margaretbriggs,colleenortiz,136,1847845485,Empty
2024-01-28 22:51:27-08:00,2024-01-28 22:51:27-08:00,jennifer91,colleenortiz,136,1847936021,Empty
2024-02-12 12:26:44-08:00,2024-02-12 12:08:14-08:00,colleenortiz,suzanneburke,143,1486714161,Approving
2024-02-12 12:26:44-08:00,2024-02-12 12:08:14-08:00,colleenortiz,suzanneburke,143,1486714161,Disagreeing
2024-02-12 12:26:44-08:00,2024-02-12 12:08:14-08:00,colleenortiz,suzanneburke,143,1486714161,Asking
2024-02-12 12:26:44-08:00,2024-02-12 12:08:14-08:00,colleenortiz,suzanneburke,143,1486714161,Directing
2024-02-12 12:26:44-08:00,2024-02-12 12:08:14-08:00,colleenortiz,suzanneburke,143,1486714161,Directing
2024-02-12 12:26:44-08:00,2024-02-12 12:13:16-08:00,colleenortiz,suzanneburke,143,1486719715,Directing
2024-02-12 12:26:44-08:00,2024-02-12 12:13:16-08:00,colleenortiz,suzanneburke,143,1486719715,Directing
2024-02-12 12:26:44-08:00,2024-02-12 12:13:16-08:00,colleenortiz,suzanneburke,143,1486719715,Directing
2024-02-12 12:26:44-08:00,2024-02-12 12:13:16-08:00,colleenortiz,suzanneburke,143,1486719715,Directing
2024-02-12 12:26:44-08:00,2024-02-12 12:13:16-08:00,colleenortiz,suzanneburke,143,1486719715,Explaining
2024-02-12 12:26:44-08:00,2024-02-12 12:14:02-08:00,colleenortiz,suzanneburke,143,1486720773,Approving
2024-02-12 12:26:44-08:00,2024-02-12 12:14:02-08:00,colleenortiz,suzanneburke,143,1486720773,Approving
2024-02-12 12:26:44-08:00,2024-02-12 12:14:02-08:00,colleenortiz,suzanneburke,143,1486720773,Complimenting
2024-02-12 12:26:44-08:00,2024-02-12 12:18:38-08:00,colleenortiz,suzanneburke,143,1486724806,Criticizing
2024-02-12 12:26:44-08:00,2024-02-12 12:21:29-08:00,colleenortiz,suzanneburke,143,1486727893,Criticizing
2024-02-12 12:26:44-08:00,2024-02-12 12:21:29-08:00,colleenortiz,suzanneburke,143,1486727893,Updating
2024-02-12 12:26:44-08:00,2024-02-12 12:22:02-08:00,colleenortiz,suzanneburke,143,1486728380,Asking
2024-02-12 12:26:44-08:00,2024-02-12 12:23:01-08:00,colleenortiz,suzanneburke,143,1486730608,Asking
2024-02-12 12:26:44-08:00,2024-02-12 12:23:01-08:00,colleenortiz,suzanneburke,143,1486730608,Criticizing
2024-02-12 12:26:44-08:00,2024-02-12 12:23:01-08:00,colleenortiz,suzanneburke,143,1486730608,Updating
2024-02-12 12:26:44-08:00,2024-02-12 12:24:11-08:00,colleenortiz,suzanneburke,143,1486732460,Asking
2024-02-12 12:26:44-08:00,2024-02-12 12:24:11-08:00,colleenortiz,suzanneburke,143,1486732460,Criticizing
2024-02-12 12:26:44-08:00,2024-02-12 12:25:12-08:00,colleenortiz,suzanneburke,143,1486733407,Directing
2024-02-12 12:26:44-08:00,2024-02-12 12:25:12-08:00,colleenortiz,suzanneburke,143,1486733407,Updating
2024-02-12 12:26:44-08:00,2024-02-12 12:25:12-08:00,colleenortiz,suzanneburke,143,1486733407,Directing
2024-02-12 12:26:44-08:00,2024-02-12 12:25:30-08:00,colleenortiz,suzanneburke,143,1486733678,Directing
2024-02-12 12:26:44-08:00,2024-02-12 12:26:44-08:00,colleenortiz,suzanneburke,143,1876124961,Directing
2024-02-12 12:26:44-08:00,2024-02-12 12:26:44-08:00,colleenortiz,suzanneburke,143,1876124961,Directing
2024-02-12 12:26:44-08:00,2024-02-12 12:26:44-08:00,colleenortiz,suzanneburke,143,1876124961,Criticizing
2024-02-12 12:26:44-08:00,2024-02-12 12:26:44-08:00,colleenortiz,suzanneburke,143,1876124961,Directing
2024-02-13 17:07:53-08:00,2024-02-13 17:07:53-08:00,suzanneburke,suzanneburke,143,1488772406,Updating
2024-02-13 17:07:53-08:00,2024-02-13 17:07:53-08:00,suzanneburke,suzanneburke,143,1488772406,Directing
2024-02-13 17:07:53-08:00,2024-02-13 17:07:53-08:00,suzanneburke,suzanneburke,143,1879207093,Empty
2024-02-13 17:14:04-08:00,2024-02-13 17:14:04-08:00,suzanneburke,suzanneburke,143,1879211701,Empty
2024-02-13 17:14:04-08:00,2024-02-13 17:14:04-08:00,suzanneburke,suzanneburke,143,1488775720,Disagreeing
2024-02-04 19:51:21-08:00,2024-02-04 19:51:21-08:00,jennifer91,colleenortiz,147,1861845376,Approving
2024-02-04 19:54:35-08:00,2024-02-04 19:54:35-08:00,suzanneburke,colleenortiz,147,1861847048,Empty
2024-02-09 20:33:56-08:00,2024-02-09 19:16:07-08:00,jennifer91,margaretbriggs,155,1484940284,Asking
2024-02-09 20:33:56-08:00,2024-02-09 19:16:50-08:00,jennifer91,margaretbriggs,155,1484940403,Directing
2024-02-09 20:33:56-08:00,2024-02-09 19:18:22-08:00,jennifer91,margaretbriggs,155,1484940590,Criticizing
2024-02-09 20:33:56-08:00,2024-02-09 19:20:00-08:00,jennifer91,margaretbriggs,155,1484940818,Criticizing
2024-02-09 20:33:56-08:00,2024-02-09 19:21:09-08:00,jennifer91,margaretbriggs,155,1484940926,Criticizing
2024-02-09 20:33:56-08:00,2024-02-09 19:30:21-08:00,jennifer91,margaretbriggs,155,1484941986,Criticizing
2024-02-09 20:33:56-08:00,2024-02-09 19:38:08-08:00,jennifer91,margaretbriggs,155,1484942754,Criticizing
2024-02-09 20:33:56-08:00,2024-02-09 20:06:40-08:00,jennifer91,margaretbriggs,155,1484945990,Asking
2024-02-09 20:33:56-08:00,2024-02-09 20:10:01-08:00,jennifer91,margaretbriggs,155,1484946401,Criticizing
2024-02-09 20:33:56-08:00,2024-02-09 20:12:44-08:00,jennifer91,margaretbriggs,155,1484946726,Criticizing
2024-02-09 20:33:56-08:00,2024-02-09 20:15:29-08:00,jennifer91,margaretbriggs,155,1484946963,Criticizing
2024-02-09 20:33:56-08:00,2024-02-09 20:15:29-08:00,jennifer91,margaretbriggs,155,1484946963,Directing
2024-02-09 20:33:56-08:00,2024-02-09 20:17:13-08:00,jennifer91,margaretbriggs,155,1484947194,Criticizing
2024-02-09 20:33:56-08:00,2024-02-09 20:21:21-08:00,jennifer91,margaretbriggs,155,1484947669,Criticizing
2024-02-09 20:33:56-08:00,2024-02-09 20:21:21-08:00,jennifer91,margaretbriggs,155,1484947669,Suggesting
2024-02-09 20:33:56-08:00,2024-02-09 20:24:02-08:00,jennifer91,margaretbriggs,155,1484947932,Criticizing
2024-02-09 20:33:56-08:00,2024-02-09 20:24:02-08:00,jennifer91,margaretbriggs,155,1484947932,Directing
2024-02-09 20:33:56-08:00,2024-02-09 20:24:38-08:00,jennifer91,margaretbriggs,155,1484948012,Directing
2024-02-09 20:33:56-08:00,2024-02-09 20:26:44-08:00,jennifer91,margaretbriggs,155,1484948270,Directing
2024-02-09 20:33:56-08:00,2024-02-09 20:33:56-08:00,jennifer91,margaretbriggs,155,1873388285,Criticizing
2024-02-09 20:33:56-08:00,2024-02-09 20:33:56-08:00,jennifer91,margaretbriggs,155,1873388285,Criticizing
2024-02-09 20:33:56-08:00,2024-02-09 20:33:56-08:00,jennifer91,margaretbriggs,155,1873388285,Asking
2024-02-09 20:33:56-08:00,2024-02-09 20:33:56-08:00,jennifer91,margaretbriggs,155,1873388285,Criticizing
2024-02-09 20:33:56-08:00,2024-02-09 20:33:56-08:00,jennifer91,margaretbriggs,155,1873388285,Criticizing
2024-02-09 20:33:56-08:00,2024-02-09 20:33:56-08:00,jennifer91,margaretbriggs,155,1873388285,Directing
2024-02-09 20:33:56-08:00,2024-02-09 20:33:56-08:00,jennifer91,margaretbriggs,155,1873388285,Criticizing
2024-02-09 20:33:56-08:00,2024-02-09 20:33:56-08:00,jennifer91,margaretbriggs,155,1873388285,Criticizing
2024-02-09 20:34:49-08:00,2024-02-09 20:27:19-08:00,jennifer91,margaretbriggs,155,1484948350,Directing
2024-02-09 20:34:59-08:00,2024-02-09 20:27:33-08:00,jennifer91,margaretbriggs,155,1484948404,Directing
2024-02-09 20:35:12-08:00,2024-02-09 20:27:07-08:00,jennifer91,margaretbriggs,155,1484948335,Directing
2024-02-09 20:41:22-08:00,2024-02-09 20:41:22-08:00,margaretbriggs,margaretbriggs,155,1484950302,Agreeing
2024-02-09 20:41:22-08:00,2024-02-09 20:41:22-08:00,margaretbriggs,margaretbriggs,155,1873397829,Empty
2024-02-09 19:44:56-08:00,2024-02-09 19:44:14-08:00,margaretbriggs,jennifer91,156,1484943459,Suggesting
2024-02-09 19:44:56-08:00,2024-02-09 19:44:14-08:00,margaretbriggs,jennifer91,156,1484943459,Criticizing
2024-02-09 19:44:56-08:00,2024-02-09 19:44:56-08:00,margaretbriggs,jennifer91,156,1873391228,Empty
2024-02-10 23:49:31-08:00,2024-02-10 23:49:31-08:00,jennifer91,jennifer91,156,1874317347,Empty
2024-02-10 23:49:31-08:00,2024-02-10 23:49:31-08:00,jennifer91,jennifer91,156,1485516831,Updating
2024-02-12 12:53:18-08:00,2024-02-12 12:52:37-08:00,colleenortiz,jennifer91,156,1486758510,Directing
2024-02-12 12:53:18-08:00,2024-02-12 12:53:18-08:00,colleenortiz,jennifer91,156,1876259715,Directing
2024-02-12 12:53:18-08:00,2024-02-12 12:53:18-08:00,colleenortiz,jennifer91,156,1876259715,Directing
2024-02-12 12:59:43-08:00,2024-02-12 12:56:17-08:00,colleenortiz,zmullins,157,1486761845,Directing
2024-02-12 12:59:43-08:00,2024-02-12 12:56:17-08:00,colleenortiz,zmullins,157,1486761845,Directing
2024-02-12 12:59:43-08:00,2024-02-12 12:57:08-08:00,colleenortiz,zmullins,157,1486762629,Directing
2024-02-12 12:59:43-08:00,2024-02-12 12:59:43-08:00,colleenortiz,zmullins,157,1876269484,Criticizing
2024-02-12 12:59:43-08:00,2024-02-12 12:59:43-08:00,colleenortiz,zmullins,157,1876269484,Criticizing
2024-02-12 12:59:43-08:00,2024-02-12 12:59:43-08:00,colleenortiz,zmullins,157,1876269484,Directing
2024-02-12 12:59:43-08:00,2024-02-12 12:59:43-08:00,colleenortiz,zmullins,157,1876269484,Approving
2024-02-12 16:48:49-08:00,2024-02-12 16:48:49-08:00,jennifer91,zmullins,157,1876657151,Empty
2024-02-12 16:48:49-08:00,2024-02-12 16:48:49-08:00,jennifer91,zmullins,157,1486998607,Directing
2024-02-12 16:52:25-08:00,2024-02-12 16:52:25-08:00,jennifer91,zmullins,157,1876663412,Agreeing
2024-02-12 16:52:25-08:00,2024-02-12 16:52:25-08:00,jennifer91,zmullins,157,1876663412,Directing
2024-02-12 16:52:25-08:00,2024-02-12 16:52:25-08:00,jennifer91,zmullins,157,1876663412,Suggesting
2024-02-10 21:09:12-08:00,2024-02-10 20:15:47-08:00,jennifer91,margaretbriggs,159,1485459442,Asking
2024-02-10 21:09:12-08:00,2024-02-10 20:15:47-08:00,jennifer91,margaretbriggs,159,1485459442,Suggesting
2024-02-10 21:09:12-08:00,2024-02-10 20:15:47-08:00,jennifer91,margaretbriggs,159,1485459442,Directing
2024-02-10 21:09:12-08:00,2024-02-10 20:37:48-08:00,jennifer91,margaretbriggs,159,1485461589,Criticizing
2024-02-10 21:09:12-08:00,2024-02-10 20:38:36-08:00,jennifer91,margaretbriggs,159,1485461655,Directing
2024-02-10 21:09:12-08:00,2024-02-10 20:56:57-08:00,jennifer91,margaretbriggs,159,1485463322,Directing
2024-02-10 21:09:12-08:00,2024-02-10 20:56:57-08:00,jennifer91,margaretbriggs,159,1485463322,Directing
2024-02-10 21:09:12-08:00,2024-02-10 20:58:12-08:00,jennifer91,margaretbriggs,159,1485463438,Criticizing
2024-02-10 21:09:12-08:00,2024-02-10 21:03:54-08:00,jennifer91,margaretbriggs,159,1485464438,Directing
2024-02-10 21:09:12-08:00,2024-02-10 21:03:54-08:00,jennifer91,margaretbriggs,159,1485464438,Directing
2024-02-10 21:09:12-08:00,2024-02-10 21:05:25-08:00,jennifer91,margaretbriggs,159,1485464901,Directing
2024-02-10 21:09:12-08:00,2024-02-10 21:05:25-08:00,jennifer91,margaretbriggs,159,1485464901,Directing
2024-02-10 21:09:12-08:00,2024-02-10 21:06:20-08:00,jennifer91,margaretbriggs,159,1485465174,Criticizing
2024-02-10 21:09:12-08:00,2024-02-10 21:09:12-08:00,jennifer91,margaretbriggs,159,1874299917,Criticizing
2024-02-10 21:09:12-08:00,2024-02-10 21:09:12-08:00,jennifer91,margaretbriggs,159,1874299917,Criticizing
2024-02-10 21:09:12-08:00,2024-02-10 21:09:12-08:00,jennifer91,margaretbriggs,159,1874299917,Directing
2024-02-10 21:09:48-08:00,2024-02-10 20:40:24-08:00,jennifer91,margaretbriggs,159,1485461862,Directing
2024-02-10 21:10:04-08:00,2024-02-10 20:54:19-08:00,jennifer91,margaretbriggs,159,1485463097,Criticizing
2024-02-10 21:10:04-08:00,2024-02-10 20:54:19-08:00,jennifer91,margaretbriggs,159,1485463097,Directing
2024-02-10 22:43:05-08:00,2024-02-10 22:43:04-08:00,margaretbriggs,margaretbriggs,159,1485495303,Directing
2024-02-10 22:43:05-08:00,2024-02-10 22:43:05-08:00,margaretbriggs,margaretbriggs,159,1874310581,Empty
2024-02-10 22:47:23-08:00,2024-02-10 22:47:23-08:00,margaretbriggs,margaretbriggs,159,1485496580,Directing
2024-02-10 22:47:23-08:00,2024-02-10 22:47:23-08:00,margaretbriggs,margaretbriggs,159,1874310959,Empty
2024-02-11 00:08:01-08:00,2024-02-11 00:08:01-08:00,jennifer91,margaretbriggs,159,1485522907,Updating
2024-02-11 00:08:01-08:00,2024-02-11 00:08:01-08:00,jennifer91,margaretbriggs,159,1874319727,Empty
2024-02-12 16:04:15-08:00,2024-02-12 16:04:15-08:00,jennifer91,margaretbriggs,159,1876588817,Approving
2024-02-13 23:38:24-08:00,2024-02-13 23:38:24-08:00,zmullins,margaretbriggs,159,1879567304,Updating
2024-02-13 23:38:24-08:00,2024-02-13 23:38:24-08:00,zmullins,margaretbriggs,159,1879567304,Approving
2024-02-11 16:52:39-08:00,2024-02-11 16:39:42-08:00,zmullins,jennifer91,162,1485700067,Criticizing
2024-02-11 16:52:39-08:00,2024-02-11 16:41:10-08:00,zmullins,jennifer91,162,1485700386,Directing
2024-02-11 16:52:39-08:00,2024-02-11 16:42:30-08:00,zmullins,jennifer91,162,1485700618,Asking
2024-02-11 16:52:39-08:00,2024-02-11 16:52:39-08:00,zmullins,jennifer91,162,1874472801,Updating
2024-02-11 16:52:39-08:00,2024-02-11 16:52:39-08:00,zmullins,jennifer91,162,1874472801,Updating
2024-02-11 16:52:39-08:00,2024-02-11 16:52:39-08:00,zmullins,jennifer91,162,1874472801,Criticizing
2024-02-11 16:52:39-08:00,2024-02-11 16:52:39-08:00,zmullins,jennifer91,162,1874472801,Criticizing
2024-02-11 16:52:39-08:00,2024-02-11 16:52:39-08:00,zmullins,jennifer91,162,1874472801,Criticizing
2024-02-11 16:52:39-08:00,2024-02-11 16:52:39-08:00,zmullins,jennifer91,162,1874472801,Criticizing
2024-02-11 16:52:39-08:00,2024-02-11 16:52:39-08:00,zmullins,jennifer91,162,1874472801,Directing
2024-02-11 16:52:39-08:00,2024-02-11 16:52:39-08:00,zmullins,jennifer91,162,1874472801,Criticizing
2024-02-11 16:52:39-08:00,2024-02-11 16:52:39-08:00,zmullins,jennifer91,162,1874472801,Directing
2024-02-11 18:16:24-08:00,2024-02-11 18:16:24-08:00,jennifer91,jennifer91,162,1874496637,Empty
2024-02-11 18:16:24-08:00,2024-02-11 18:16:24-08:00,jennifer91,jennifer91,162,1485715762,Agreeing
2024-02-11 18:16:52-08:00,2024-02-11 18:16:52-08:00,jennifer91,jennifer91,162,1485715845,Agreeing
2024-02-11 18:16:52-08:00,2024-02-11 18:16:52-08:00,jennifer91,jennifer91,162,1874496766,Empty
2024-02-12 12:46:54-08:00,2024-02-12 12:45:28-08:00,colleenortiz,jennifer91,162,1486752027,Approving
2024-02-12 12:46:54-08:00,2024-02-12 12:45:28-08:00,colleenortiz,jennifer91,162,1486752027,Criticizing
2024-02-12 12:46:54-08:00,2024-02-12 12:45:28-08:00,colleenortiz,jennifer91,162,1486752027,Criticizing
2024-02-12 12:46:54-08:00,2024-02-12 12:45:28-08:00,colleenortiz,jennifer91,162,1486752027,Directing
2024-02-12 12:46:54-08:00,2024-02-12 12:45:28-08:00,colleenortiz,jennifer91,162,1486752027,Explaining
2024-02-12 12:46:54-08:00,2024-02-12 12:45:28-08:00,colleenortiz,jennifer91,162,1486752027,Directing
2024-02-12 12:46:54-08:00,2024-02-12 12:45:28-08:00,colleenortiz,jennifer91,162,1486752027,Explaining
2024-02-12 12:46:54-08:00,2024-02-12 12:45:28-08:00,colleenortiz,jennifer91,162,1486752027,Explaining
2024-02-12 12:46:54-08:00,2024-02-12 12:45:28-08:00,colleenortiz,jennifer91,162,1486752027,Explaining
2024-02-12 12:46:54-08:00,2024-02-12 12:45:28-08:00,colleenortiz,jennifer91,162,1486752027,Explaining
2024-02-12 12:46:54-08:00,2024-02-12 12:45:28-08:00,colleenortiz,jennifer91,162,1486752027,Explaining
2024-02-12 12:46:54-08:00,2024-02-12 12:45:28-08:00,colleenortiz,jennifer91,162,1486752027,Directing
2024-02-12 12:46:54-08:00,2024-02-12 12:45:28-08:00,colleenortiz,jennifer91,162,1486752027,Directing
2024-02-12 12:46:54-08:00,2024-02-12 12:45:28-08:00,colleenortiz,jennifer91,162,1486752027,Explaining
2024-02-12 12:46:54-08:00,2024-02-12 12:45:28-08:00,colleenortiz,jennifer91,162,1486752027,Suggesting
2024-02-12 12:46:54-08:00,2024-02-12 12:45:28-08:00,colleenortiz,jennifer91,162,1486752027,Directing
2024-02-12 12:46:54-08:00,2024-02-12 12:46:54-08:00,colleenortiz,jennifer91,162,1876239877,Approving
2024-02-12 12:46:54-08:00,2024-02-12 12:46:54-08:00,colleenortiz,jennifer91,162,1876239877,Approving
2024-02-12 12:46:54-08:00,2024-02-12 12:46:54-08:00,colleenortiz,jennifer91,162,1876239877,Criticizing
2024-02-12 12:46:54-08:00,2024-02-12 12:46:54-08:00,colleenortiz,jennifer91,162,1876239877,Criticizing
2024-02-17 00:53:41-08:00,2024-02-17 00:53:41-08:00,zmullins,jennifer91,162,1886513595,Approving
2024-02-11 14:28:16-08:00,2024-02-11 14:28:16-08:00,zmullins,jennifer91,164,1874446812,Updating
2024-02-11 14:28:16-08:00,2024-02-11 14:28:16-08:00,zmullins,jennifer91,164,1874446812,Updating
2024-02-17 12:28:12-08:00,2024-02-17 12:09:55-08:00,colleenortiz,suzanneburke,165,1493397407,Asking
2024-02-17 12:28:12-08:00,2024-02-17 12:11:23-08:00,colleenortiz,suzanneburke,165,1493397663,Asking
2024-02-17 12:28:12-08:00,2024-02-17 12:13:17-08:00,colleenortiz,suzanneburke,165,1493397873,Directing
2024-02-17 12:28:12-08:00,2024-02-17 12:13:32-08:00,colleenortiz,suzanneburke,165,1493397890,Directing
2024-02-17 12:28:12-08:00,2024-02-17 12:13:42-08:00,colleenortiz,suzanneburke,165,1493397901,Directing
2024-02-17 12:28:12-08:00,2024-02-17 12:13:56-08:00,colleenortiz,suzanneburke,165,1493397923,Directing
2024-02-17 12:28:12-08:00,2024-02-17 12:18:46-08:00,colleenortiz,suzanneburke,165,1493398458,Criticizing
2024-02-17 12:28:12-08:00,2024-02-17 12:20:09-08:00,colleenortiz,suzanneburke,165,1493398626,Criticizing
2024-02-17 12:28:12-08:00,2024-02-17 12:28:12-08:00,colleenortiz,suzanneburke,165,1886946245,Criticizing
2024-02-11 20:00:52-08:00,2024-02-11 20:00:52-08:00,jennifer91,colleenortiz,166,1874524893,Updating
2024-02-11 20:01:54-08:00,2024-02-11 20:01:54-08:00,zmullins,colleenortiz,166,1874525256,Approving
2024-02-11 20:04:28-08:00,2024-02-11 20:04:28-08:00,suzanneburke,colleenortiz,166,1874526119,Empty
2024-02-18 12:44:36-08:00,2024-02-18 12:44:36-08:00,colleenortiz,zmullins,180,1887322082,Criticizing
2024-02-18 12:44:36-08:00,2024-02-18 12:44:36-08:00,colleenortiz,zmullins,180,1887322082,Directing
2024-02-18 12:44:36-08:00,2024-02-18 12:44:36-08:00,colleenortiz,zmullins,180,1887322082,Criticizing
2024-02-17 23:34:20-08:00,2024-02-17 23:34:20-08:00,colleenortiz,colleenortiz,183,1493638187,Directing
2024-02-17 23:34:20-08:00,2024-02-17 23:34:20-08:00,colleenortiz,colleenortiz,183,1887104118,Empty
2024-03-28 13:54:25-07:00,2024-03-28 13:54:25-07:00,suzanneburke,colleenortiz,183,1967268561,Empty
2024-03-28 13:54:25-07:00,2024-03-28 13:54:25-07:00,suzanneburke,colleenortiz,183,1543636311,Directing
2024-03-28 13:58:39-07:00,2024-03-28 13:58:39-07:00,suzanneburke,colleenortiz,183,1543644794,Criticizing
2024-03-28 13:58:39-07:00,2024-03-28 13:58:39-07:00,suzanneburke,colleenortiz,183,1543644794,Criticizing
2024-03-28 13:58:39-07:00,2024-03-28 13:58:39-07:00,suzanneburke,colleenortiz,183,1967279539,Empty
2024-03-28 14:04:26-07:00,2024-03-28 14:04:26-07:00,suzanneburke,colleenortiz,183,1543693190,Directing
2024-03-28 14:04:26-07:00,2024-03-28 14:04:26-07:00,suzanneburke,colleenortiz,183,1543693190,Explaining
2024-03-28 14:04:26-07:00,2024-03-28 14:04:26-07:00,suzanneburke,colleenortiz,183,1543693190,Criticizing
2024-03-28 14:04:26-07:00,2024-03-28 14:04:26-07:00,suzanneburke,colleenortiz,183,1967322423,Empty
2024-03-28 14:08:35-07:00,2024-03-28 14:08:35-07:00,suzanneburke,colleenortiz,183,1967350269,Approving
2024-03-28 14:08:35-07:00,2024-03-28 14:08:35-07:00,suzanneburke,colleenortiz,183,1967350269,Updating
2024-03-28 14:08:35-07:00,2024-03-28 14:08:35-07:00,suzanneburke,colleenortiz,183,1967350269,Asking
2024-03-28 14:08:35-07:00,2024-03-28 14:08:35-07:00,suzanneburke,colleenortiz,183,1967350269,Directing
2024-03-30 19:55:08-07:00,2024-03-30 19:55:08-07:00,colleenortiz,colleenortiz,183,1545528947,Criticizing
2024-03-30 19:55:08-07:00,2024-03-30 19:55:08-07:00,colleenortiz,colleenortiz,183,1970083340,Empty
2024-03-30 19:58:21-07:00,2024-03-30 19:58:21-07:00,colleenortiz,colleenortiz,183,1545529328,Criticizing
2024-03-30 19:58:21-07:00,2024-03-30 19:58:21-07:00,colleenortiz,colleenortiz,183,1545529328,Criticizing
2024-03-30 19:58:21-07:00,2024-03-30 19:58:21-07:00,colleenortiz,colleenortiz,183,1970083534,Empty
2024-03-31 11:10:18-07:00,2024-03-31 11:10:18-07:00,suzanneburke,colleenortiz,183,1970361456,Approving
2024-04-02 18:41:50-07:00,2024-03-31 01:24:04-07:00,zmullins,colleenortiz,183,1545578059,Directing
2024-04-02 18:41:50-07:00,2024-03-31 01:28:03-07:00,zmullins,colleenortiz,183,1545578745,Directing
2024-04-02 18:41:50-07:00,2024-03-31 01:28:03-07:00,zmullins,colleenortiz,183,1545578745,Criticizing
2024-04-02 18:41:50-07:00,2024-03-31 01:28:03-07:00,zmullins,colleenortiz,183,1545578745,Updating
2024-04-02 18:41:50-07:00,2024-04-02 18:41:50-07:00,zmullins,colleenortiz,183,1970138575,Empty
2024-04-02 23:52:22-07:00,2024-04-02 23:52:22-07:00,zmullins,colleenortiz,183,1975684885,Approving
2024-04-04 20:45:33-07:00,2024-04-04 14:33:08-07:00,jennifer91,colleenortiz,183,1552476744,Directing
2024-04-04 20:45:33-07:00,2024-04-04 14:40:59-07:00,jennifer91,colleenortiz,183,1552487606,Criticizing
2024-04-04 20:45:33-07:00,2024-04-04 20:41:25-07:00,jennifer91,colleenortiz,183,1552781310,Criticizing
2024-04-04 20:45:33-07:00,2024-04-04 20:45:33-07:00,jennifer91,colleenortiz,183,1981225922,Updating
2024-04-04 20:45:33-07:00,2024-04-04 20:45:33-07:00,jennifer91,colleenortiz,183,1981225922,Criticizing
2024-04-04 20:45:33-07:00,2024-04-04 20:45:33-07:00,jennifer91,colleenortiz,183,1981225922,Criticizing
2024-04-04 20:45:33-07:00,2024-04-04 20:45:33-07:00,jennifer91,colleenortiz,183,1981225922,Directing
2024-04-04 20:45:33-07:00,2024-04-04 20:45:33-07:00,jennifer91,colleenortiz,183,1981225922,Criticizing
2024-04-04 20:45:33-07:00,2024-04-04 20:45:33-07:00,jennifer91,colleenortiz,183,1981225922,Directing
2024-02-23 18:57:07-08:00,2024-02-23 18:26:33-08:00,margaretbriggs,zmullins,185,1501321532,Directing
2024-02-23 18:57:07-08:00,2024-02-23 18:33:53-08:00,margaretbriggs,zmullins,185,1501322680,Criticizing
2024-02-23 18:57:07-08:00,2024-02-23 18:47:14-08:00,margaretbriggs,zmullins,185,1501325001,Criticizing
2024-02-23 18:57:07-08:00,2024-02-23 18:47:14-08:00,margaretbriggs,zmullins,185,1501325001,Explaining
2024-02-23 18:57:07-08:00,2024-02-23 18:56:07-08:00,margaretbriggs,zmullins,185,1501326185,Criticizing
2024-02-23 18:57:07-08:00,2024-02-23 18:56:07-08:00,margaretbriggs,zmullins,185,1501326185,Criticizing
2024-02-23 18:57:07-08:00,2024-02-23 18:56:07-08:00,margaretbriggs,zmullins,185,1501326185,Explaining
2024-02-23 18:57:07-08:00,2024-02-23 18:56:07-08:00,margaretbriggs,zmullins,185,1501326185,Directing
2024-02-23 18:57:07-08:00,2024-02-23 18:56:07-08:00,margaretbriggs,zmullins,185,1501326185,Directing
2024-02-23 18:57:07-08:00,2024-02-23 18:56:07-08:00,margaretbriggs,zmullins,185,1501326185,Directing
2024-02-23 18:57:07-08:00,2024-02-23 18:57:07-08:00,margaretbriggs,zmullins,185,1899176883,Empty
2024-02-26 16:11:37-08:00,2024-02-26 16:11:37-08:00,margaretbriggs,zmullins,185,1902278707,Empty
2024-02-18 19:34:30-08:00,2024-02-18 19:34:30-08:00,zmullins,colleenortiz,186,1887496586,Empty
2024-02-18 21:30:54-08:00,2024-02-18 21:30:54-08:00,jennifer91,colleenortiz,186,1887581810,Empty
2024-02-21 12:50:46-08:00,2024-02-21 12:50:46-08:00,zmullins,margaretbriggs,187,1894387110,Criticizing
2024-02-21 12:50:46-08:00,2024-02-21 12:50:46-08:00,zmullins,margaretbriggs,187,1894387110,Suggesting
2024-02-21 12:50:46-08:00,2024-02-21 12:50:46-08:00,zmullins,margaretbriggs,187,1894387110,Suggesting
2024-02-21 12:50:46-08:00,2024-02-21 12:50:46-08:00,zmullins,margaretbriggs,187,1894387110,Criticizing
2024-02-21 12:50:46-08:00,2024-02-21 12:50:46-08:00,zmullins,margaretbriggs,187,1894387110,Updating
2024-02-21 12:50:46-08:00,2024-02-21 12:50:46-08:00,zmullins,margaretbriggs,187,1894387110,Suggesting
2024-02-21 12:50:46-08:00,2024-02-21 12:50:46-08:00,zmullins,margaretbriggs,187,1894387110,Suggesting
2024-02-21 12:50:46-08:00,2024-02-21 12:50:46-08:00,zmullins,margaretbriggs,187,1894387110,Explaining
2024-02-21 12:50:46-08:00,2024-02-21 12:50:46-08:00,zmullins,margaretbriggs,187,1894387110,Directing
2024-02-21 12:50:46-08:00,2024-02-21 12:50:46-08:00,zmullins,margaretbriggs,187,1894387110,Directing
2024-02-21 12:50:46-08:00,2024-02-21 12:50:46-08:00,zmullins,margaretbriggs,187,1894387110,Directing
2024-02-21 12:50:46-08:00,2024-02-21 12:50:46-08:00,zmullins,margaretbriggs,187,1894387110,Directing
2024-03-02 22:52:32-08:00,2024-03-02 22:47:05-08:00,jennifer91,margaretbriggs,187,1510196196,Criticizing
2024-03-02 22:52:32-08:00,2024-03-02 22:47:59-08:00,jennifer91,margaretbriggs,187,1510196334,Criticizing
2024-03-02 22:52:32-08:00,2024-03-02 22:50:07-08:00,jennifer91,margaretbriggs,187,1510196630,Criticizing
2024-03-02 22:52:32-08:00,2024-03-02 22:52:32-08:00,jennifer91,margaretbriggs,187,1912896229,Approving
2024-03-02 22:52:32-08:00,2024-03-02 22:52:32-08:00,jennifer91,margaretbriggs,187,1912896229,Updating
2024-03-02 22:52:32-08:00,2024-03-02 22:52:32-08:00,jennifer91,margaretbriggs,187,1912896229,Criticizing
2024-03-02 22:52:32-08:00,2024-03-02 22:52:32-08:00,jennifer91,margaretbriggs,187,1912896229,Directing
2024-03-02 22:52:32-08:00,2024-03-02 22:52:32-08:00,jennifer91,margaretbriggs,187,1912896229,Criticizing
2024-03-02 22:52:32-08:00,2024-03-02 22:52:32-08:00,jennifer91,margaretbriggs,187,1912896229,Criticizing
2024-03-02 22:52:32-08:00,2024-03-02 22:52:32-08:00,jennifer91,margaretbriggs,187,1912896229,Suggesting
2024-03-02 22:52:32-08:00,2024-03-02 22:52:32-08:00,jennifer91,margaretbriggs,187,1912896229,Directing
2024-03-02 22:52:32-08:00,2024-03-02 22:52:32-08:00,jennifer91,margaretbriggs,187,1912896229,Criticizing
2024-03-02 22:52:32-08:00,2024-03-02 22:52:32-08:00,jennifer91,margaretbriggs,187,1912896229,Directing
2024-03-03 21:02:36-08:00,2024-03-03 21:02:36-08:00,margaretbriggs,margaretbriggs,187,1510591074,Criticizing
2024-03-03 21:02:36-08:00,2024-03-03 21:02:36-08:00,margaretbriggs,margaretbriggs,187,1913377872,Empty
2024-02-20 21:22:50-08:00,2024-02-20 21:22:50-08:00,suzanneburke,suzanneburke,188,1892131868,Empty
2024-02-20 21:22:50-08:00,2024-02-20 21:22:50-08:00,suzanneburke,suzanneburke,188,1496927375,Updating
2024-02-24 13:50:38-08:00,2024-02-24 13:50:38-08:00,colleenortiz,suzanneburke,188,1899572102,Criticizing
2024-02-24 13:50:38-08:00,2024-02-24 13:50:38-08:00,colleenortiz,suzanneburke,188,1899572102,Criticizing
2024-02-24 13:50:38-08:00,2024-02-24 13:50:38-08:00,colleenortiz,suzanneburke,188,1899572102,Updating
2024-02-24 13:50:38-08:00,2024-02-24 13:50:38-08:00,colleenortiz,suzanneburke,188,1899572102,Criticizing
2024-02-27 13:20:34-08:00,2024-02-27 13:18:48-08:00,colleenortiz,suzanneburke,188,1505006989,Updating
2024-02-27 13:20:34-08:00,2024-02-27 13:18:48-08:00,colleenortiz,suzanneburke,188,1505006989,Criticizing
2024-02-27 13:20:34-08:00,2024-02-27 13:18:48-08:00,colleenortiz,suzanneburke,188,1505006989,Updating
2024-02-27 13:20:34-08:00,2024-02-27 13:18:48-08:00,colleenortiz,suzanneburke,188,1505006989,Criticizing
2024-02-27 13:20:34-08:00,2024-02-27 13:18:48-08:00,colleenortiz,suzanneburke,188,1505006989,Directing
2024-02-27 13:20:34-08:00,2024-02-27 13:18:48-08:00,colleenortiz,suzanneburke,188,1505006989,Directing
2024-02-27 13:20:34-08:00,2024-02-27 13:18:48-08:00,colleenortiz,suzanneburke,188,1505006989,Criticizing
2024-02-27 13:20:34-08:00,2024-02-27 13:18:48-08:00,colleenortiz,suzanneburke,188,1505006989,Updating
2024-02-27 13:20:34-08:00,2024-02-27 13:18:48-08:00,colleenortiz,suzanneburke,188,1505006989,Directing
2024-02-27 13:20:34-08:00,2024-02-27 13:20:34-08:00,colleenortiz,suzanneburke,188,1904826006,Empty
2024-02-27 19:54:22-08:00,2024-02-27 19:54:22-08:00,suzanneburke,colleenortiz,189,1905256146,Approving
2024-02-27 19:54:22-08:00,2024-02-27 19:54:22-08:00,suzanneburke,colleenortiz,189,1905256146,Asking
2024-03-04 12:47:36-08:00,2024-03-04 12:35:06-08:00,colleenortiz,suzanneburke,192,1511759690,Directing
2024-03-04 12:47:36-08:00,2024-03-04 12:47:36-08:00,colleenortiz,suzanneburke,192,1915288903,Directing
2024-03-04 12:47:36-08:00,2024-03-04 12:47:36-08:00,colleenortiz,suzanneburke,192,1915288903,Directing
2024-03-04 12:47:36-08:00,2024-03-04 12:47:36-08:00,colleenortiz,suzanneburke,192,1915288903,Directing
2024-03-03 20:29:53-08:00,2024-03-03 20:29:53-08:00,suzanneburke,colleenortiz,193,1913355793,Empty
2024-03-04 10:57:54-08:00,2024-03-04 10:57:54-08:00,zmullins,colleenortiz,193,1915089640,Empty
2024-03-04 13:04:22-08:00,2024-03-04 13:02:56-08:00,colleenortiz,zmullins,194,1511787666,Criticizing
2024-03-04 13:04:22-08:00,2024-03-04 13:02:56-08:00,colleenortiz,zmullins,194,1511787666,Explaining
2024-03-04 13:04:22-08:00,2024-03-04 13:03:02-08:00,colleenortiz,zmullins,194,1511787791,Directing
2024-03-04 13:04:22-08:00,2024-03-04 13:04:05-08:00,colleenortiz,zmullins,194,1511789289,Directing
2024-03-04 13:04:22-08:00,2024-03-04 13:04:05-08:00,colleenortiz,zmullins,194,1511789289,Directing
2024-03-04 13:04:22-08:00,2024-03-04 13:04:05-08:00,colleenortiz,zmullins,194,1511789289,Explaining
2024-03-04 13:04:22-08:00,2024-03-04 13:04:22-08:00,colleenortiz,zmullins,194,1915344702,Directing
2024-03-06 18:06:54-08:00,2024-03-06 18:06:54-08:00,colleenortiz,zmullins,194,1921247577,Empty
2024-03-05 16:40:33-08:00,2024-03-05 16:40:33-08:00,colleenortiz,suzanneburke,199,1918442107,Directing
2024-04-05 23:47:39-07:00,2024-04-05 23:47:39-07:00,zmullins,jennifer91,203,1984452965,Approving
2024-04-05 23:47:39-07:00,2024-04-05 23:47:39-07:00,zmullins,jennifer91,203,1984452965,Criticizing
2024-04-05 23:47:39-07:00,2024-04-05 23:47:39-07:00,zmullins,jennifer91,203,1984452965,Updating
2024-04-05 23:47:39-07:00,2024-04-05 23:47:39-07:00,zmullins,jennifer91,203,1984452965,Approving
2024-04-06 11:24:55-07:00,2024-04-06 11:19:05-07:00,margaretbriggs,jennifer91,203,1554650191,Criticizing
2024-04-06 11:24:55-07:00,2024-04-06 11:20:15-07:00,margaretbriggs,jennifer91,203,1554650345,Criticizing
2024-04-06 11:24:55-07:00,2024-04-06 11:20:54-07:00,margaretbriggs,jennifer91,203,1554650397,Criticizing
2024-04-06 11:24:55-07:00,2024-04-06 11:24:55-07:00,margaretbriggs,jennifer91,203,1984596495,Empty
2024-04-06 18:50:11-07:00,2024-04-06 18:50:11-07:00,colleenortiz,jennifer91,203,1982064599,Empty
2024-04-06 18:50:12-07:00,2024-04-04 23:35:55-07:00,colleenortiz,jennifer91,203,1553000405,Asking
2024-04-06 18:50:12-07:00,2024-04-04 23:36:27-07:00,colleenortiz,jennifer91,203,1553000802,Directing
2024-04-06 18:50:12-07:00,2024-04-04 23:38:00-07:00,colleenortiz,jennifer91,203,1553002500,Asking
2024-04-06 19:08:27-07:00,2024-04-06 19:08:27-07:00,jennifer91,jennifer91,203,1554796829,Explaining
2024-04-06 19:08:27-07:00,2024-04-06 19:08:27-07:00,jennifer91,jennifer91,203,1984817385,Empty
2024-03-10 20:26:33-07:00,2024-03-10 20:26:33-07:00,margaretbriggs,suzanneburke,206,1926874820,Empty
2024-03-10 22:37:53-07:00,2024-03-10 22:37:53-07:00,colleenortiz,suzanneburke,206,1926963927,Empty
2024-03-28 19:52:17-07:00,2024-03-28 19:52:17-07:00,jennifer91,zmullins,210,1967738377,Approving
2024-03-28 19:52:17-07:00,2024-03-28 19:52:17-07:00,jennifer91,zmullins,210,1967738377,Updating
2024-03-28 19:52:17-07:00,2024-03-28 19:52:17-07:00,jennifer91,zmullins,210,1967738377,Criticizing
2024-03-29 22:16:20-07:00,2024-03-29 22:16:20-07:00,margaretbriggs,zmullins,210,1969813338,Updating
2024-03-17 22:55:09-07:00,2024-03-17 22:55:09-07:00,margaretbriggs,colleenortiz,215,1942029306,Empty
2024-03-17 22:56:42-07:00,2024-03-17 22:56:42-07:00,zmullins,colleenortiz,215,1942030781,Empty
2024-03-31 20:43:42-07:00,2024-03-31 20:38:54-07:00,margaretbriggs,zmullins,217,1545934972,Criticizing
2024-03-31 20:43:42-07:00,2024-03-31 20:39:16-07:00,margaretbriggs,zmullins,217,1545935066,Criticizing
2024-03-31 20:43:42-07:00,2024-03-31 20:40:22-07:00,margaretbriggs,zmullins,217,1545935373,Criticizing
2024-03-31 20:43:42-07:00,2024-03-31 20:40:22-07:00,margaretbriggs,zmullins,217,1545935373,Criticizing
2024-03-31 20:43:42-07:00,2024-03-31 20:43:04-07:00,margaretbriggs,zmullins,217,1545936132,Criticizing
2024-03-31 20:43:42-07:00,2024-03-31 20:43:42-07:00,margaretbriggs,zmullins,217,1970614864,Empty
2024-04-01 21:08:11-07:00,2024-04-01 21:08:11-07:00,margaretbriggs,zmullins,217,1972568630,Empty
2024-04-02 21:19:10-07:00,2024-04-02 21:19:10-07:00,colleenortiz,zmullins,217,1975452655,Approving
2024-03-25 16:52:20-07:00,2024-03-25 16:37:27-07:00,jennifer91,margaretbriggs,229,1538367877,Directing
2024-03-25 16:52:20-07:00,2024-03-25 16:37:49-07:00,jennifer91,margaretbriggs,229,1538368245,Directing
2024-03-25 16:52:20-07:00,2024-03-25 16:38:07-07:00,jennifer91,margaretbriggs,229,1538368397,Directing
2024-03-25 16:52:20-07:00,2024-03-25 16:38:40-07:00,jennifer91,margaretbriggs,229,1538368696,Directing
2024-03-25 16:52:20-07:00,2024-03-25 16:38:56-07:00,jennifer91,margaretbriggs,229,1538368840,Directing
2024-03-25 16:52:20-07:00,2024-03-25 16:39:17-07:00,jennifer91,margaretbriggs,229,1538369017,Directing
2024-03-25 16:52:20-07:00,2024-03-25 16:41:24-07:00,jennifer91,margaretbriggs,229,1538370233,Criticizing
2024-03-25 16:52:20-07:00,2024-03-25 16:52:20-07:00,jennifer91,margaretbriggs,229,1958983688,Approving
2024-03-25 16:52:20-07:00,2024-03-25 16:52:20-07:00,jennifer91,margaretbriggs,229,1958983688,Directing
2024-03-27 03:10:37-07:00,2024-03-27 03:10:37-07:00,zmullins,margaretbriggs,229,1962852071,Approving
2024-03-27 03:10:37-07:00,2024-03-27 03:10:37-07:00,zmullins,margaretbriggs,229,1962852071,Approving
2024-03-28 19:38:35-07:00,2024-03-28 19:38:35-07:00,colleenortiz,zmullins,230,1543980892,Directing
2024-03-28 19:38:35-07:00,2024-03-28 19:38:35-07:00,colleenortiz,zmullins,230,1967726546,Empty
2024-04-04 13:01:29-07:00,2024-04-04 13:01:29-07:00,margaretbriggs,zmullins,230,1981024460,Empty
2024-04-06 23:20:29-07:00,2024-04-06 23:20:29-07:00,jennifer91,zmullins,230,1984855315,Empty
2024-03-24 20:04:30-07:00,2024-03-24 20:04:23-07:00,colleenortiz,zmullins,231,1537008094,Criticizing
2024-03-24 20:04:30-07:00,2024-03-24 20:04:23-07:00,colleenortiz,zmullins,231,1537008094,Directing
2024-03-24 20:04:30-07:00,2024-03-24 20:04:23-07:00,colleenortiz,zmullins,231,1537008094,Directing
2024-03-24 20:04:30-07:00,2024-03-24 20:04:23-07:00,colleenortiz,zmullins,231,1537008094,Explaining
2024-03-24 20:04:30-07:00,2024-03-24 20:04:23-07:00,colleenortiz,zmullins,231,1537008094,Updating
2024-03-24 20:04:30-07:00,2024-03-24 20:04:30-07:00,colleenortiz,zmullins,231,1956801307,Criticizing
2024-03-31 20:32:04-07:00,2024-03-31 20:32:04-07:00,margaretbriggs,zmullins,231,1970612069,Empty
2024-04-06 23:20:08-07:00,2024-04-06 23:20:08-07:00,jennifer91,zmullins,231,1984855274,Empty
2024-03-24 20:27:16-07:00,2024-03-24 20:27:16-07:00,margaretbriggs,colleenortiz,232,1956814528,Empty
2024-03-24 20:29:13-07:00,2024-03-24 20:29:13-07:00,suzanneburke,colleenortiz,232,1956815651,Empty
2024-04-04 13:28:16-07:00,2024-04-04 13:28:16-07:00,margaretbriggs,zmullins,234,1981077031,Empty
2024-04-06 23:19:30-07:00,2024-04-06 23:19:30-07:00,jennifer91,zmullins,234,1984855185,Empty
2024-03-29 20:22:46-07:00,2024-03-29 20:21:04-07:00,colleenortiz,zmullins,235,1545055271,Criticizing
2024-03-29 20:22:46-07:00,2024-03-29 20:21:22-07:00,colleenortiz,zmullins,235,1545055512,Directing
2024-03-29 20:22:46-07:00,2024-03-29 20:22:27-07:00,colleenortiz,zmullins,235,1545056227,Updating
2024-03-29 20:22:46-07:00,2024-03-29 20:22:27-07:00,colleenortiz,zmullins,235,1545056227,Approving
2024-03-29 20:22:46-07:00,2024-03-29 20:22:27-07:00,colleenortiz,zmullins,235,1545056227,Criticizing
2024-03-29 20:22:46-07:00,2024-03-29 20:22:46-07:00,colleenortiz,zmullins,235,1969737154,Criticizing
2024-03-29 20:22:46-07:00,2024-03-29 20:22:46-07:00,colleenortiz,zmullins,235,1969737154,Directing
2024-04-01 16:47:19-07:00,2024-04-01 16:47:19-07:00,zmullins,zmullins,235,1546973753,Explaining
2024-04-01 16:47:19-07:00,2024-04-01 16:47:19-07:00,zmullins,zmullins,235,1972363541,Empty
2024-04-02 21:17:10-07:00,2024-04-02 21:17:10-07:00,colleenortiz,zmullins,235,1975451333,Updating
2024-04-02 21:17:10-07:00,2024-04-02 21:17:10-07:00,colleenortiz,zmullins,235,1975451333,Criticizing
2024-04-04 13:24:17-07:00,2024-04-04 13:24:17-07:00,margaretbriggs,zmullins,235,1981069667,Empty
2024-04-02 21:15:11-07:00,2024-04-02 21:15:11-07:00,colleenortiz,zmullins,236,1975450008,Approving
2024-04-02 21:15:11-07:00,2024-04-02 21:15:11-07:00,colleenortiz,zmullins,236,1975450008,Criticizing
2024-04-02 21:15:11-07:00,2024-04-02 21:15:11-07:00,colleenortiz,zmullins,236,1975450008,Approving
2024-04-04 12:43:32-07:00,2024-04-04 12:43:32-07:00,margaretbriggs,zmullins,236,1980987636,Empty
2024-03-29 18:31:17-07:00,2024-03-29 18:31:17-07:00,zmullins,jennifer91,238,1969713825,Updating
2024-03-29 18:31:17-07:00,2024-03-29 18:31:17-07:00,zmullins,jennifer91,238,1969713825,Approving
2024-03-29 18:31:17-07:00,2024-03-29 18:31:17-07:00,zmullins,jennifer91,238,1969713825,Updating
2024-03-29 21:06:10-07:00,2024-03-29 21:06:10-07:00,margaretbriggs,jennifer91,238,1969761918,Empty
2024-04-02 21:15:27-07:00,2024-04-02 21:15:27-07:00,colleenortiz,zmullins,239,1975450174,Empty
2024-04-04 12:42:57-07:00,2024-04-04 12:42:57-07:00,margaretbriggs,zmullins,239,1980986773,Empty
2024-04-02 15:58:15-07:00,2024-04-02 15:58:15-07:00,zmullins,colleenortiz,241,1975208189,Approving
2024-04-02 15:58:15-07:00,2024-04-02 15:58:15-07:00,zmullins,colleenortiz,241,1975208189,Updating
2024-04-02 15:58:15-07:00,2024-04-02 15:58:15-07:00,zmullins,colleenortiz,241,1975208189,Approving
2024-04-03 19:33:57-07:00,2024-04-03 19:33:57-07:00,suzanneburke,colleenortiz,241,1978530732,Approving
2024-04-03 19:33:57-07:00,2024-04-03 19:33:57-07:00,suzanneburke,colleenortiz,241,1978530732,Criticizing
2024-04-03 19:33:57-07:00,2024-04-03 19:33:57-07:00,suzanneburke,colleenortiz,241,1978530732,Updating
2024-03-31 23:22:25-07:00,2024-03-31 23:22:25-07:00,zmullins,suzanneburke,242,1970729209,Empty
2024-03-31 23:32:21-07:00,2024-03-31 23:32:21-07:00,colleenortiz,suzanneburke,242,1970739498,Approving
2024-04-06 09:53:32-07:00,2024-04-06 09:53:32-07:00,zmullins,colleenortiz,243,1984585977,Empty
2024-04-06 18:12:25-07:00,2024-04-06 18:12:25-07:00,jennifer91,colleenortiz,243,1984782464,Empty
2024-04-06 12:13:10-07:00,2024-04-06 12:13:10-07:00,margaretbriggs,suzanneburke,244,1984602885,Updating
2024-04-06 12:13:10-07:00,2024-04-06 12:13:10-07:00,margaretbriggs,suzanneburke,244,1984602885,Updating
2024-04-06 12:13:10-07:00,2024-04-06 12:13:10-07:00,margaretbriggs,suzanneburke,244,1984602885,Approving
2024-04-06 22:46:44-07:00,2024-04-06 22:46:44-07:00,zmullins,suzanneburke,244,1984850031,Updating
2024-04-07 21:35:46-07:00,2024-04-07 21:35:46-07:00,margaretbriggs,suzanneburke,246,1985423427,Empty
2024-04-07 23:51:42-07:00,2024-04-07 23:51:42-07:00,zmullins,suzanneburke,246,1985572191,Empty
