updated_at,created_at,commenter,pr_author,pr_id,comment_id,Code
2023-10-01 08:52:18-07:00,2023-10-01 08:52:18-07:00,rsmall,hlawrence,3,1651925130,Empty
2023-10-01 08:58:16-07:00,2023-10-01 08:58:16-07:00,rsmall,hlawrence,3,1651927117,Approving
2023-10-01 15:05:49-07:00,2023-10-01 15:05:49-07:00,bradley45,hlawrence,3,1651970683,Suggesting
2023-10-01 16:48:28-07:00,2023-10-01 16:48:28-07:00,bradley45,hlawrence,3,1651983912,Approving
2023-10-01 18:40:20-07:00,2023-10-01 18:40:20-07:00,oarellano,rsmall,7,1652021552,Approving
2023-10-01 19:34:48-07:00,2023-10-01 19:34:48-07:00,robertcarr,rsmall,7,1652044197,Empty
2023-10-01 20:56:42-07:00,2023-10-01 20:56:42-07:00,hlawrence,rsmall,9,1652077271,Approving
2023-10-01 20:57:15-07:00,2023-10-01 20:57:15-07:00,bradley45,rsmall,9,1652077502,Complimenting
2023-10-01 20:36:31-07:00,2023-10-01 20:36:31-07:00,rsmall,hlawrence,12,1652068932,Criticizing
2023-10-01 20:36:31-07:00,2023-10-01 20:36:31-07:00,rsmall,hlawrence,12,1652068932,Approving
2023-10-01 20:37:05-07:00,2023-10-01 20:37:05-07:00,robertcarr,hlawrence,12,1652069138,Complimenting
2023-10-01 20:45:31-07:00,2023-10-01 20:45:31-07:00,oarellano,rsmall,14,1652072948,Encouraging
2023-10-01 20:45:31-07:00,2023-10-01 20:45:31-07:00,oarellano,rsmall,14,1652072948,Approving
2023-10-01 21:01:02-07:00,2023-10-01 21:01:02-07:00,hlawrence,rsmall,14,1652078900,Approving
2023-10-01 21:03:20-07:00,2023-10-01 21:03:20-07:00,bradley45,rsmall,14,1652079831,Encouraging
2023-10-01 20:54:15-07:00,2023-10-01 20:54:15-07:00,rsmall,hlawrence,15,1652076304,Approving
2023-10-01 20:59:00-07:00,2023-10-01 20:59:00-07:00,oarellano,hlawrence,15,1652078131,Approving
2023-10-01 21:00:12-07:00,2023-10-01 21:00:12-07:00,bradley45,hlawrence,15,1652078587,Approving
2023-10-01 21:04:57-07:00,2023-10-01 21:04:57-07:00,robertcarr,hlawrence,15,1652080493,Approving
2023-10-01 21:02:13-07:00,2023-10-01 21:02:13-07:00,hlawrence,oarellano,16,1652079342,Approving
2023-10-01 21:04:36-07:00,2023-10-01 21:04:36-07:00,robertcarr,oarellano,16,1652080348,Approving
2023-10-01 21:05:53-07:00,2023-10-01 21:05:53-07:00,bradley45,oarellano,16,1652080849,Complimenting
2023-10-01 21:02:55-07:00,2023-10-01 21:02:55-07:00,hlawrence,bradley45,17,1652079662,Approving
2023-10-01 21:02:55-07:00,2023-10-01 21:02:55-07:00,hlawrence,bradley45,17,1652079662,Thanking
2023-10-01 21:04:11-07:00,2023-10-01 21:04:11-07:00,robertcarr,bradley45,17,1652080199,Approving
2023-10-01 21:04:16-07:00,2023-10-01 21:04:16-07:00,bradley45,robertcarr,18,1652080231,Complimenting
2023-10-01 21:04:37-07:00,2023-10-01 21:04:37-07:00,hlawrence,robertcarr,18,1652080357,Approving
2023-10-01 21:05:54-07:00,2023-10-01 21:05:54-07:00,oarellano,robertcarr,18,1652080856,Approving
2023-10-02 10:13:30-07:00,2023-10-02 10:13:30-07:00,robertcarr,rsmall,22,1653166678,Thanking
2023-10-02 10:14:09-07:00,2023-10-02 10:14:09-07:00,hlawrence,rsmall,22,1653167562,Thanking
2023-10-02 11:13:35-07:00,2023-10-02 11:13:35-07:00,rsmall,robertcarr,25,1653250860,Encouraging
2023-10-02 11:16:04-07:00,2023-10-02 11:11:43-07:00,bradley45,robertcarr,25,1343003388,Directing
2023-10-02 11:16:04-07:00,2023-10-02 11:11:43-07:00,bradley45,robertcarr,25,1343003388,Criticizing
2023-10-02 11:16:04-07:00,2023-10-02 11:13:58-07:00,bradley45,robertcarr,25,1343005408,Explaining
2023-10-02 11:16:04-07:00,2023-10-02 11:13:58-07:00,bradley45,robertcarr,25,1343005408,Directing
2023-10-02 11:16:04-07:00,2023-10-02 11:15:07-07:00,bradley45,robertcarr,25,1343006382,Criticizing
2023-10-02 11:16:04-07:00,2023-10-02 11:16:04-07:00,bradley45,robertcarr,25,1653248439,Criticizing
2023-10-02 12:07:23-07:00,2023-10-02 12:07:22-07:00,robertcarr,robertcarr,25,1343056471,Approving
2023-10-02 12:07:23-07:00,2023-10-02 12:07:22-07:00,robertcarr,robertcarr,25,1343056471,Asking
2023-10-02 12:07:23-07:00,2023-10-02 12:07:23-07:00,robertcarr,robertcarr,25,1653334278,Empty
2023-10-02 12:07:41-07:00,2023-10-02 12:07:41-07:00,robertcarr,robertcarr,25,1653334674,Empty
2023-10-02 12:07:49-07:00,2023-10-02 12:07:41-07:00,robertcarr,robertcarr,25,1343056718,Explaining
2023-10-02 12:08:55-07:00,2023-10-02 12:08:55-07:00,robertcarr,robertcarr,25,1653336246,Empty
2023-10-02 12:09:10-07:00,2023-10-02 12:08:55-07:00,robertcarr,robertcarr,25,1343057722,Explaining
2023-10-02 12:09:18-07:00,2023-10-02 12:09:18-07:00,robertcarr,robertcarr,25,1343058031,Asking
2023-10-02 12:09:18-07:00,2023-10-02 12:09:18-07:00,robertcarr,robertcarr,25,1653336784,Empty
2023-10-02 12:09:45-07:00,2023-10-02 12:09:45-07:00,robertcarr,robertcarr,25,1343058370,Explaining
2023-10-02 12:09:45-07:00,2023-10-02 12:09:45-07:00,robertcarr,robertcarr,25,1653337413,Empty
2023-10-02 12:48:40-07:00,2023-10-02 12:48:39-07:00,bradley45,robertcarr,25,1343090228,Agreeing
2023-10-02 12:48:40-07:00,2023-10-02 12:48:39-07:00,bradley45,robertcarr,25,1343090228,Updating
2023-10-02 12:48:40-07:00,2023-10-02 12:48:39-07:00,bradley45,robertcarr,25,1343090228,Directing
2023-10-02 12:48:40-07:00,2023-10-02 12:48:40-07:00,bradley45,robertcarr,25,1653388842,Empty
2023-10-02 12:50:38-07:00,2023-10-02 12:50:38-07:00,bradley45,robertcarr,25,1343091744,Explaining
2023-10-02 12:50:38-07:00,2023-10-02 12:50:38-07:00,bradley45,robertcarr,25,1343091744,Criticizing
2023-10-02 12:50:38-07:00,2023-10-02 12:50:38-07:00,bradley45,robertcarr,25,1653391300,Empty
2023-10-02 12:51:40-07:00,2023-10-02 12:51:40-07:00,bradley45,robertcarr,25,1653392691,Empty
2023-10-02 12:53:30-07:00,2023-10-02 12:53:30-07:00,bradley45,robertcarr,25,1653395208,Asking
2023-10-02 12:55:20-07:00,2023-10-02 12:55:20-07:00,bradley45,robertcarr,25,1653398582,Directing
2023-10-03 13:37:43-07:00,2023-10-03 13:37:16-07:00,hlawrence,robertcarr,25,1344710961,Directing
2023-10-03 13:37:43-07:00,2023-10-03 13:37:43-07:00,hlawrence,robertcarr,25,1656087053,Empty
2023-10-03 13:39:28-07:00,2023-10-03 13:37:04-07:00,bradley45,robertcarr,25,1344710805,Directing
2023-10-03 13:39:28-07:00,2023-10-03 13:39:28-07:00,bradley45,robertcarr,25,1656086794,Criticizing
2023-10-03 13:39:28-07:00,2023-10-03 13:39:28-07:00,bradley45,robertcarr,25,1656086794,Complimenting
2023-10-03 13:47:34-07:00,2023-10-03 13:47:34-07:00,hlawrence,robertcarr,25,1656101463,Approving
2023-10-03 14:48:35-07:00,2023-10-03 14:48:35-07:00,rsmall,robertcarr,31,1656184228,Approving
2023-10-03 16:39:13-07:00,2023-10-03 16:39:13-07:00,hlawrence,robertcarr,31,1656299545,Approving
2023-10-03 17:46:34-07:00,2023-10-03 17:46:34-07:00,bradley45,robertcarr,31,1656468751,Directing
2023-10-04 10:06:12-07:00,2023-10-04 10:06:12-07:00,bradley45,robertcarr,31,1658111430,Explaining
2023-10-04 10:06:12-07:00,2023-10-04 10:06:12-07:00,bradley45,robertcarr,31,1658111430,Approving
2023-10-04 10:06:12-07:00,2023-10-04 10:06:12-07:00,bradley45,robertcarr,31,1658111430,Directing
2023-10-02 12:59:16-07:00,2023-10-02 12:59:16-07:00,bradley45,rsmall,32,1343098990,Criticizing
2023-10-02 12:59:16-07:00,2023-10-02 12:59:16-07:00,bradley45,rsmall,32,1653403849,Empty
2023-10-03 16:49:27-07:00,2023-10-03 16:49:27-07:00,hlawrence,rsmall,32,1656308515,Approving
2023-10-03 16:49:27-07:00,2023-10-03 16:49:27-07:00,hlawrence,rsmall,32,1656308515,Complimenting
2023-10-03 17:45:12-07:00,2023-10-03 17:43:25-07:00,bradley45,rsmall,32,1345018988,Directing
2023-10-03 17:45:12-07:00,2023-10-03 17:43:25-07:00,bradley45,rsmall,32,1345018988,Directing
2023-10-03 17:45:12-07:00,2023-10-03 17:44:22-07:00,bradley45,rsmall,32,1345019504,Directing
2023-10-03 17:45:12-07:00,2023-10-03 17:45:12-07:00,bradley45,rsmall,32,1656466362,Apologizing
2023-10-03 20:55:51-07:00,2023-10-03 20:55:51-07:00,bradley45,rsmall,32,1656627105,Criticizing
2023-10-04 10:56:33-07:00,2023-10-04 10:56:33-07:00,rsmall,bradley45,35,1658197347,Approving
2023-10-04 13:40:35-07:00,2023-10-04 13:40:35-07:00,hlawrence,bradley45,35,1658447709,Approving
2023-10-05 22:20:13-07:00,2023-10-05 22:20:13-07:00,rsmall,bradley45,36,1661131048,Approving
2023-10-05 22:20:13-07:00,2023-10-05 22:20:13-07:00,rsmall,bradley45,36,1661131048,Asking
2023-10-05 23:11:44-07:00,2023-10-05 23:11:44-07:00,oarellano,bradley45,36,1661172478,Approving
2023-10-05 23:17:24-07:00,2023-10-05 22:42:49-07:00,rsmall,bradley45,41,1348265539,Directing
2023-10-05 23:17:24-07:00,2023-10-05 22:53:03-07:00,rsmall,bradley45,41,1348270868,Asking
2023-10-05 23:17:24-07:00,2023-10-05 22:54:35-07:00,rsmall,bradley45,41,1348271628,Directing
2023-10-05 23:17:24-07:00,2023-10-05 22:54:35-07:00,rsmall,bradley45,41,1348271628,Explaining
2023-10-05 23:17:24-07:00,2023-10-05 22:56:12-07:00,rsmall,bradley45,41,1348272604,Suggesting
2023-10-05 23:17:24-07:00,2023-10-05 22:56:12-07:00,rsmall,bradley45,41,1348272604,Explaining
2023-10-05 23:17:24-07:00,2023-10-05 23:02:39-07:00,rsmall,bradley45,41,1348276333,Complimenting
2023-10-05 23:17:24-07:00,2023-10-05 23:02:39-07:00,rsmall,bradley45,41,1348276333,Asking
2023-10-05 23:17:24-07:00,2023-10-05 23:02:39-07:00,rsmall,bradley45,41,1348276333,Criticizing
2023-10-05 23:17:24-07:00,2023-10-05 23:10:36-07:00,rsmall,bradley45,41,1348280796,Asking
2023-10-05 23:17:24-07:00,2023-10-05 23:15:10-07:00,rsmall,bradley45,41,1348283637,Criticizing
2023-10-05 23:17:24-07:00,2023-10-05 23:15:10-07:00,rsmall,bradley45,41,1348283637,Asking
2023-10-05 23:17:24-07:00,2023-10-05 23:17:24-07:00,rsmall,bradley45,41,1661147911,Approving
2023-10-05 23:17:24-07:00,2023-10-05 23:17:24-07:00,rsmall,bradley45,41,1661147911,Complimenting
2023-10-06 10:05:46-07:00,2023-10-06 10:05:46-07:00,bradley45,bradley45,41,1662329321,Empty
2023-10-06 10:06:00-07:00,2023-10-06 10:05:46-07:00,bradley45,bradley45,41,1348988476,Directing
2023-10-06 10:07:34-07:00,2023-10-06 10:07:34-07:00,bradley45,bradley45,41,1348989918,Agreeing
2023-10-06 10:07:34-07:00,2023-10-06 10:07:34-07:00,bradley45,bradley45,41,1348989918,Updating
2023-10-06 10:07:34-07:00,2023-10-06 10:07:34-07:00,bradley45,bradley45,41,1662333307,Empty
2023-10-06 10:12:11-07:00,2023-10-06 10:12:11-07:00,bradley45,bradley45,41,1349013152,Explaining
2023-10-06 10:12:11-07:00,2023-10-06 10:12:11-07:00,bradley45,bradley45,41,1662363384,Empty
2023-10-06 10:42:43-07:00,2023-10-06 10:35:58-07:00,robertcarr,bradley45,41,1349136976,Asking
2023-10-06 10:42:43-07:00,2023-10-06 10:37:39-07:00,robertcarr,bradley45,41,1349138923,Asking
2023-10-06 10:42:43-07:00,2023-10-06 10:41:10-07:00,robertcarr,bradley45,41,1349141732,Directing
2023-10-06 10:42:43-07:00,2023-10-06 10:42:43-07:00,robertcarr,bradley45,41,1662517925,Empty
2023-10-06 10:43:45-07:00,2023-10-06 10:43:45-07:00,robertcarr,bradley45,41,1662528720,Criticizing
2023-10-06 10:46:46-07:00,2023-10-06 10:46:46-07:00,bradley45,bradley45,41,1662532514,Empty
2023-10-06 10:46:46-07:00,2023-10-06 10:46:46-07:00,bradley45,bradley45,41,1349146386,Explaining
2023-10-06 10:46:46-07:00,2023-10-06 10:46:46-07:00,bradley45,bradley45,41,1349146386,Directing
2023-10-06 10:47:14-07:00,2023-10-06 10:47:14-07:00,bradley45,bradley45,41,1662533121,Empty
2023-10-06 10:47:14-07:00,2023-10-06 10:47:14-07:00,bradley45,bradley45,41,1349146749,Disagreeing
2023-10-06 10:47:14-07:00,2023-10-06 10:47:14-07:00,bradley45,bradley45,41,1349146749,Explaining
2023-10-06 10:48:35-07:00,2023-10-06 10:48:35-07:00,bradley45,bradley45,41,1349147817,Directing
2023-10-06 10:48:35-07:00,2023-10-06 10:48:35-07:00,bradley45,bradley45,41,1349147817,Disagreeing
2023-10-06 10:48:35-07:00,2023-10-06 10:48:35-07:00,bradley45,bradley45,41,1662534818,Empty
2023-10-06 12:45:30-07:00,2023-10-06 11:58:05-07:00,rsmall,bradley45,41,1349210248,Criticizing
2023-10-06 12:45:30-07:00,2023-10-06 11:58:05-07:00,rsmall,bradley45,41,1349210248,Criticizing
2023-10-06 12:45:30-07:00,2023-10-06 12:45:30-07:00,rsmall,bradley45,41,1662633874,Empty
2023-10-06 16:00:27-07:00,2023-10-06 15:59:43-07:00,hlawrence,bradley45,41,1349379680,Directing
2023-10-06 16:00:27-07:00,2023-10-06 16:00:27-07:00,hlawrence,bradley45,41,1662890972,Empty
2023-10-08 08:45:48-07:00,2023-10-08 08:45:48-07:00,robertcarr,bradley45,41,1349737337,Agreeing
2023-10-08 08:45:48-07:00,2023-10-08 08:45:48-07:00,robertcarr,bradley45,41,1349737337,Directing
2023-10-08 08:45:48-07:00,2023-10-08 08:45:48-07:00,robertcarr,bradley45,41,1663302729,Empty
2023-10-08 08:46:11-07:00,2023-10-08 08:46:10-07:00,robertcarr,bradley45,41,1349737440,Agreeing
2023-10-08 08:46:11-07:00,2023-10-08 08:46:11-07:00,robertcarr,bradley45,41,1663303851,Empty
2023-10-18 13:55:51-07:00,2023-10-18 13:51:53-07:00,robertcarr,bradley45,41,1364521751,Directing
2023-10-18 13:55:51-07:00,2023-10-18 13:55:51-07:00,robertcarr,bradley45,41,1686122879,Empty
2023-10-18 13:55:52-07:00,2023-10-18 13:53:50-07:00,robertcarr,bradley45,41,1364523516,Directing
2023-10-18 13:55:52-07:00,2023-10-18 13:54:44-07:00,robertcarr,bradley45,41,1364524392,Criticizing
2023-10-18 13:55:52-07:00,2023-10-18 13:55:02-07:00,robertcarr,bradley45,41,1364524701,Asking
2023-10-18 13:58:48-07:00,2023-10-18 13:57:06-07:00,robertcarr,bradley45,41,1364526685,Directing
2023-10-18 13:58:48-07:00,2023-10-18 13:58:48-07:00,robertcarr,bradley45,41,1686130031,Empty
2023-10-18 13:58:49-07:00,2023-10-18 13:58:04-07:00,robertcarr,bradley45,41,1364527522,Asking
2023-10-18 13:58:49-07:00,2023-10-18 13:58:23-07:00,robertcarr,bradley45,41,1364527772,Directing
2023-10-18 15:56:54-07:00,2023-10-18 15:56:54-07:00,bradley45,bradley45,41,1686337047,Empty
2023-10-18 15:56:54-07:00,2023-10-18 15:56:54-07:00,bradley45,bradley45,41,1364663651,Criticizing
2023-10-24 12:41:18-07:00,2023-10-24 12:37:54-07:00,hlawrence,bradley45,41,1370729563,Directing
2023-10-24 12:41:18-07:00,2023-10-24 12:39:17-07:00,hlawrence,bradley45,41,1370730771,Asking
2023-10-24 12:41:18-07:00,2023-10-24 12:39:17-07:00,hlawrence,bradley45,41,1370730771,Suggesting
2023-10-24 12:41:18-07:00,2023-10-24 12:39:24-07:00,hlawrence,bradley45,41,1370730860,Directing
2023-10-24 12:41:18-07:00,2023-10-24 12:39:42-07:00,hlawrence,bradley45,41,1370731090,Directing
2023-10-24 12:41:18-07:00,2023-10-24 12:41:18-07:00,hlawrence,bradley45,41,1695746150,Directing
2023-10-26 14:28:32-07:00,2023-10-26 14:28:32-07:00,bradley45,bradley45,41,1700670766,Empty
2023-10-26 14:28:32-07:00,2023-10-26 14:28:32-07:00,bradley45,bradley45,41,1373834645,Explaining
2023-10-26 14:34:10-07:00,2023-10-26 14:34:10-07:00,bradley45,bradley45,41,1373839527,Updating
2023-10-26 14:34:10-07:00,2023-10-26 14:34:10-07:00,bradley45,bradley45,41,1700677271,Empty
2023-10-26 14:43:36-07:00,2023-10-26 14:43:36-07:00,robertcarr,bradley45,41,1373847023,Disagreeing
2023-10-26 14:43:36-07:00,2023-10-26 14:43:36-07:00,robertcarr,bradley45,41,1373847023,Directing
2023-10-26 14:43:36-07:00,2023-10-26 14:43:36-07:00,robertcarr,bradley45,41,1700687295,Empty
2023-10-26 14:53:45-07:00,2023-10-26 14:53:45-07:00,bradley45,bradley45,41,1700697007,Empty
2023-10-26 14:53:46-07:00,2023-10-26 14:53:45-07:00,bradley45,bradley45,41,1373854283,Criticizing
2023-10-26 14:53:46-07:00,2023-10-26 14:53:45-07:00,bradley45,bradley45,41,1373854283,Criticizing
2023-10-27 09:13:42-07:00,2023-10-27 08:57:38-07:00,hlawrence,bradley45,41,1374771956,Criticizing
2023-10-27 09:13:42-07:00,2023-10-27 09:01:57-07:00,hlawrence,bradley45,41,1374776488,Criticizing
2023-10-27 09:13:42-07:00,2023-10-27 09:13:42-07:00,hlawrence,bradley45,41,1702104024,Approving
2023-10-27 09:13:42-07:00,2023-10-27 09:13:42-07:00,hlawrence,bradley45,41,1702104024,Updating
2023-10-27 09:13:42-07:00,2023-10-27 09:13:42-07:00,hlawrence,bradley45,41,1702104024,Criticizing
2023-10-27 09:13:42-07:00,2023-10-27 09:13:42-07:00,hlawrence,bradley45,41,1702104024,Directing
2023-10-27 09:22:31-07:00,2023-10-27 09:22:31-07:00,hlawrence,bradley45,41,1702141977,Empty
2023-10-27 09:22:31-07:00,2023-10-27 09:22:31-07:00,hlawrence,bradley45,41,1374796325,Directing
2023-10-27 09:54:45-07:00,2023-10-27 09:23:34-07:00,robertcarr,bradley45,41,1374797321,Criticizing
2023-10-27 09:54:45-07:00,2023-10-27 09:43:24-07:00,robertcarr,bradley45,41,1374820300,Criticizing
2023-10-27 09:54:45-07:00,2023-10-27 09:46:47-07:00,robertcarr,bradley45,41,1374824697,Asking
2023-10-27 09:54:45-07:00,2023-10-27 09:46:47-07:00,robertcarr,bradley45,41,1374824697,Criticizing
2023-10-27 09:54:45-07:00,2023-10-27 09:47:43-07:00,robertcarr,bradley45,41,1374825503,Approving
2023-10-27 09:54:45-07:00,2023-10-27 09:47:43-07:00,robertcarr,bradley45,41,1374825503,Suggesting
2023-10-27 09:54:45-07:00,2023-10-27 09:48:33-07:00,robertcarr,bradley45,41,1374826253,Asking
2023-10-27 09:54:45-07:00,2023-10-27 09:48:33-07:00,robertcarr,bradley45,41,1374826253,Asking
2023-10-27 09:54:45-07:00,2023-10-27 09:50:54-07:00,robertcarr,bradley45,41,1374828578,Approving
2023-10-27 09:54:45-07:00,2023-10-27 09:50:54-07:00,robertcarr,bradley45,41,1374828578,Suggesting
2023-10-27 09:54:45-07:00,2023-10-27 09:51:09-07:00,robertcarr,bradley45,41,1374828786,Explaining
2023-10-27 09:54:45-07:00,2023-10-27 09:51:37-07:00,robertcarr,bradley45,41,1374829167,Approving
2023-10-27 09:54:45-07:00,2023-10-27 09:51:37-07:00,robertcarr,bradley45,41,1374829167,Criticizing
2023-10-27 09:54:45-07:00,2023-10-27 09:53:19-07:00,robertcarr,bradley45,41,1374830657,Directing
2023-10-27 09:54:45-07:00,2023-10-27 09:53:19-07:00,robertcarr,bradley45,41,1374830657,Directing
2023-10-27 09:54:45-07:00,2023-10-27 09:54:45-07:00,robertcarr,bradley45,41,1702143530,Thanking
2023-10-27 09:54:45-07:00,2023-10-27 09:54:45-07:00,robertcarr,bradley45,41,1702143530,Criticizing
2023-10-27 15:48:47-07:00,2023-10-27 15:36:26-07:00,rsmall,bradley45,41,1375100060,Criticizing
2023-10-27 15:48:47-07:00,2023-10-27 15:36:26-07:00,rsmall,bradley45,41,1375100060,Updating
2023-10-27 15:48:47-07:00,2023-10-27 15:36:26-07:00,rsmall,bradley45,41,1375100060,Directing
2023-10-27 15:48:47-07:00,2023-10-27 15:48:29-07:00,rsmall,bradley45,41,1375104380,Criticizing
2023-10-27 15:48:47-07:00,2023-10-27 15:48:47-07:00,rsmall,bradley45,41,1702618134,Criticizing
2023-10-27 18:15:21-07:00,2023-10-27 18:15:21-07:00,bradley45,bradley45,41,1702669943,Empty
2023-10-27 18:15:21-07:00,2023-10-27 18:15:21-07:00,bradley45,bradley45,41,1375140391,Criticizing
2023-10-27 18:17:34-07:00,2023-10-27 18:17:34-07:00,bradley45,bradley45,41,1702670238,Empty
2023-10-27 18:17:35-07:00,2023-10-27 18:17:34-07:00,bradley45,bradley45,41,1375140678,Explaining
2023-10-27 18:17:53-07:00,2023-10-27 18:17:53-07:00,bradley45,bradley45,41,1702670282,Empty
2023-10-27 18:18:07-07:00,2023-10-27 18:17:53-07:00,bradley45,bradley45,41,1375140723,Criticizing
2023-10-27 18:21:30-07:00,2023-10-27 18:21:30-07:00,bradley45,bradley45,41,1375141128,Explaining
2023-10-27 18:21:30-07:00,2023-10-27 18:21:30-07:00,bradley45,bradley45,41,1375141128,Updating
2023-10-27 18:21:30-07:00,2023-10-27 18:21:30-07:00,bradley45,bradley45,41,1375141128,Updating
2023-10-27 18:21:30-07:00,2023-10-27 18:21:30-07:00,bradley45,bradley45,41,1375141128,Updating
2023-10-27 18:21:30-07:00,2023-10-27 18:21:30-07:00,bradley45,bradley45,41,1375141128,Directing
2023-10-27 18:21:30-07:00,2023-10-27 18:21:30-07:00,bradley45,bradley45,41,1702670711,Empty
2023-10-27 18:21:52-07:00,2023-10-27 18:21:52-07:00,bradley45,bradley45,41,1702670774,Empty
2023-10-27 18:21:52-07:00,2023-10-27 18:21:52-07:00,bradley45,bradley45,41,1375141183,Directing
2023-10-27 18:22:46-07:00,2023-10-27 18:22:46-07:00,bradley45,bradley45,41,1375141302,Directing
2023-10-27 18:22:46-07:00,2023-10-27 18:22:46-07:00,bradley45,bradley45,41,1702670900,Empty
2023-10-27 18:23:17-07:00,2023-10-27 18:23:17-07:00,bradley45,bradley45,41,1375141345,Updating
2023-10-27 18:23:17-07:00,2023-10-27 18:23:17-07:00,bradley45,bradley45,41,1702670977,Empty
2023-10-27 18:24:03-07:00,2023-10-27 18:24:03-07:00,bradley45,bradley45,41,1375141500,Updating
2023-10-27 18:24:03-07:00,2023-10-27 18:24:03-07:00,bradley45,bradley45,41,1702671199,Empty
2023-10-27 18:26:36-07:00,2023-10-27 18:26:36-07:00,bradley45,bradley45,41,1375141794,Directing
2023-10-27 18:26:36-07:00,2023-10-27 18:26:36-07:00,bradley45,bradley45,41,1702671533,Empty
2023-10-27 18:49:23-07:00,2023-10-27 18:49:23-07:00,hlawrence,bradley45,41,1702676028,Empty
2023-10-27 18:49:24-07:00,2023-10-27 18:49:23-07:00,hlawrence,bradley45,41,1375145405,Disagreeing
2023-10-27 20:39:00-07:00,2023-10-27 20:39:00-07:00,rsmall,bradley45,41,1702689988,Empty
2023-10-27 20:39:00-07:00,2023-10-27 20:39:00-07:00,rsmall,bradley45,41,1375157955,Agreeing
2023-10-27 20:39:39-07:00,2023-10-27 20:39:39-07:00,rsmall,bradley45,41,1702690054,Approving
2023-10-27 20:57:43-07:00,2023-10-27 20:57:43-07:00,robertcarr,bradley45,41,1702691854,Approving
2023-10-27 23:06:45-07:00,2023-10-27 23:06:45-07:00,hlawrence,bradley45,41,1702713937,Approving
2023-10-06 11:22:02-07:00,2023-10-06 11:17:42-07:00,bradley45,rsmall,50,1349173163,Directing
2023-10-06 11:22:02-07:00,2023-10-06 11:18:17-07:00,bradley45,rsmall,50,1349173719,Directing
2023-10-06 11:22:02-07:00,2023-10-06 11:19:05-07:00,bradley45,rsmall,50,1349174641,Asking
2023-10-06 11:22:02-07:00,2023-10-06 11:19:48-07:00,bradley45,rsmall,50,1349175172,Directing
2023-10-06 11:22:02-07:00,2023-10-06 11:20:40-07:00,bradley45,rsmall,50,1349175875,Directing
2023-10-06 11:22:02-07:00,2023-10-06 11:21:37-07:00,bradley45,rsmall,50,1349176597,Asking
2023-10-06 11:22:02-07:00,2023-10-06 11:22:02-07:00,bradley45,rsmall,50,1662575013,Criticizing
2023-10-06 11:22:02-07:00,2023-10-06 11:22:02-07:00,bradley45,rsmall,50,1662575013,Approving
2023-10-06 11:47:59-07:00,2023-10-06 11:47:59-07:00,rsmall,rsmall,50,1662621271,Empty
2023-10-06 11:47:59-07:00,2023-10-06 11:47:59-07:00,rsmall,rsmall,50,1349202298,Disagreeing
2023-10-06 12:47:16-07:00,2023-10-06 12:47:16-07:00,rsmall,rsmall,50,1349251862,Explaining
2023-10-06 12:47:16-07:00,2023-10-06 12:47:16-07:00,rsmall,rsmall,50,1662698221,Empty
2023-10-06 12:47:39-07:00,2023-10-06 12:47:39-07:00,rsmall,rsmall,50,1662698643,Empty
2023-10-06 12:47:39-07:00,2023-10-06 12:47:39-07:00,rsmall,rsmall,50,1349252164,Explaining
2023-10-06 12:47:39-07:00,2023-10-06 12:47:39-07:00,rsmall,rsmall,50,1349252164,Agreeing
2023-10-06 12:52:00-07:00,2023-10-06 12:52:00-07:00,rsmall,rsmall,50,1662705002,Empty
2023-10-06 12:52:00-07:00,2023-10-06 12:52:00-07:00,rsmall,rsmall,50,1349256525,Asking
2023-10-06 13:06:12-07:00,2023-10-06 13:06:12-07:00,rsmall,rsmall,50,1662730968,Empty
2023-10-06 13:06:12-07:00,2023-10-06 13:06:12-07:00,rsmall,rsmall,50,1349276487,Criticizing
2023-10-07 09:24:43-07:00,2023-10-07 09:24:43-07:00,robertcarr,rsmall,50,1663073555,Empty
2023-10-07 09:24:43-07:00,2023-10-07 09:24:43-07:00,robertcarr,rsmall,50,1349541195,Criticizing
2023-10-07 17:58:09-07:00,2023-10-07 17:58:09-07:00,bradley45,rsmall,50,1663139703,Empty
2023-10-07 17:58:09-07:00,2023-10-07 17:58:09-07:00,bradley45,rsmall,50,1349604076,Explaining
2023-10-07 17:58:09-07:00,2023-10-07 17:58:09-07:00,bradley45,rsmall,50,1349604076,Directing
2023-10-07 17:58:37-07:00,2023-10-07 17:58:37-07:00,bradley45,rsmall,50,1663139726,Empty
2023-10-07 17:58:37-07:00,2023-10-07 17:58:37-07:00,bradley45,rsmall,50,1349604088,Approving
2023-10-07 18:01:54-07:00,2023-10-07 18:01:53-07:00,bradley45,rsmall,50,1349604311,Asking
2023-10-07 18:01:54-07:00,2023-10-07 18:01:54-07:00,bradley45,rsmall,50,1663139910,Empty
2023-10-08 12:49:16-07:00,2023-10-08 12:49:16-07:00,rsmall,rsmall,50,1663590631,Empty
2023-10-08 12:49:16-07:00,2023-10-08 12:49:16-07:00,rsmall,rsmall,50,1349767756,Criticizing
2023-10-08 16:07:13-07:00,2023-10-08 16:07:13-07:00,bradley45,rsmall,50,1663615984,Directing
2023-10-08 16:11:39-07:00,2023-10-08 16:11:29-07:00,bradley45,rsmall,50,1349792742,Criticizing
2023-10-08 16:11:39-07:00,2023-10-08 16:11:39-07:00,bradley45,rsmall,50,1663616692,Empty
2023-10-08 16:12:30-07:00,2023-10-08 16:12:30-07:00,robertcarr,rsmall,50,1663616831,Approving
2023-10-06 11:16:46-07:00,2023-10-06 11:16:46-07:00,bradley45,robertcarr,51,1662573842,Complimenting
2023-10-06 11:53:46-07:00,2023-10-06 11:53:46-07:00,bradley45,robertcarr,51,1662628535,Explaining
2023-10-06 11:53:46-07:00,2023-10-06 11:53:46-07:00,bradley45,robertcarr,51,1662628535,Directing
2023-10-06 14:56:47-07:00,2023-10-06 14:56:47-07:00,rsmall,robertcarr,51,1662842843,Approving
2023-10-06 19:10:44-07:00,2023-10-06 19:10:44-07:00,hlawrence,robertcarr,51,1662967886,Approving
2023-10-06 21:39:22-07:00,2023-10-06 21:39:22-07:00,rsmall,robertcarr,51,1662995966,Approving
2023-10-07 10:25:16-07:00,2023-10-07 10:25:16-07:00,oarellano,robertcarr,51,1663082920,Approving
2023-10-07 17:45:11-07:00,2023-10-07 17:45:11-07:00,bradley45,robertcarr,51,1663138928,Approving
2023-10-06 18:49:10-07:00,2023-10-06 18:49:10-07:00,hlawrence,hlawrence,53,1662962131,Empty
2023-10-06 18:49:10-07:00,2023-10-06 18:49:10-07:00,hlawrence,hlawrence,53,1349432365,Disagreeing
2023-10-06 18:49:34-07:00,2023-10-06 18:49:34-07:00,hlawrence,hlawrence,53,1662963206,Empty
2023-10-06 18:49:34-07:00,2023-10-06 18:49:34-07:00,hlawrence,hlawrence,53,1349433031,Disagreeing
2023-10-06 21:25:39-07:00,2023-10-06 21:15:06-07:00,rsmall,hlawrence,53,1349457385,Agreeing
2023-10-06 21:25:39-07:00,2023-10-06 21:15:06-07:00,rsmall,hlawrence,53,1349457385,Explaining
2023-10-06 21:25:39-07:00,2023-10-06 21:22:13-07:00,rsmall,hlawrence,53,1349458055,Agreeing
2023-10-06 21:25:39-07:00,2023-10-06 21:25:39-07:00,rsmall,hlawrence,53,1662993777,Criticizing
2023-10-06 21:25:39-07:00,2023-10-06 21:25:39-07:00,rsmall,hlawrence,53,1662993777,Complimenting
2023-10-07 09:19:06-07:00,2023-10-07 09:19:06-07:00,robertcarr,hlawrence,53,1349540677,Disagreeing
2023-10-07 09:19:06-07:00,2023-10-07 09:19:06-07:00,robertcarr,hlawrence,53,1663073047,Empty
2023-10-07 09:20:17-07:00,2023-10-07 09:20:17-07:00,robertcarr,hlawrence,53,1663073175,Empty
2023-10-07 09:41:17-07:00,2023-10-07 09:41:17-07:00,oarellano,hlawrence,53,1663077731,Complimenting
2023-10-12 10:49:47-07:00,2023-10-12 10:49:47-07:00,bradley45,hlawrence,54,1674807773,Encouraging
2023-10-12 10:50:26-07:00,2023-10-12 10:50:00-07:00,robertcarr,hlawrence,54,1357189269,Asking
2023-10-12 10:50:26-07:00,2023-10-12 10:50:26-07:00,robertcarr,hlawrence,54,1674808106,Empty
2023-10-12 18:27:27-07:00,2023-10-12 18:27:27-07:00,rsmall,hlawrence,54,1675527476,Approving
2023-10-12 18:27:27-07:00,2023-10-12 18:27:27-07:00,rsmall,hlawrence,54,1675527476,Updating
2023-10-12 18:27:27-07:00,2023-10-12 18:27:27-07:00,rsmall,hlawrence,54,1675527476,Criticizing
2023-10-12 18:27:27-07:00,2023-10-12 18:27:27-07:00,rsmall,hlawrence,54,1675527476,Asking
2023-10-12 18:27:27-07:00,2023-10-12 18:27:27-07:00,rsmall,hlawrence,54,1675527476,Explaining
2023-10-13 12:23:59-07:00,2023-10-13 12:23:59-07:00,hlawrence,hlawrence,54,1358724115,Explaining
2023-10-13 12:23:59-07:00,2023-10-13 12:23:59-07:00,hlawrence,hlawrence,54,1358724115,Explaining
2023-10-13 12:23:59-07:00,2023-10-13 12:23:59-07:00,hlawrence,hlawrence,54,1358724115,Explaining
2023-10-13 12:23:59-07:00,2023-10-13 12:23:59-07:00,hlawrence,hlawrence,54,1677196548,Empty
2023-10-13 13:58:31-07:00,2023-10-13 13:58:31-07:00,hlawrence,hlawrence,54,1358839060,Criticizing
2023-10-13 13:58:31-07:00,2023-10-13 13:58:31-07:00,hlawrence,hlawrence,54,1358839060,Directing
2023-10-13 13:58:31-07:00,2023-10-13 13:58:31-07:00,hlawrence,hlawrence,54,1677365478,Empty
2023-10-13 14:00:58-07:00,2023-10-13 14:00:58-07:00,rsmall,hlawrence,54,1677367693,Approving
2023-10-13 21:11:19-07:00,2023-10-13 21:11:19-07:00,bradley45,hlawrence,54,1677757731,Empty
2023-10-13 21:11:19-07:00,2023-10-13 21:11:19-07:00,bradley45,hlawrence,54,1359130688,Directing
2023-10-13 21:12:07-07:00,2023-10-13 21:12:07-07:00,bradley45,hlawrence,54,1677760025,Criticizing
2023-10-13 21:12:07-07:00,2023-10-13 21:12:07-07:00,bradley45,hlawrence,54,1677760025,Approving
2023-10-13 22:46:04-07:00,2023-10-13 22:46:04-07:00,hlawrence,hlawrence,54,1677817266,Empty
2023-10-13 22:46:04-07:00,2023-10-13 22:46:04-07:00,hlawrence,hlawrence,54,1359176682,Asking
2023-10-13 22:46:04-07:00,2023-10-13 22:46:04-07:00,hlawrence,hlawrence,54,1359176682,Explaining
2023-10-16 18:32:30-07:00,2023-10-16 18:32:30-07:00,robertcarr,hlawrence,54,1681174891,Updating
2023-10-16 18:52:35-07:00,2023-10-16 18:52:35-07:00,hlawrence,hlawrence,54,1681189930,Empty
2023-10-16 18:52:36-07:00,2023-10-16 18:52:35-07:00,hlawrence,hlawrence,54,1361421782,Updating
2023-10-16 18:57:44-07:00,2023-10-16 18:57:44-07:00,robertcarr,hlawrence,54,1681193176,Approving
2023-10-16 19:09:14-07:00,2023-10-16 19:09:14-07:00,rsmall,hlawrence,54,1681200922,Agreeing
2023-10-08 16:52:43-07:00,2023-10-08 16:52:43-07:00,hlawrence,rsmall,95,1663624655,Approving
2023-10-08 17:10:48-07:00,2023-10-08 17:10:48-07:00,bradley45,rsmall,95,1349801390,Updating
2023-10-08 17:10:48-07:00,2023-10-08 17:10:48-07:00,bradley45,rsmall,95,1663633102,Empty
2023-10-08 17:11:11-07:00,2023-10-08 17:11:11-07:00,bradley45,rsmall,95,1663633172,Complimenting
2023-10-08 17:06:32-07:00,2023-10-08 17:06:32-07:00,hlawrence,bradley45,96,1663632244,Criticizing
2023-10-08 17:11:33-07:00,2023-10-08 17:11:33-07:00,rsmall,bradley45,96,1663633236,Updating
2023-10-08 17:09:51-07:00,2023-10-08 17:09:51-07:00,rsmall,hlawrence,97,1663632916,Approving
2023-10-08 17:12:24-07:00,2023-10-08 17:12:24-07:00,bradley45,hlawrence,97,1663633381,Updating
2023-10-08 17:16:48-07:00,2023-10-08 17:16:48-07:00,bradley45,robertcarr,98,1663634248,Approving
2023-10-08 17:17:45-07:00,2023-10-08 17:17:45-07:00,hlawrence,robertcarr,98,1663634433,Updating
2023-10-08 17:25:09-07:00,2023-10-08 17:25:09-07:00,bradley45,rsmall,100,1663635816,Complimenting
2023-10-08 17:28:30-07:00,2023-10-08 17:28:30-07:00,hlawrence,rsmall,100,1663636407,Thanking
2023-10-08 17:27:02-07:00,2023-10-08 17:26:57-07:00,hlawrence,oarellano,101,1349803652,Updating
2023-10-08 17:27:02-07:00,2023-10-08 17:27:02-07:00,hlawrence,oarellano,101,1663636143,Empty
2023-10-08 17:28:26-07:00,2023-10-08 17:28:26-07:00,bradley45,oarellano,101,1663636392,Empty
2023-10-08 17:28:44-07:00,2023-10-08 17:28:26-07:00,bradley45,oarellano,101,1349803849,Updating
2023-10-08 17:28:44-07:00,2023-10-08 17:28:26-07:00,bradley45,oarellano,101,1349803849,Updating
2023-10-08 17:32:14-07:00,2023-10-08 17:31:50-07:00,hlawrence,oarellano,101,1349804306,Directing
2023-10-08 17:32:14-07:00,2023-10-08 17:32:14-07:00,hlawrence,oarellano,101,1663637080,Empty
2023-10-08 17:32:18-07:00,2023-10-08 17:32:18-07:00,bradley45,oarellano,101,1349804381,Explaining
2023-10-08 17:32:18-07:00,2023-10-08 17:32:18-07:00,bradley45,oarellano,101,1663637170,Empty
2023-10-08 17:32:50-07:00,2023-10-08 17:32:50-07:00,bradley45,oarellano,101,1663637286,Encouraging
2023-10-08 17:33:19-07:00,2023-10-08 17:33:19-07:00,hlawrence,oarellano,101,1663637373,Empty
2023-10-08 17:33:19-07:00,2023-10-08 17:33:19-07:00,hlawrence,oarellano,101,1349804538,Directing
2023-10-08 17:33:21-07:00,2023-10-08 17:32:54-07:00,robertcarr,oarellano,101,1349804474,Directing
2023-10-08 17:33:21-07:00,2023-10-08 17:33:21-07:00,robertcarr,oarellano,101,1663637293,Empty
2023-10-08 17:33:29-07:00,2023-10-08 17:33:29-07:00,bradley45,oarellano,101,1349804557,Directing
2023-10-08 17:33:29-07:00,2023-10-08 17:33:29-07:00,bradley45,oarellano,101,1663637410,Empty
2023-10-08 17:35:53-07:00,2023-10-08 17:35:52-07:00,hlawrence,oarellano,101,1349804875,Directing
2023-10-08 17:35:53-07:00,2023-10-08 17:35:53-07:00,hlawrence,oarellano,101,1663637862,Empty
2023-10-08 17:36:59-07:00,2023-10-08 17:36:59-07:00,robertcarr,oarellano,101,1663638061,Approving
2023-10-08 17:58:00-07:00,2023-10-08 17:57:59-07:00,rsmall,oarellano,101,1349808172,Updating
2023-10-08 17:58:00-07:00,2023-10-08 17:58:00-07:00,rsmall,oarellano,101,1663642291,Empty
2023-10-08 18:01:18-07:00,2023-10-08 18:01:18-07:00,rsmall,oarellano,101,1663642947,Empty
2023-10-08 18:25:12-07:00,2023-10-08 18:25:12-07:00,hlawrence,oarellano,101,1663648802,Approving
2023-10-08 17:55:27-07:00,2023-10-08 17:55:27-07:00,rsmall,oarellano,102,1663641768,Approving
2023-10-08 17:56:50-07:00,2023-10-08 17:56:50-07:00,robertcarr,oarellano,102,1663642054,Empty
2023-10-16 21:34:21-07:00,2023-10-16 21:34:21-07:00,rsmall,robertcarr,104,1681343954,Approving
2023-10-16 21:39:03-07:00,2023-10-16 21:39:03-07:00,hlawrence,robertcarr,104,1681347111,Approving
2023-10-16 23:14:24-07:00,2023-10-16 23:14:24-07:00,rsmall,hlawrence,105,1681435906,Approving
2023-10-16 23:14:24-07:00,2023-10-16 23:14:24-07:00,rsmall,hlawrence,105,1681435906,Asking
2023-10-16 23:14:24-07:00,2023-10-16 23:14:24-07:00,rsmall,hlawrence,105,1681435906,Directing
2023-10-17 13:01:52-07:00,2023-10-17 13:00:13-07:00,robertcarr,hlawrence,105,1362691403,Criticizing
2023-10-17 13:01:52-07:00,2023-10-17 13:00:38-07:00,robertcarr,hlawrence,105,1362691812,Directing
2023-10-17 13:01:52-07:00,2023-10-17 13:00:51-07:00,robertcarr,hlawrence,105,1362692109,Directing
2023-10-17 13:01:52-07:00,2023-10-17 13:01:40-07:00,robertcarr,hlawrence,105,1362696041,Criticizing
2023-10-17 13:01:52-07:00,2023-10-17 13:01:52-07:00,robertcarr,hlawrence,105,1683261403,Directing
2023-10-17 13:03:23-07:00,2023-10-17 13:03:23-07:00,robertcarr,hlawrence,105,1683271419,Asking
2023-10-17 13:59:11-07:00,2023-10-17 13:59:11-07:00,hlawrence,hlawrence,105,1683381423,Empty
2023-10-17 13:59:12-07:00,2023-10-17 13:59:11-07:00,hlawrence,hlawrence,105,1362763437,Agreeing
2023-10-17 13:59:12-07:00,2023-10-17 13:59:11-07:00,hlawrence,hlawrence,105,1362763437,Suggesting
2023-10-17 23:40:38-07:00,2023-10-17 23:31:07-07:00,bradley45,hlawrence,105,1363319047,Explaining
2023-10-17 23:40:38-07:00,2023-10-17 23:31:07-07:00,bradley45,hlawrence,105,1363319047,Directing
2023-10-17 23:40:38-07:00,2023-10-17 23:32:15-07:00,bradley45,hlawrence,105,1363320018,Directing
2023-10-17 23:40:38-07:00,2023-10-17 23:37:59-07:00,bradley45,hlawrence,105,1363326490,Explaining
2023-10-17 23:40:38-07:00,2023-10-17 23:38:10-07:00,bradley45,hlawrence,105,1363326634,Suggesting
2023-10-17 23:40:38-07:00,2023-10-17 23:38:10-07:00,bradley45,hlawrence,105,1363326634,Directing
2023-10-17 23:40:38-07:00,2023-10-17 23:39:41-07:00,bradley45,hlawrence,105,1363327891,Asking
2023-10-17 23:40:38-07:00,2023-10-17 23:40:38-07:00,bradley45,hlawrence,105,1684194585,Directing
2023-10-18 07:40:32-07:00,2023-10-18 07:40:32-07:00,hlawrence,hlawrence,105,1364008460,Updating
2023-10-18 07:40:32-07:00,2023-10-18 07:40:32-07:00,hlawrence,hlawrence,105,1364008460,Directing
2023-10-18 07:40:32-07:00,2023-10-18 07:40:32-07:00,hlawrence,hlawrence,105,1685281844,Empty
2023-10-19 10:08:38-07:00,2023-10-19 10:08:38-07:00,rsmall,hlawrence,105,1688266576,Approving
2023-10-19 10:13:24-07:00,2023-10-19 10:13:24-07:00,hlawrence,hlawrence,105,1688273713,Empty
2023-10-19 10:13:25-07:00,2023-10-19 10:13:24-07:00,hlawrence,hlawrence,105,1365876028,Updating
2023-10-19 10:13:25-07:00,2023-10-19 10:13:24-07:00,hlawrence,hlawrence,105,1365876028,Asking
2023-10-20 10:09:58-07:00,2023-10-20 10:09:58-07:00,robertcarr,hlawrence,105,1690577013,Updating
2023-10-20 10:09:58-07:00,2023-10-20 10:09:58-07:00,robertcarr,hlawrence,105,1690577013,Approving
2023-10-20 16:09:05-07:00,2023-10-20 16:06:43-07:00,bradley45,hlawrence,105,1367541971,Directing
2023-10-20 16:09:05-07:00,2023-10-20 16:08:08-07:00,bradley45,hlawrence,105,1367543518,Directing
2023-10-20 16:09:05-07:00,2023-10-20 16:09:05-07:00,bradley45,hlawrence,105,1690985363,Criticizing
2023-10-20 16:09:05-07:00,2023-10-20 16:09:05-07:00,bradley45,hlawrence,105,1690985363,Apologizing
2023-10-20 16:09:05-07:00,2023-10-20 16:09:05-07:00,bradley45,hlawrence,105,1690985363,Approving
2023-10-21 10:07:32-07:00,2023-10-21 10:07:32-07:00,hlawrence,hlawrence,105,1367766916,Asking
2023-10-21 10:07:32-07:00,2023-10-21 10:07:32-07:00,hlawrence,hlawrence,105,1367766916,Explaining
2023-10-21 10:07:32-07:00,2023-10-21 10:07:32-07:00,hlawrence,hlawrence,105,1691300342,Empty
2023-10-21 10:34:40-07:00,2023-10-21 10:34:40-07:00,rsmall,hlawrence,105,1367771028,Agreeing
2023-10-21 10:34:40-07:00,2023-10-21 10:34:40-07:00,rsmall,hlawrence,105,1691305570,Empty
2023-10-21 10:40:02-07:00,2023-10-21 10:40:02-07:00,rsmall,hlawrence,105,1691306975,Empty
2023-10-21 10:40:03-07:00,2023-10-21 10:40:02-07:00,rsmall,hlawrence,105,1367771895,Asking
2023-10-21 10:40:03-07:00,2023-10-21 10:40:02-07:00,rsmall,hlawrence,105,1367771895,Asking
2023-10-21 10:40:03-07:00,2023-10-21 10:40:02-07:00,rsmall,hlawrence,105,1367771895,Criticizing
2023-10-21 10:40:03-07:00,2023-10-21 10:40:02-07:00,rsmall,hlawrence,105,1367771895,Explaining
2023-10-28 14:19:36-07:00,2023-10-28 14:14:35-07:00,hlawrence,oarellano,112,1375322586,Criticizing
2023-10-28 14:19:36-07:00,2023-10-28 14:16:02-07:00,hlawrence,oarellano,112,1375322732,Directing
2023-10-28 14:19:36-07:00,2023-10-28 14:18:45-07:00,hlawrence,oarellano,112,1375323029,Directing
2023-10-28 14:19:36-07:00,2023-10-28 14:19:36-07:00,hlawrence,oarellano,112,1702853250,Updating
2023-10-28 14:55:05-07:00,2023-10-28 14:55:05-07:00,rsmall,oarellano,112,1702856339,Criticizing
2023-10-28 16:46:19-07:00,2023-10-28 16:06:21-07:00,bradley45,oarellano,112,1375332101,Criticizing
2023-10-28 16:46:19-07:00,2023-10-28 16:06:21-07:00,bradley45,oarellano,112,1375332101,Directing
2023-10-28 16:46:19-07:00,2023-10-28 16:07:58-07:00,bradley45,oarellano,112,1375332212,Directing
2023-10-28 16:46:19-07:00,2023-10-28 16:08:58-07:00,bradley45,oarellano,112,1375332308,Updating
2023-10-28 16:46:19-07:00,2023-10-28 16:10:43-07:00,bradley45,oarellano,112,1375332480,Directing
2023-10-28 16:46:19-07:00,2023-10-28 16:10:43-07:00,bradley45,oarellano,112,1375332480,Explaining
2023-10-28 16:46:19-07:00,2023-10-28 16:12:28-07:00,bradley45,oarellano,112,1375332668,Directing
2023-10-28 16:46:19-07:00,2023-10-28 16:12:58-07:00,bradley45,oarellano,112,1375332688,Criticizing
2023-10-28 16:46:19-07:00,2023-10-28 16:12:58-07:00,bradley45,oarellano,112,1375332688,Criticizing
2023-10-28 16:46:19-07:00,2023-10-28 16:12:58-07:00,bradley45,oarellano,112,1375332688,Directing
2023-10-28 16:46:19-07:00,2023-10-28 16:13:08-07:00,bradley45,oarellano,112,1375332698,Directing
2023-10-28 16:46:19-07:00,2023-10-28 16:14:49-07:00,bradley45,oarellano,112,1375332823,Criticizing
2023-10-28 16:46:19-07:00,2023-10-28 16:14:49-07:00,bradley45,oarellano,112,1375332823,Directing
2023-10-28 16:46:19-07:00,2023-10-28 16:15:12-07:00,bradley45,oarellano,112,1375332863,Directing
2023-10-28 16:46:19-07:00,2023-10-28 16:18:33-07:00,bradley45,oarellano,112,1375333151,Criticizing
2023-10-28 16:46:19-07:00,2023-10-28 16:18:33-07:00,bradley45,oarellano,112,1375333151,Directing
2023-10-28 16:46:19-07:00,2023-10-28 16:18:33-07:00,bradley45,oarellano,112,1375333151,Directing
2023-10-28 16:46:19-07:00,2023-10-28 16:18:33-07:00,bradley45,oarellano,112,1375333151,Criticizing
2023-10-28 16:46:19-07:00,2023-10-28 16:18:33-07:00,bradley45,oarellano,112,1375333151,Explaining
2023-10-28 16:46:19-07:00,2023-10-28 16:18:33-07:00,bradley45,oarellano,112,1375333151,Directing
2023-10-28 16:46:19-07:00,2023-10-28 16:22:34-07:00,bradley45,oarellano,112,1375333467,Criticizing
2023-10-28 16:46:19-07:00,2023-10-28 16:22:34-07:00,bradley45,oarellano,112,1375333467,Directing
2023-10-28 16:46:19-07:00,2023-10-28 16:22:34-07:00,bradley45,oarellano,112,1375333467,Directing
2023-10-28 16:46:19-07:00,2023-10-28 16:24:09-07:00,bradley45,oarellano,112,1375333599,Directing
2023-10-28 16:46:19-07:00,2023-10-28 16:24:50-07:00,bradley45,oarellano,112,1375333651,Updating
2023-10-28 16:46:19-07:00,2023-10-28 16:26:08-07:00,bradley45,oarellano,112,1375333785,Directing
2023-10-28 16:46:19-07:00,2023-10-28 16:26:25-07:00,bradley45,oarellano,112,1375333812,Directing
2023-10-28 16:46:19-07:00,2023-10-28 16:30:27-07:00,bradley45,oarellano,112,1375334106,Directing
2023-10-28 16:46:19-07:00,2023-10-28 16:30:27-07:00,bradley45,oarellano,112,1375334106,Directing
2023-10-28 16:46:19-07:00,2023-10-28 16:30:27-07:00,bradley45,oarellano,112,1375334106,Directing
2023-10-28 16:46:19-07:00,2023-10-28 16:30:27-07:00,bradley45,oarellano,112,1375334106,Explaining
2023-10-28 16:46:19-07:00,2023-10-28 16:32:15-07:00,bradley45,oarellano,112,1375334283,Criticizing
2023-10-28 16:46:19-07:00,2023-10-28 16:34:46-07:00,bradley45,oarellano,112,1375334477,Criticizing
2023-10-28 16:46:19-07:00,2023-10-28 16:34:46-07:00,bradley45,oarellano,112,1375334477,Directing
2023-10-28 16:46:19-07:00,2023-10-28 16:35:29-07:00,bradley45,oarellano,112,1375334541,Criticizing
2023-10-28 16:46:19-07:00,2023-10-28 16:36:26-07:00,bradley45,oarellano,112,1375334573,Directing
2023-10-28 16:46:19-07:00,2023-10-28 16:37:24-07:00,bradley45,oarellano,112,1375334634,Directing
2023-10-28 16:46:19-07:00,2023-10-28 16:37:24-07:00,bradley45,oarellano,112,1375334634,Directing
2023-10-28 16:46:19-07:00,2023-10-28 16:38:15-07:00,bradley45,oarellano,112,1375334691,Suggesting
2023-10-28 16:46:19-07:00,2023-10-28 16:38:47-07:00,bradley45,oarellano,112,1375334737,Explaining
2023-10-28 16:46:19-07:00,2023-10-28 16:39:35-07:00,bradley45,oarellano,112,1375334811,Directing
2023-10-28 16:46:19-07:00,2023-10-28 16:40:08-07:00,bradley45,oarellano,112,1375334896,Asking
2023-10-28 16:46:19-07:00,2023-10-28 16:45:13-07:00,bradley45,oarellano,112,1375335327,Directing
2023-10-28 16:46:19-07:00,2023-10-28 16:46:19-07:00,bradley45,oarellano,112,1702860639,Encouraging
2023-10-28 16:49:13-07:00,2023-10-28 16:49:12-07:00,bradley45,oarellano,112,1375335705,Criticizing
2023-10-28 16:49:13-07:00,2023-10-28 16:49:13-07:00,bradley45,oarellano,112,1702863037,Empty
2023-10-28 16:55:06-07:00,2023-10-28 16:55:06-07:00,rsmall,oarellano,112,1702863325,Approving
2023-10-28 17:05:03-07:00,2023-10-28 16:44:51-07:00,bradley45,oarellano,112,1375335299,Criticizing
2023-10-28 17:05:03-07:00,2023-10-28 16:44:51-07:00,bradley45,oarellano,112,1375335299,Directing
2023-10-28 17:05:03-07:00,2023-10-28 16:44:51-07:00,bradley45,oarellano,112,1375335299,Explaining
2023-10-28 17:59:50-07:00,2023-10-28 17:59:50-07:00,hlawrence,oarellano,112,1702872950,Empty
2023-10-28 18:00:00-07:00,2023-10-28 17:59:50-07:00,hlawrence,oarellano,112,1375344767,Updating
2023-10-28 18:00:00-07:00,2023-10-28 17:59:50-07:00,hlawrence,oarellano,112,1375344767,Directing
2023-10-29 12:10:47-07:00,2023-10-29 12:10:47-07:00,oarellano,oarellano,112,1703022777,Empty
2023-10-29 12:10:47-07:00,2023-10-29 12:10:47-07:00,oarellano,oarellano,112,1375496864,Asking
2023-10-29 12:18:28-07:00,2023-10-29 12:18:28-07:00,oarellano,oarellano,112,1703023748,Empty
2023-10-29 12:18:28-07:00,2023-10-29 12:18:28-07:00,oarellano,oarellano,112,1375497953,Updating
2023-10-30 13:04:01-07:00,2023-10-30 13:01:58-07:00,hlawrence,oarellano,112,1376742284,Criticizing
2023-10-30 13:04:01-07:00,2023-10-30 13:02:28-07:00,hlawrence,oarellano,112,1376742794,Asking
2023-10-30 13:04:01-07:00,2023-10-30 13:02:28-07:00,hlawrence,oarellano,112,1376742794,Criticizing
2023-10-30 13:04:01-07:00,2023-10-30 13:03:35-07:00,hlawrence,oarellano,112,1376743834,Asking
2023-10-30 13:04:01-07:00,2023-10-30 13:04:01-07:00,hlawrence,oarellano,112,1704972407,Empty
2023-10-30 13:05:24-07:00,2023-10-30 13:05:24-07:00,robertcarr,oarellano,112,1376745420,Disagreeing
2023-10-30 13:05:24-07:00,2023-10-30 13:05:24-07:00,robertcarr,oarellano,112,1376745420,Updating
2023-10-30 13:05:24-07:00,2023-10-30 13:05:24-07:00,robertcarr,oarellano,112,1704977199,Empty
2023-10-30 13:05:50-07:00,2023-10-30 13:05:50-07:00,robertcarr,oarellano,112,1704977872,Empty
2023-10-30 13:05:50-07:00,2023-10-30 13:05:50-07:00,robertcarr,oarellano,112,1376745809,Updating
2023-10-30 13:06:08-07:00,2023-10-30 13:06:08-07:00,robertcarr,oarellano,112,1376746049,Asking
2023-10-30 13:06:08-07:00,2023-10-30 13:06:08-07:00,robertcarr,oarellano,112,1704978282,Empty
2023-10-30 13:08:42-07:00,2023-10-30 13:08:42-07:00,hlawrence,oarellano,112,1704981906,Empty
2023-10-30 13:08:43-07:00,2023-10-30 13:08:42-07:00,hlawrence,oarellano,112,1376748300,Updating
2023-10-30 13:09:00-07:00,2023-10-30 13:09:00-07:00,hlawrence,oarellano,112,1376748553,Updating
2023-10-30 13:09:00-07:00,2023-10-30 13:09:00-07:00,hlawrence,oarellano,112,1704982317,Empty
2023-10-30 13:11:49-07:00,2023-10-30 13:11:49-07:00,hlawrence,oarellano,112,1376750975,Updating
2023-10-30 13:11:49-07:00,2023-10-30 13:11:49-07:00,hlawrence,oarellano,112,1704986153,Empty
2023-10-30 13:21:46-07:00,2023-10-30 13:21:46-07:00,robertcarr,oarellano,112,1704999410,Empty
2023-10-30 13:21:47-07:00,2023-10-30 13:21:46-07:00,robertcarr,oarellano,112,1376759474,Approving
2023-10-30 13:22:20-07:00,2023-10-30 13:22:20-07:00,robertcarr,oarellano,112,1705000136,Empty
2023-10-30 13:22:20-07:00,2023-10-30 13:22:20-07:00,robertcarr,oarellano,112,1376760002,Asking
2023-10-30 13:24:24-07:00,2023-10-30 13:24:24-07:00,robertcarr,oarellano,112,1705002906,Empty
2023-10-30 13:24:25-07:00,2023-10-30 13:24:24-07:00,robertcarr,oarellano,112,1376761867,Updating
2023-10-30 13:24:25-07:00,2023-10-30 13:24:24-07:00,robertcarr,oarellano,112,1376761867,Directing
2023-10-30 13:37:58-07:00,2023-10-30 13:37:44-07:00,rsmall,oarellano,112,1376774150,Criticizing
2023-10-30 13:37:58-07:00,2023-10-30 13:37:44-07:00,rsmall,oarellano,112,1376774150,Directing
2023-10-30 13:37:58-07:00,2023-10-30 13:37:58-07:00,rsmall,oarellano,112,1705022659,Approving
2023-10-30 13:37:58-07:00,2023-10-30 13:37:58-07:00,rsmall,oarellano,112,1705022659,Updating
2023-10-30 14:27:14-07:00,2023-10-30 14:27:10-07:00,robertcarr,oarellano,112,1376820919,Directing
2023-10-30 14:27:14-07:00,2023-10-30 14:27:14-07:00,robertcarr,oarellano,112,1705103760,Empty
2023-10-30 19:30:22-07:00,2023-10-30 19:30:22-07:00,rsmall,oarellano,112,1705342059,Approving
2023-10-30 19:34:49-07:00,2023-10-30 19:32:59-07:00,robertcarr,oarellano,112,1376984645,Directing
2023-10-30 19:34:49-07:00,2023-10-30 19:34:34-07:00,robertcarr,oarellano,112,1376985364,Directing
2023-10-30 19:34:49-07:00,2023-10-30 19:34:49-07:00,robertcarr,oarellano,112,1705343823,Approving
2023-10-30 19:39:36-07:00,2023-10-30 19:39:36-07:00,robertcarr,oarellano,112,1705348471,Approving
2023-10-30 19:40:31-07:00,2023-10-30 19:40:31-07:00,rsmall,oarellano,112,1705349059,Complimenting
2023-10-30 19:40:31-07:00,2023-10-30 19:40:31-07:00,rsmall,oarellano,112,1705349059,Complimenting
2023-10-30 19:41:01-07:00,2023-10-30 19:41:01-07:00,hlawrence,oarellano,112,1705349401,Thanking
2023-10-30 20:08:12-07:00,2023-10-30 20:05:07-07:00,bradley45,oarellano,112,1376999811,Directing
2023-10-30 20:08:12-07:00,2023-10-30 20:05:49-07:00,bradley45,oarellano,112,1377000099,Directing
2023-10-30 20:08:12-07:00,2023-10-30 20:05:49-07:00,bradley45,oarellano,112,1377000099,Updating
2023-10-30 20:08:12-07:00,2023-10-30 20:06:52-07:00,bradley45,oarellano,112,1377000519,Asking
2023-10-30 20:08:12-07:00,2023-10-30 20:07:13-07:00,bradley45,oarellano,112,1377000648,Directing
2023-10-30 20:08:12-07:00,2023-10-30 20:08:12-07:00,bradley45,oarellano,112,1705365243,Encouraging
2023-10-30 20:44:57-07:00,2023-10-30 20:44:57-07:00,robertcarr,oarellano,112,1377016678,Updating
2023-10-30 20:44:57-07:00,2023-10-30 20:44:57-07:00,robertcarr,oarellano,112,1705390544,Empty
2023-10-30 21:13:57-07:00,2023-10-30 21:13:57-07:00,rsmall,oarellano,112,1705408374,Complimenting
2023-10-30 21:14:52-07:00,2023-10-30 21:14:52-07:00,hlawrence,oarellano,112,1705409045,Approving
2023-10-30 21:22:11-07:00,2023-10-30 21:22:11-07:00,bradley45,oarellano,112,1705413827,Approving
2023-10-30 21:23:02-07:00,2023-10-30 21:23:02-07:00,hlawrence,oarellano,112,1705416411,Approving
2023-10-30 21:23:02-07:00,2023-10-30 21:23:02-07:00,hlawrence,oarellano,112,1705416411,Encouraging
2023-10-30 21:23:24-07:00,2023-10-30 21:23:24-07:00,rsmall,oarellano,112,1705417766,Empty
2023-10-22 18:51:48-07:00,2023-10-22 18:51:48-07:00,robertcarr,hlawrence,114,1691591038,Approving
2023-10-22 18:53:09-07:00,2023-10-22 18:53:09-07:00,bradley45,hlawrence,114,1691591731,Encouraging
2023-10-22 18:53:17-07:00,2023-10-22 18:53:17-07:00,oarellano,hlawrence,114,1691591788,Encouraging
2023-10-22 18:53:58-07:00,2023-10-22 18:53:58-07:00,rsmall,hlawrence,114,1691592146,Approving
2023-10-22 18:50:09-07:00,2023-10-22 18:50:09-07:00,oarellano,robertcarr,115,1691590321,Updating
2023-10-22 18:50:09-07:00,2023-10-22 18:50:09-07:00,rsmall,robertcarr,115,1691590324,Empty
2023-10-22 18:14:29-07:00,2023-10-22 18:14:29-07:00,robertcarr,bradley45,116,1691564140,Empty
2023-10-22 18:48:04-07:00,2023-10-22 18:48:04-07:00,rsmall,bradley45,116,1691589205,Empty
2023-10-22 18:51:26-07:00,2023-10-22 18:51:26-07:00,oarellano,bradley45,116,1691590879,Complimenting
2023-10-22 18:13:42-07:00,2023-10-22 18:13:42-07:00,robertcarr,hlawrence,117,1691563830,Empty
2023-10-22 18:33:15-07:00,2023-10-22 18:33:15-07:00,bradley45,hlawrence,117,1691576174,Updating
2023-10-22 18:33:55-07:00,2023-10-22 18:33:55-07:00,bradley45,oarellano,118,1691578888,Complimenting
2023-10-22 18:45:50-07:00,2023-10-22 18:45:50-07:00,bradley45,oarellano,118,1691588162,Complimenting
2023-10-22 18:47:21-07:00,2023-10-22 18:47:21-07:00,rsmall,oarellano,118,1691588837,Empty
2023-10-25 17:37:28-07:00,2023-10-25 17:37:28-07:00,rsmall,robertcarr,120,1698533458,Approving
2023-10-25 18:43:06-07:00,2023-10-25 18:43:06-07:00,bradley45,robertcarr,120,1698590425,Criticizing
2023-10-25 18:43:06-07:00,2023-10-25 18:43:06-07:00,bradley45,robertcarr,120,1698590425,Complimenting
2023-10-25 18:43:07-07:00,2023-10-25 18:40:21-07:00,bradley45,robertcarr,120,1372477288,Directing
2023-10-25 18:43:07-07:00,2023-10-25 18:40:21-07:00,bradley45,robertcarr,120,1372477288,Explaining
2023-10-25 20:00:26-07:00,2023-10-25 20:00:26-07:00,hlawrence,robertcarr,120,1698642987,Approving
2023-10-25 21:34:49-07:00,2023-10-25 21:34:49-07:00,bradley45,robertcarr,120,1698703869,Empty
2023-10-25 20:01:37-07:00,2023-10-25 20:01:37-07:00,hlawrence,robertcarr,122,1698643758,Approving
2023-10-25 20:01:37-07:00,2023-10-25 20:01:37-07:00,hlawrence,robertcarr,122,1698643758,Complimenting
2023-10-25 20:03:01-07:00,2023-10-25 20:03:01-07:00,hlawrence,robertcarr,122,1698644640,Empty
2023-10-25 20:03:12-07:00,2023-10-25 20:03:00-07:00,hlawrence,robertcarr,122,1372522656,Criticizing
2023-10-25 20:03:12-07:00,2023-10-25 20:03:00-07:00,hlawrence,robertcarr,122,1372522656,Suggesting
2023-10-25 23:50:46-07:00,2023-10-25 23:50:46-07:00,robertcarr,robertcarr,122,1698838168,Empty
2023-10-25 23:50:47-07:00,2023-10-25 23:50:46-07:00,robertcarr,robertcarr,122,1372666977,Agreeing
2023-10-25 23:50:59-07:00,2023-10-25 23:50:58-07:00,robertcarr,robertcarr,122,1372667170,Directing
2023-10-25 23:50:59-07:00,2023-10-25 23:50:59-07:00,robertcarr,robertcarr,122,1698838447,Empty
2023-10-26 09:39:44-07:00,2023-10-26 09:39:44-07:00,rsmall,robertcarr,122,1700084544,Approving
2023-10-27 10:39:37-07:00,2023-10-27 10:39:37-07:00,hlawrence,robertcarr,123,1374874968,Suggesting
2023-10-27 10:39:37-07:00,2023-10-27 10:39:37-07:00,hlawrence,robertcarr,123,1374874968,Directing
2023-10-27 10:39:37-07:00,2023-10-27 10:39:37-07:00,hlawrence,robertcarr,123,1374874968,Suggesting
2023-10-27 10:39:37-07:00,2023-10-27 10:39:37-07:00,hlawrence,robertcarr,123,1374874968,Suggesting
2023-10-27 10:39:37-07:00,2023-10-27 10:39:37-07:00,hlawrence,robertcarr,123,1702266722,Empty
2023-10-27 10:41:42-07:00,2023-10-27 10:41:41-07:00,hlawrence,robertcarr,123,1374876760,Suggesting
2023-10-27 10:41:42-07:00,2023-10-27 10:41:41-07:00,hlawrence,robertcarr,123,1374876760,Suggesting
2023-10-27 10:41:42-07:00,2023-10-27 10:41:42-07:00,hlawrence,robertcarr,123,1702269460,Empty
2023-10-27 10:48:45-07:00,2023-10-27 10:48:45-07:00,hlawrence,robertcarr,123,1702278737,Approving
2023-10-27 10:48:45-07:00,2023-10-27 10:48:45-07:00,hlawrence,robertcarr,123,1702278737,Directing
2023-10-27 10:49:54-07:00,2023-10-27 10:49:26-07:00,oarellano,robertcarr,123,1374883383,Directing
2023-10-27 10:49:54-07:00,2023-10-27 10:49:26-07:00,oarellano,robertcarr,123,1374883383,Directing
2023-10-27 10:49:54-07:00,2023-10-27 10:49:40-07:00,oarellano,robertcarr,123,1374883581,Criticizing
2023-10-27 10:49:54-07:00,2023-10-27 10:49:40-07:00,oarellano,robertcarr,123,1374883581,Asking
2023-10-27 10:49:54-07:00,2023-10-27 10:49:54-07:00,oarellano,robertcarr,123,1702279783,Empty
2023-10-27 13:38:59-07:00,2023-10-27 13:38:59-07:00,robertcarr,robertcarr,123,1702507728,Empty
2023-10-27 13:38:59-07:00,2023-10-27 13:38:59-07:00,robertcarr,robertcarr,123,1375023745,Approving
2023-10-27 14:17:07-07:00,2023-10-27 14:17:07-07:00,oarellano,robertcarr,123,1702549790,Approving
2023-10-27 14:58:43-07:00,2023-10-27 14:58:43-07:00,hlawrence,robertcarr,123,1702589064,Approving
2023-10-28 17:04:28-07:00,2023-10-28 16:47:55-07:00,bradley45,hlawrence,126,1375335600,Approving
2023-10-28 17:04:28-07:00,2023-10-28 16:53:12-07:00,bradley45,hlawrence,126,1375335994,Directing
2023-10-28 17:04:28-07:00,2023-10-28 16:55:24-07:00,bradley45,hlawrence,126,1375336195,Directing
2023-10-28 17:04:28-07:00,2023-10-28 16:55:32-07:00,bradley45,hlawrence,126,1375336200,Directing
2023-10-28 17:04:28-07:00,2023-10-28 16:56:48-07:00,bradley45,hlawrence,126,1375336294,Directing
2023-10-28 17:04:28-07:00,2023-10-28 16:56:48-07:00,bradley45,hlawrence,126,1375336294,Directing
2023-10-28 17:04:28-07:00,2023-10-28 16:58:12-07:00,bradley45,hlawrence,126,1375336392,Asking
2023-10-28 17:04:28-07:00,2023-10-28 16:58:50-07:00,bradley45,hlawrence,126,1375336428,Directing
2023-10-28 17:04:28-07:00,2023-10-28 16:59:28-07:00,bradley45,hlawrence,126,1375336481,Criticizing
2023-10-28 17:04:28-07:00,2023-10-28 17:00:02-07:00,bradley45,hlawrence,126,1375336527,Directing
2023-10-28 17:04:28-07:00,2023-10-28 17:00:02-07:00,bradley45,hlawrence,126,1375336527,Directing
2023-10-28 17:04:28-07:00,2023-10-28 17:00:09-07:00,bradley45,hlawrence,126,1375336545,Directing
2023-10-28 17:04:28-07:00,2023-10-28 17:00:09-07:00,bradley45,hlawrence,126,1375336545,Directing
2023-10-28 17:04:28-07:00,2023-10-28 17:00:26-07:00,bradley45,hlawrence,126,1375336573,Directing
2023-10-28 17:04:28-07:00,2023-10-28 17:01:18-07:00,bradley45,hlawrence,126,1375336633,Asking
2023-10-28 17:04:28-07:00,2023-10-28 17:02:21-07:00,bradley45,hlawrence,126,1375336716,Criticizing
2023-10-28 17:04:28-07:00,2023-10-28 17:02:31-07:00,bradley45,hlawrence,126,1375336733,Directing
2023-10-28 17:04:28-07:00,2023-10-28 17:03:06-07:00,bradley45,hlawrence,126,1375336786,Directing
2023-10-28 17:04:28-07:00,2023-10-28 17:03:26-07:00,bradley45,hlawrence,126,1375336795,Criticizing
2023-10-28 17:04:28-07:00,2023-10-28 17:04:09-07:00,bradley45,hlawrence,126,1375336841,Directing
2023-10-28 17:04:28-07:00,2023-10-28 17:04:18-07:00,bradley45,hlawrence,126,1375336860,Directing
2023-10-28 17:04:28-07:00,2023-10-28 17:04:28-07:00,bradley45,hlawrence,126,1702862976,Encouraging
2023-10-29 10:10:37-07:00,2023-10-29 10:10:37-07:00,hlawrence,hlawrence,126,1702997507,Empty
2023-10-29 10:10:37-07:00,2023-10-29 10:10:37-07:00,hlawrence,hlawrence,126,1375475484,Disagreeing
2023-10-29 10:10:56-07:00,2023-10-29 10:10:56-07:00,hlawrence,hlawrence,126,1702997589,Empty
2023-10-29 10:10:56-07:00,2023-10-29 10:10:56-07:00,hlawrence,hlawrence,126,1375475546,Updating
2023-10-29 10:12:37-07:00,2023-10-29 10:12:37-07:00,hlawrence,hlawrence,126,1702997825,Empty
2023-10-29 16:02:59-07:00,2023-10-29 10:12:37-07:00,hlawrence,hlawrence,126,1375475830,Updating
2023-10-29 17:14:23-07:00,2023-10-29 17:14:23-07:00,hlawrence,hlawrence,126,1375555878,Asking
2023-10-29 17:14:23-07:00,2023-10-29 17:14:23-07:00,hlawrence,hlawrence,126,1375555878,Asking
2023-10-29 17:14:23-07:00,2023-10-29 17:14:23-07:00,hlawrence,hlawrence,126,1703090333,Empty
2023-10-29 20:14:28-07:00,2023-10-29 20:14:28-07:00,robertcarr,rsmall,128,1703186962,Approving
2023-10-29 20:14:44-07:00,2023-10-29 20:14:44-07:00,oarellano,rsmall,128,1703187143,Approving
2023-10-29 19:36:15-07:00,2023-10-29 19:36:15-07:00,rsmall,robertcarr,129,1703162277,Approving
2023-10-29 20:06:32-07:00,2023-10-29 20:06:32-07:00,hlawrence,robertcarr,129,1703181858,Approving
2023-10-29 20:13:24-07:00,2023-10-29 20:13:24-07:00,robertcarr,hlawrence,130,1703186267,Approving
2023-10-29 20:14:14-07:00,2023-10-29 20:14:14-07:00,oarellano,hlawrence,130,1703186693,Approving
2023-10-29 20:14:28-07:00,2023-10-29 20:14:28-07:00,rsmall,hlawrence,130,1703186951,Complimenting
2023-10-29 20:04:08-07:00,2023-10-29 20:04:08-07:00,rsmall,oarellano,131,1703180533,Empty
2023-10-29 20:07:33-07:00,2023-10-29 20:07:33-07:00,hlawrence,oarellano,131,1703182531,Approving
2023-10-29 20:07:33-07:00,2023-10-29 20:07:33-07:00,hlawrence,oarellano,131,1703182531,Complimenting
2023-10-29 20:09:07-07:00,2023-10-29 20:09:07-07:00,hlawrence,bradley45,132,1703183438,Approving
2023-10-29 20:13:50-07:00,2023-10-29 20:13:50-07:00,robertcarr,bradley45,132,1703186489,Approving
2023-10-29 20:21:54-07:00,2023-10-29 20:21:54-07:00,robertcarr,rsmall,134,1703191057,Approving
2023-10-29 20:22:17-07:00,2023-10-29 20:22:17-07:00,oarellano,rsmall,134,1703191361,Approving
2023-10-29 20:22:24-07:00,2023-10-29 20:22:24-07:00,hlawrence,rsmall,134,1703191448,Encouraging
2023-10-29 20:53:33-07:00,2023-10-29 20:53:33-07:00,robertcarr,bradley45,135,1703214433,Thanking
2023-10-29 20:59:21-07:00,2023-10-29 20:59:21-07:00,hlawrence,bradley45,135,1703217692,Thanking
2023-10-30 21:33:14-07:00,2023-10-30 21:33:14-07:00,bradley45,rsmall,137,1705429931,Approving
2023-10-30 21:34:41-07:00,2023-10-30 21:34:41-07:00,robertcarr,rsmall,137,1705430958,Empty
2023-10-30 22:05:52-07:00,2023-10-30 19:19:38-07:00,rsmall,hlawrence,138,1376977738,Directing
2023-10-30 22:05:52-07:00,2023-10-30 21:54:59-07:00,rsmall,hlawrence,138,1377053095,Criticizing
2023-10-30 22:05:52-07:00,2023-10-30 22:05:52-07:00,rsmall,hlawrence,138,1705334184,Approving
2023-10-30 22:07:06-07:00,2023-10-30 22:07:06-07:00,rsmall,hlawrence,138,1705454660,Directing
2023-10-30 22:07:11-07:00,2023-10-30 21:37:15-07:00,robertcarr,hlawrence,138,1377044640,Directing
2023-10-30 22:07:11-07:00,2023-10-30 21:38:30-07:00,robertcarr,hlawrence,138,1377045175,Directing
2023-10-30 22:07:11-07:00,2023-10-30 21:38:37-07:00,robertcarr,hlawrence,138,1377045218,Directing
2023-10-30 22:07:11-07:00,2023-10-30 21:41:32-07:00,robertcarr,hlawrence,138,1377046731,Directing
2023-10-30 22:07:11-07:00,2023-10-30 21:54:35-07:00,robertcarr,hlawrence,138,1377052903,Directing
2023-10-30 22:07:11-07:00,2023-10-30 22:07:11-07:00,robertcarr,hlawrence,138,1705432740,Empty
2023-10-30 23:31:02-07:00,2023-10-30 22:49:34-07:00,bradley45,hlawrence,138,1377083139,Directing
2023-10-30 23:31:02-07:00,2023-10-30 22:49:43-07:00,bradley45,hlawrence,138,1377083237,Directing
2023-10-30 23:31:02-07:00,2023-10-30 22:52:03-07:00,bradley45,hlawrence,138,1377084515,Directing
2023-10-30 23:31:02-07:00,2023-10-30 22:53:01-07:00,bradley45,hlawrence,138,1377085086,Directing
2023-10-30 23:31:02-07:00,2023-10-30 22:54:00-07:00,bradley45,hlawrence,138,1377085634,Directing
2023-10-30 23:31:02-07:00,2023-10-30 22:55:49-07:00,bradley45,hlawrence,138,1377086679,Directing
2023-10-30 23:31:02-07:00,2023-10-30 23:08:09-07:00,bradley45,hlawrence,138,1377093925,Directing
2023-10-30 23:31:02-07:00,2023-10-30 23:08:32-07:00,bradley45,hlawrence,138,1377094146,Directing
2023-10-30 23:31:02-07:00,2023-10-30 23:08:57-07:00,bradley45,hlawrence,138,1377094399,Directing
2023-10-30 23:31:02-07:00,2023-10-30 23:10:04-07:00,bradley45,hlawrence,138,1377095189,Asking
2023-10-30 23:31:02-07:00,2023-10-30 23:12:36-07:00,bradley45,hlawrence,138,1377096814,Explaining
2023-10-30 23:31:02-07:00,2023-10-30 23:12:36-07:00,bradley45,hlawrence,138,1377096814,Explaining
2023-10-30 23:31:02-07:00,2023-10-30 23:12:36-07:00,bradley45,hlawrence,138,1377096814,Directing
2023-10-30 23:31:02-07:00,2023-10-30 23:14:35-07:00,bradley45,hlawrence,138,1377098029,Directing
2023-10-30 23:31:02-07:00,2023-10-30 23:15:14-07:00,bradley45,hlawrence,138,1377098392,Directing
2023-10-30 23:31:02-07:00,2023-10-30 23:17:44-07:00,bradley45,hlawrence,138,1377099957,Directing
2023-10-30 23:31:02-07:00,2023-10-30 23:17:44-07:00,bradley45,hlawrence,138,1377099957,Directing
2023-10-30 23:31:02-07:00,2023-10-30 23:31:02-07:00,bradley45,hlawrence,138,1705490381,Directing
2023-10-30 23:31:02-07:00,2023-10-30 23:31:02-07:00,bradley45,hlawrence,138,1705490381,Directing
2023-10-30 23:31:02-07:00,2023-10-30 23:31:02-07:00,bradley45,hlawrence,138,1705490381,Directing
2023-10-30 23:31:02-07:00,2023-10-30 23:31:02-07:00,bradley45,hlawrence,138,1705490381,Directing
2023-10-30 23:31:02-07:00,2023-10-30 23:31:02-07:00,bradley45,hlawrence,138,1705490381,Directing
2023-10-30 23:31:03-07:00,2023-10-30 23:17:53-07:00,bradley45,hlawrence,138,1377100052,Directing
2023-10-30 23:31:03-07:00,2023-10-30 23:18:03-07:00,bradley45,hlawrence,138,1377100136,Directing
2023-10-30 23:31:03-07:00,2023-10-30 23:18:35-07:00,bradley45,hlawrence,138,1377100458,Updating
2023-10-30 23:31:03-07:00,2023-10-30 23:20:03-07:00,bradley45,hlawrence,138,1377101485,Explaining
2023-10-30 23:31:03-07:00,2023-10-30 23:20:36-07:00,bradley45,hlawrence,138,1377101853,Directing
2023-10-30 23:31:03-07:00,2023-10-30 23:21:03-07:00,bradley45,hlawrence,138,1377102123,Directing
2023-10-30 23:31:03-07:00,2023-10-30 23:21:17-07:00,bradley45,hlawrence,138,1377102264,Directing
2023-10-30 23:31:03-07:00,2023-10-30 23:21:39-07:00,bradley45,hlawrence,138,1377102552,Criticizing
2023-10-30 23:31:03-07:00,2023-10-30 23:22:51-07:00,bradley45,hlawrence,138,1377103336,Directing
2023-10-30 23:31:03-07:00,2023-10-30 23:23:11-07:00,bradley45,hlawrence,138,1377103518,Directing
2023-10-30 23:31:03-07:00,2023-10-30 23:23:17-07:00,bradley45,hlawrence,138,1377103596,Directing
2023-10-30 23:31:03-07:00,2023-10-30 23:27:59-07:00,bradley45,hlawrence,138,1377106457,Directing
2023-10-30 23:31:03-07:00,2023-10-30 23:28:43-07:00,bradley45,hlawrence,138,1377106894,Criticizing
2023-10-30 23:31:03-07:00,2023-10-30 23:28:43-07:00,bradley45,hlawrence,138,1377106894,Directing
2023-10-30 23:31:03-07:00,2023-10-30 23:30:46-07:00,bradley45,hlawrence,138,1377108242,Directing
2023-10-31 01:50:54-07:00,2023-10-31 01:50:53-07:00,bradley45,hlawrence,138,1377240278,Disagreeing
2023-10-31 01:50:54-07:00,2023-10-31 01:50:54-07:00,bradley45,hlawrence,138,1705739505,Empty
2023-10-31 08:52:37-07:00,2023-10-31 08:52:36-07:00,hlawrence,hlawrence,138,1377816811,Directing
2023-10-31 08:52:37-07:00,2023-10-31 08:52:36-07:00,hlawrence,hlawrence,138,1377816811,Directing
2023-10-31 08:52:37-07:00,2023-10-31 08:52:37-07:00,hlawrence,hlawrence,138,1706678261,Empty
2023-10-31 09:30:50-07:00,2023-10-31 09:30:50-07:00,robertcarr,hlawrence,138,1706764949,Approving
2023-10-31 10:15:59-07:00,2023-10-31 10:15:59-07:00,robertcarr,hlawrence,138,1706856405,Approving
2023-10-31 10:15:59-07:00,2023-10-31 10:15:59-07:00,robertcarr,hlawrence,138,1706856405,Encouraging
2023-10-31 10:19:37-07:00,2023-10-31 10:19:37-07:00,bradley45,hlawrence,138,1706863100,Approving
2023-10-31 10:20:54-07:00,2023-10-31 10:20:54-07:00,rsmall,hlawrence,138,1706865475,Complimenting
2023-10-31 10:21:08-07:00,2023-10-31 10:21:08-07:00,rsmall,hlawrence,138,1706865940,Empty
2023-11-01 17:53:30-07:00,2023-11-01 17:53:30-07:00,bradley45,bradley45,140,1709279299,Directing
2023-11-01 17:54:24-07:00,2023-11-01 17:54:24-07:00,bradley45,bradley45,140,1709279935,Directing
2023-11-02 14:13:41-07:00,2023-11-02 14:13:41-07:00,bradley45,bradley45,140,1711247414,Updating
2023-11-02 14:13:41-07:00,2023-11-02 14:13:41-07:00,bradley45,bradley45,140,1711247414,Directing
2023-11-02 20:31:34-07:00,2023-11-02 20:31:34-07:00,hlawrence,bradley45,140,1711782974,Complimenting
2023-11-02 20:31:34-07:00,2023-11-02 20:31:34-07:00,hlawrence,bradley45,140,1711782974,Complimenting
2023-11-05 16:22:36-08:00,2023-11-05 16:22:36-08:00,robertcarr,bradley45,140,1714105543,Approving
2023-11-05 16:22:36-08:00,2023-11-05 16:22:36-08:00,robertcarr,bradley45,140,1714105543,Updating
2023-10-31 19:49:44-07:00,2023-10-31 19:49:44-07:00,robertcarr,hlawrence,142,1707501285,Directing
2023-10-31 19:49:45-07:00,2023-10-31 19:49:36-07:00,robertcarr,hlawrence,142,1378341331,Updating
2023-10-31 22:18:18-07:00,2023-10-31 22:18:18-07:00,robertcarr,hlawrence,142,1707591009,Approving
2023-10-31 22:24:05-07:00,2023-10-31 22:24:05-07:00,oarellano,hlawrence,142,1707594774,Approving
2023-10-31 22:24:05-07:00,2023-10-31 22:24:05-07:00,oarellano,hlawrence,142,1707594774,Thanking
2023-10-31 22:43:50-07:00,2023-10-31 22:43:50-07:00,rsmall,hlawrence,142,1707608467,Approving
2023-11-01 15:12:37-07:00,2023-11-01 15:12:37-07:00,rsmall,hlawrence,150,1709161070,Approving
2023-11-01 15:25:11-07:00,2023-11-01 15:25:11-07:00,rsmall,hlawrence,150,1709171714,Empty
2023-11-01 16:45:58-07:00,2023-11-01 16:45:58-07:00,oarellano,hlawrence,150,1709231998,Approving
2023-11-05 13:15:14-08:00,2023-11-05 13:15:14-08:00,rsmall,oarellano,160,1714057713,Approving
2023-11-05 13:15:14-08:00,2023-11-05 13:15:14-08:00,rsmall,oarellano,160,1714057713,Updating
2023-11-05 15:25:42-08:00,2023-11-05 15:25:42-08:00,hlawrence,oarellano,160,1714089976,Updating
2023-11-05 15:25:42-08:00,2023-11-05 15:25:42-08:00,hlawrence,oarellano,160,1714089976,Directing
2023-11-10 23:10:18-08:00,2023-11-10 23:10:18-08:00,hlawrence,oarellano,160,1725987611,Approving
2023-11-11 11:15:14-08:00,2023-11-11 11:15:14-08:00,rsmall,oarellano,160,1726113258,Empty
2023-11-05 16:47:04-08:00,2023-11-05 16:47:04-08:00,robertcarr,hlawrence,161,1714114764,Approving
2023-11-05 16:55:22-08:00,2023-11-05 16:55:22-08:00,rsmall,hlawrence,161,1714118190,Criticizing
2023-11-05 17:04:24-08:00,2023-11-05 17:04:24-08:00,bradley45,hlawrence,161,1714122058,Approving
2023-11-05 17:16:27-08:00,2023-11-05 17:16:27-08:00,rsmall,hlawrence,161,1714131224,Updating
2023-11-06 12:47:17-08:00,2023-11-06 12:47:17-08:00,robertcarr,hlawrence,161,1716212193,Approving
2023-11-05 16:48:54-08:00,2023-11-05 16:48:54-08:00,robertcarr,hlawrence,162,1714115459,Complimenting
2023-11-05 16:50:58-08:00,2023-11-05 16:50:58-08:00,rsmall,hlawrence,162,1714116275,Approving
2023-11-05 16:42:38-08:00,2023-11-05 16:42:38-08:00,hlawrence,rsmall,163,1714112867,Approving
2023-11-05 16:48:12-08:00,2023-11-05 16:48:12-08:00,robertcarr,rsmall,163,1714115199,Criticizing
2023-11-05 16:48:12-08:00,2023-11-05 16:48:12-08:00,robertcarr,rsmall,163,1714115199,Updating
2023-11-05 16:48:30-08:00,2023-11-05 16:48:30-08:00,bradley45,rsmall,163,1714115314,Approving
2023-11-05 16:41:39-08:00,2023-11-05 16:41:39-08:00,hlawrence,bradley45,166,1714112558,Thanking
2023-11-05 16:48:33-08:00,2023-11-05 16:48:33-08:00,robertcarr,bradley45,166,1714115338,Approving
2023-11-05 16:56:52-08:00,2023-11-05 16:56:52-08:00,oarellano,bradley45,166,1714118764,Approving
2023-11-05 16:40:55-08:00,2023-11-05 16:40:55-08:00,hlawrence,robertcarr,167,1714112040,Encouraging
2023-11-05 16:49:37-08:00,2023-11-05 16:49:37-08:00,rsmall,robertcarr,167,1714115752,Criticizing
2023-11-05 16:49:37-08:00,2023-11-05 16:49:37-08:00,rsmall,robertcarr,167,1714115752,Updating
2023-11-05 16:55:24-08:00,2023-11-05 16:55:24-08:00,oarellano,robertcarr,167,1714118201,Approving
2023-11-05 16:57:22-08:00,2023-11-05 16:57:22-08:00,bradley45,robertcarr,167,1714118981,Complimenting
2023-11-05 16:58:42-08:00,2023-11-05 16:58:42-08:00,hlawrence,rsmall,169,1714119502,Encouraging
2023-11-05 16:59:10-08:00,2023-11-05 16:59:10-08:00,oarellano,rsmall,169,1714119694,Encouraging
2023-11-05 17:01:56-08:00,2023-11-05 17:01:56-08:00,bradley45,rsmall,169,1714120947,Encouraging
2023-11-05 16:52:33-08:00,2023-11-05 16:52:30-08:00,hlawrence,bradley45,170,1382690492,Suggesting
2023-11-05 16:52:33-08:00,2023-11-05 16:52:33-08:00,hlawrence,bradley45,170,1714116952,Empty
2023-11-05 16:56:34-08:00,2023-11-05 16:56:34-08:00,hlawrence,bradley45,170,1714118641,Approving
2023-11-05 16:56:34-08:00,2023-11-05 16:56:34-08:00,hlawrence,bradley45,170,1714118641,Thanking
2023-11-05 16:58:10-08:00,2023-11-05 16:58:10-08:00,robertcarr,bradley45,170,1714119317,Approving
2023-11-05 16:58:30-08:00,2023-11-05 16:58:30-08:00,rsmall,bradley45,170,1714119428,Updating
2023-11-05 16:57:13-08:00,2023-11-05 16:57:13-08:00,rsmall,oarellano,171,1714118922,Encouraging
2023-11-05 16:57:15-08:00,2023-11-05 16:57:15-08:00,hlawrence,oarellano,171,1714118931,Approving
2023-11-05 16:57:15-08:00,2023-11-05 16:57:15-08:00,hlawrence,oarellano,171,1714118931,Complimenting
2023-11-05 16:57:47-08:00,2023-11-05 16:57:47-08:00,bradley45,oarellano,171,1714119169,Complimenting
2023-11-07 12:38:35-08:00,2023-11-07 12:38:35-08:00,rsmall,hlawrence,172,1718690883,Approving
2023-11-07 12:40:13-08:00,2023-11-07 12:40:13-08:00,oarellano,hlawrence,172,1718693125,Complimenting
2023-11-09 09:37:03-08:00,2023-11-09 09:37:03-08:00,bradley45,robertcarr,175,1723154839,Asking
2023-11-09 16:19:50-08:00,2023-11-09 16:19:50-08:00,hlawrence,robertcarr,175,1723721576,Criticizing
2023-11-09 16:19:50-08:00,2023-11-09 16:19:50-08:00,hlawrence,robertcarr,175,1723721576,Directing
2023-11-09 16:19:50-08:00,2023-11-09 16:19:50-08:00,hlawrence,robertcarr,175,1723721576,Directing
2023-11-12 16:24:29-08:00,2023-11-12 16:24:29-08:00,bradley45,rsmall,176,1726373469,Approving
2023-11-12 16:24:29-08:00,2023-11-12 16:24:29-08:00,bradley45,rsmall,176,1726373469,Complimenting
2023-11-12 16:24:29-08:00,2023-11-12 16:24:29-08:00,bradley45,rsmall,176,1726373469,Criticizing
2023-11-12 16:24:30-08:00,2023-11-12 16:05:51-08:00,bradley45,rsmall,176,1390513652,Directing
2023-11-12 16:24:30-08:00,2023-11-12 16:06:10-08:00,bradley45,rsmall,176,1390513725,Directing
2023-11-12 16:24:30-08:00,2023-11-12 16:07:09-08:00,bradley45,rsmall,176,1390513862,Directing
2023-11-12 16:24:30-08:00,2023-11-12 16:08:01-08:00,bradley45,rsmall,176,1390513991,Directing
2023-11-12 16:24:30-08:00,2023-11-12 16:09:51-08:00,bradley45,rsmall,176,1390514348,Directing
2023-11-12 16:24:30-08:00,2023-11-12 16:16:57-08:00,bradley45,rsmall,176,1390515703,Criticizing
2023-11-12 16:24:30-08:00,2023-11-12 16:16:57-08:00,bradley45,rsmall,176,1390515703,Criticizing
2023-11-12 16:24:30-08:00,2023-11-12 16:16:57-08:00,bradley45,rsmall,176,1390515703,Directing
2023-11-12 16:24:30-08:00,2023-11-12 16:16:57-08:00,bradley45,rsmall,176,1390515703,Directing
2023-11-12 16:24:30-08:00,2023-11-12 16:18:12-08:00,bradley45,rsmall,176,1390515958,Criticizing
2023-11-12 16:24:30-08:00,2023-11-12 16:18:12-08:00,bradley45,rsmall,176,1390515958,Directing
2023-11-12 16:24:30-08:00,2023-11-12 16:19:02-08:00,bradley45,rsmall,176,1390516163,Agreeing
2023-11-12 16:24:30-08:00,2023-11-12 16:20:20-08:00,bradley45,rsmall,176,1390516427,Explaining
2023-11-12 16:24:30-08:00,2023-11-12 16:21:30-08:00,bradley45,rsmall,176,1390516621,Criticizing
2023-11-12 16:24:30-08:00,2023-11-12 16:23:40-08:00,bradley45,rsmall,176,1390517104,Criticizing
2023-11-12 16:24:30-08:00,2023-11-12 16:23:40-08:00,bradley45,rsmall,176,1390517104,Directing
2023-11-13 14:28:54-08:00,2023-11-13 14:28:54-08:00,rsmall,rsmall,176,1728389225,Empty
2023-11-13 14:28:54-08:00,2023-11-13 14:28:54-08:00,rsmall,rsmall,176,1391772259,Updating
2023-11-13 15:07:01-08:00,2023-11-13 15:07:01-08:00,rsmall,rsmall,176,1728425691,Empty
2023-11-13 15:07:01-08:00,2023-11-13 15:07:01-08:00,rsmall,rsmall,176,1391797172,Asking
2023-11-13 15:07:01-08:00,2023-11-13 15:07:01-08:00,rsmall,rsmall,176,1391797172,Updating
2023-11-13 21:22:34-08:00,2023-11-13 21:22:34-08:00,bradley45,rsmall,176,1728927038,Empty
2023-11-13 21:22:34-08:00,2023-11-13 21:22:34-08:00,bradley45,rsmall,176,1391996447,Disagreeing
2023-11-16 22:02:17-08:00,2023-11-16 21:29:36-08:00,bradley45,rsmall,176,1396721284,Directing
2023-11-16 22:02:17-08:00,2023-11-16 21:31:50-08:00,bradley45,rsmall,176,1396722372,Criticizing
2023-11-16 22:02:17-08:00,2023-11-16 21:33:00-08:00,bradley45,rsmall,176,1396722926,Directing
2023-11-16 22:02:17-08:00,2023-11-16 21:36:36-08:00,bradley45,rsmall,176,1396725036,Directing
2023-11-16 22:02:17-08:00,2023-11-16 21:37:27-08:00,bradley45,rsmall,176,1396725412,Suggesting
2023-11-16 22:02:17-08:00,2023-11-16 21:53:00-08:00,bradley45,rsmall,176,1396733580,Directing
2023-11-16 22:02:17-08:00,2023-11-16 21:54:23-08:00,bradley45,rsmall,176,1396734302,Criticizing
2023-11-16 22:02:17-08:00,2023-11-16 21:56:55-08:00,bradley45,rsmall,176,1396735948,Criticizing
2023-11-16 22:02:17-08:00,2023-11-16 21:58:41-08:00,bradley45,rsmall,176,1396736961,Asking
2023-11-16 22:02:17-08:00,2023-11-16 21:59:24-08:00,bradley45,rsmall,176,1396737383,Directing
2023-11-16 22:02:17-08:00,2023-11-16 22:01:02-08:00,bradley45,rsmall,176,1396738308,Directing
2023-11-16 22:02:17-08:00,2023-11-16 22:02:17-08:00,bradley45,rsmall,176,1736068115,Approving
2023-11-17 11:59:11-08:00,2023-11-17 11:59:11-08:00,rsmall,rsmall,176,1737803756,Empty
2023-11-17 11:59:11-08:00,2023-11-17 11:59:11-08:00,rsmall,rsmall,176,1397813000,Updating
2023-11-17 11:59:11-08:00,2023-11-17 11:59:11-08:00,rsmall,rsmall,176,1397813000,Updating
2023-11-17 16:43:02-08:00,2023-11-17 16:43:02-08:00,rsmall,rsmall,176,1398015432,Disagreeing
2023-11-17 16:43:02-08:00,2023-11-17 16:43:02-08:00,rsmall,rsmall,176,1398015432,Explaining
2023-11-17 16:43:02-08:00,2023-11-17 16:43:02-08:00,rsmall,rsmall,176,1738130578,Empty
2023-11-17 16:45:25-08:00,2023-11-17 16:45:25-08:00,rsmall,rsmall,176,1398016027,Agreeing
2023-11-17 16:45:25-08:00,2023-11-17 16:45:25-08:00,rsmall,rsmall,176,1398016027,Explaining
2023-11-17 16:45:25-08:00,2023-11-17 16:45:25-08:00,rsmall,rsmall,176,1738131375,Empty
2023-11-17 16:53:56-08:00,2023-11-17 16:53:56-08:00,rsmall,rsmall,176,1738134507,Empty
2023-11-17 16:54:17-08:00,2023-11-17 16:53:56-08:00,rsmall,rsmall,176,1398018191,Updating
2023-11-24 05:35:07-08:00,2023-11-24 05:28:21-08:00,bradley45,rsmall,176,1404355485,Directing
2023-11-24 05:35:07-08:00,2023-11-24 05:29:15-08:00,bradley45,rsmall,176,1404356249,Directing
2023-11-24 05:35:07-08:00,2023-11-24 05:30:19-08:00,bradley45,rsmall,176,1404357265,Criticizing
2023-11-24 05:35:07-08:00,2023-11-24 05:30:40-08:00,bradley45,rsmall,176,1404357593,Directing
2023-11-24 05:35:07-08:00,2023-11-24 05:32:52-08:00,bradley45,rsmall,176,1404359609,Directing
2023-11-24 05:35:07-08:00,2023-11-24 05:34:05-08:00,bradley45,rsmall,176,1404360810,Criticizing
2023-11-24 05:35:07-08:00,2023-11-24 05:35:07-08:00,bradley45,rsmall,176,1747953797,Approving
2023-11-24 05:35:07-08:00,2023-11-24 05:35:07-08:00,bradley45,rsmall,176,1747953797,Complimenting
2023-11-24 05:35:08-08:00,2023-11-24 05:31:03-08:00,bradley45,rsmall,176,1404357928,Directing
2023-11-24 05:35:08-08:00,2023-11-24 05:34:50-08:00,bradley45,rsmall,176,1404361464,Directing
2023-11-24 10:35:46-08:00,2023-11-24 10:35:46-08:00,robertcarr,rsmall,176,1748326675,Explaining
2023-11-12 13:00:20-08:00,2023-11-12 12:54:12-08:00,robertcarr,hlawrence,182,1390480669,Criticizing
2023-11-12 13:00:20-08:00,2023-11-12 12:54:12-08:00,robertcarr,hlawrence,182,1390480669,Asking
2023-11-12 13:00:20-08:00,2023-11-12 12:55:39-08:00,robertcarr,hlawrence,182,1390480964,Asking
2023-11-12 13:00:20-08:00,2023-11-12 12:56:11-08:00,robertcarr,hlawrence,182,1390481030,Asking
2023-11-12 13:00:20-08:00,2023-11-12 12:56:35-08:00,robertcarr,hlawrence,182,1390481088,Suggesting
2023-11-12 13:00:20-08:00,2023-11-12 12:58:14-08:00,robertcarr,hlawrence,182,1390481370,Criticizing
2023-11-12 13:00:20-08:00,2023-11-12 12:58:14-08:00,robertcarr,hlawrence,182,1390481370,Directing
2023-11-12 13:00:20-08:00,2023-11-12 12:58:38-08:00,robertcarr,hlawrence,182,1390481413,Directing
2023-11-12 13:00:20-08:00,2023-11-12 13:00:20-08:00,robertcarr,hlawrence,182,1726325380,Approving
2023-11-12 13:00:20-08:00,2023-11-12 13:00:20-08:00,robertcarr,hlawrence,182,1726325380,Directing
2023-11-12 16:39:33-08:00,2023-11-12 16:28:14-08:00,bradley45,hlawrence,182,1390518373,Directing
2023-11-12 16:39:33-08:00,2023-11-12 16:28:58-08:00,bradley45,hlawrence,182,1390518537,Agreeing
2023-11-12 16:39:33-08:00,2023-11-12 16:29:24-08:00,bradley45,hlawrence,182,1390518627,Directing
2023-11-12 16:39:33-08:00,2023-11-12 16:31:52-08:00,bradley45,hlawrence,182,1390519585,Directing
2023-11-12 16:39:33-08:00,2023-11-12 16:35:22-08:00,bradley45,hlawrence,182,1390520640,Criticizing
2023-11-12 16:39:33-08:00,2023-11-12 16:35:22-08:00,bradley45,hlawrence,182,1390520640,Directing
2023-11-12 16:39:33-08:00,2023-11-12 16:35:36-08:00,bradley45,hlawrence,182,1390520732,Asking
2023-11-12 16:39:33-08:00,2023-11-12 16:36:36-08:00,bradley45,hlawrence,182,1390521069,Directing
2023-11-12 16:39:33-08:00,2023-11-12 16:37:29-08:00,bradley45,hlawrence,182,1390521755,Criticizing
2023-11-12 16:39:33-08:00,2023-11-12 16:37:29-08:00,bradley45,hlawrence,182,1390521755,Directing
2023-11-12 16:39:33-08:00,2023-11-12 16:38:47-08:00,bradley45,hlawrence,182,1390522171,Explaining
2023-11-12 16:39:33-08:00,2023-11-12 16:38:47-08:00,bradley45,hlawrence,182,1390522171,Asking
2023-11-12 16:39:33-08:00,2023-11-12 16:39:33-08:00,bradley45,hlawrence,182,1726381158,Approving
2023-11-12 16:53:06-08:00,2023-11-12 16:53:06-08:00,hlawrence,hlawrence,182,1726398936,Empty
2023-11-12 16:55:04-08:00,2023-11-12 16:55:04-08:00,hlawrence,hlawrence,182,1726399747,Empty
2023-11-12 16:57:54-08:00,2023-11-12 16:57:54-08:00,hlawrence,hlawrence,182,1726400870,Empty
2023-11-12 16:57:55-08:00,2023-11-12 16:57:54-08:00,hlawrence,hlawrence,182,1390529986,Disagreeing
2023-11-12 16:57:55-08:00,2023-11-12 16:57:54-08:00,hlawrence,hlawrence,182,1390529986,Explaining
2023-11-12 17:15:05-08:00,2023-11-12 16:53:06-08:00,hlawrence,hlawrence,182,1390528577,Updating
2023-11-12 17:22:33-08:00,2023-11-12 17:22:33-08:00,hlawrence,hlawrence,182,1390543222,Updating
2023-11-12 17:22:33-08:00,2023-11-12 17:22:33-08:00,hlawrence,hlawrence,182,1726421552,Empty
2023-11-12 17:37:31-08:00,2023-11-12 16:55:04-08:00,hlawrence,hlawrence,182,1390529153,Explaining
2023-11-12 17:37:31-08:00,2023-11-12 16:55:04-08:00,hlawrence,hlawrence,182,1390529153,Updating
2023-11-12 17:37:57-08:00,2023-11-12 17:37:57-08:00,hlawrence,hlawrence,182,1390550478,Asking
2023-11-12 17:37:57-08:00,2023-11-12 17:37:57-08:00,hlawrence,hlawrence,182,1726432688,Empty
2023-11-12 19:08:59-08:00,2023-11-12 19:08:59-08:00,bradley45,hlawrence,182,1390585881,Directing
2023-11-12 19:08:59-08:00,2023-11-12 19:08:59-08:00,bradley45,hlawrence,182,1726489439,Empty
2023-11-13 21:32:22-08:00,2023-11-13 21:32:22-08:00,bradley45,hlawrence,182,1728944793,Empty
2023-11-13 21:32:22-08:00,2023-11-13 21:32:22-08:00,bradley45,hlawrence,182,1392001470,Criticizing
2023-11-15 19:33:52-08:00,2023-11-15 19:33:51-08:00,hlawrence,hlawrence,182,1395111422,Updating
2023-11-15 19:33:52-08:00,2023-11-15 19:33:52-08:00,hlawrence,hlawrence,182,1733441458,Empty
2023-11-15 19:34:37-08:00,2023-11-15 19:34:37-08:00,hlawrence,hlawrence,182,1395111787,Updating
2023-11-15 19:34:37-08:00,2023-11-15 19:34:37-08:00,hlawrence,hlawrence,182,1733442151,Empty
2023-11-15 19:37:33-08:00,2023-11-15 19:37:33-08:00,bradley45,hlawrence,182,1733444392,Approving
2023-11-17 16:13:33-08:00,2023-11-17 16:13:33-08:00,robertcarr,hlawrence,182,1738118090,Approving
2023-11-12 18:58:01-08:00,2023-11-12 18:58:01-08:00,bradley45,hlawrence,183,1726482585,Complimenting
2023-11-12 18:59:00-08:00,2023-11-12 18:59:00-08:00,oarellano,hlawrence,183,1726483095,Thanking
2023-11-12 18:57:45-08:00,2023-11-12 18:57:45-08:00,oarellano,robertcarr,188,1726482447,Complimenting
2023-11-12 18:58:31-08:00,2023-11-12 18:58:31-08:00,bradley45,robertcarr,188,1726482847,Complimenting
2023-11-12 18:58:37-08:00,2023-11-12 18:58:37-08:00,rsmall,robertcarr,188,1726482894,Approving
2023-11-12 18:52:45-08:00,2023-11-12 18:52:45-08:00,bradley45,oarellano,189,1726479478,Approving
2023-11-12 18:57:54-08:00,2023-11-12 18:57:54-08:00,rsmall,oarellano,189,1726482520,Approving
2023-11-12 18:59:15-08:00,2023-11-12 18:59:15-08:00,rsmall,bradley45,190,1726483260,Approving
2023-11-12 19:01:12-08:00,2023-11-12 19:01:12-08:00,oarellano,bradley45,190,1726484397,Encouraging
2023-11-12 18:57:24-08:00,2023-11-12 18:57:24-08:00,bradley45,rsmall,191,1726482257,Complimenting
2023-11-12 19:05:11-08:00,2023-11-12 19:05:11-08:00,hlawrence,rsmall,191,1726487163,Approving
2023-11-12 19:04:21-08:00,2023-11-12 19:04:21-08:00,bradley45,hlawrence,192,1726486741,Encouraging
2023-11-12 19:04:38-08:00,2023-11-12 19:04:38-08:00,rsmall,hlawrence,192,1726486885,Approving
2023-11-13 23:34:36-08:00,2023-11-13 23:34:33-08:00,bradley45,bradley45,193,1392110881,Updating
2023-11-13 23:34:36-08:00,2023-11-13 23:34:36-08:00,bradley45,bradley45,193,1729074086,Empty
2023-11-15 19:36:23-08:00,2023-11-15 19:36:23-08:00,hlawrence,bradley45,193,1733443219,Empty
2023-11-15 19:37:05-08:00,2023-11-15 19:37:05-08:00,hlawrence,bradley45,193,1733444084,Empty
2023-11-15 19:37:06-08:00,2023-11-15 19:37:05-08:00,hlawrence,bradley45,193,1395113086,Asking
2023-11-15 19:40:28-08:00,2023-11-15 19:40:28-08:00,hlawrence,bradley45,193,1395114478,Asking
2023-11-15 19:40:28-08:00,2023-11-15 19:40:28-08:00,hlawrence,bradley45,193,1395114478,Asking
2023-11-15 19:40:28-08:00,2023-11-15 19:40:28-08:00,hlawrence,bradley45,193,1733446240,Empty
2023-11-15 19:42:20-08:00,2023-11-15 19:36:23-08:00,hlawrence,bradley45,193,1395112468,Asking
2023-11-15 19:42:20-08:00,2023-11-15 19:36:23-08:00,hlawrence,bradley45,193,1395112468,Asking
2023-11-15 21:41:44-08:00,2023-11-15 21:41:44-08:00,bradley45,bradley45,193,1733545224,Empty
2023-11-15 21:41:44-08:00,2023-11-15 21:41:44-08:00,bradley45,bradley45,193,1395173434,Updating
2023-11-16 12:42:12-08:00,2023-11-16 12:42:12-08:00,bradley45,bradley45,193,1735443935,Empty
2023-11-16 12:42:12-08:00,2023-11-16 12:42:12-08:00,bradley45,bradley45,193,1396308711,Updating
2023-11-16 12:42:32-08:00,2023-11-16 12:42:32-08:00,bradley45,bradley45,193,1735444740,Empty
2023-11-16 12:42:33-08:00,2023-11-16 12:42:32-08:00,bradley45,bradley45,193,1396309013,Updating
2023-11-16 12:43:18-08:00,2023-11-16 12:43:18-08:00,bradley45,bradley45,193,1735446591,Empty
2023-11-16 12:43:24-08:00,2023-11-16 12:43:18-08:00,bradley45,bradley45,193,1396309748,Asking
2023-11-16 12:43:43-08:00,2023-11-16 12:43:43-08:00,bradley45,bradley45,193,1735448168,Empty
2023-11-16 12:43:44-08:00,2023-11-16 12:43:43-08:00,bradley45,bradley45,193,1396310239,Directing
2023-11-17 16:29:03-08:00,2023-11-17 16:23:57-08:00,robertcarr,bradley45,193,1398009571,Criticizing
2023-11-17 16:29:03-08:00,2023-11-17 16:24:29-08:00,robertcarr,bradley45,193,1398009737,Criticizing
2023-11-17 16:29:03-08:00,2023-11-17 16:24:29-08:00,robertcarr,bradley45,193,1398009737,Asking
2023-11-17 16:29:03-08:00,2023-11-17 16:26:16-08:00,robertcarr,bradley45,193,1398010763,Criticizing
2023-11-17 16:29:03-08:00,2023-11-17 16:26:25-08:00,robertcarr,bradley45,193,1398010814,Criticizing
2023-11-17 16:29:03-08:00,2023-11-17 16:29:01-08:00,robertcarr,bradley45,193,1398011502,Criticizing
2023-11-17 16:29:03-08:00,2023-11-17 16:29:03-08:00,robertcarr,bradley45,193,1738122119,Empty
2023-11-17 17:03:56-08:00,2023-11-17 17:02:14-08:00,robertcarr,bradley45,193,1398020981,Directing
2023-11-17 17:03:56-08:00,2023-11-17 17:02:49-08:00,robertcarr,bradley45,193,1398021142,Updating
2023-11-17 17:03:56-08:00,2023-11-17 17:03:56-08:00,robertcarr,bradley45,193,1738137861,Updating
2023-11-17 17:11:30-08:00,2023-11-17 17:11:30-08:00,bradley45,bradley45,193,1398023068,Explaining
2023-11-17 17:11:30-08:00,2023-11-17 17:11:30-08:00,bradley45,bradley45,193,1738140468,Empty
2023-11-17 17:12:19-08:00,2023-11-17 17:12:19-08:00,bradley45,bradley45,193,1738140679,Empty
2023-11-17 17:12:19-08:00,2023-11-17 17:12:19-08:00,bradley45,bradley45,193,1398023199,Suggesting
2023-11-17 17:26:51-08:00,2023-11-17 17:26:51-08:00,robertcarr,bradley45,193,1738146147,Empty
2023-11-17 17:26:51-08:00,2023-11-17 17:26:51-08:00,robertcarr,bradley45,193,1398027580,Agreeing
2023-11-17 17:27:29-08:00,2023-11-17 17:27:29-08:00,robertcarr,bradley45,193,1738146295,Empty
2023-11-17 17:27:29-08:00,2023-11-17 17:27:29-08:00,robertcarr,bradley45,193,1398027728,Criticizing
2023-11-19 18:00:27-08:00,2023-11-19 18:00:27-08:00,robertcarr,bradley45,193,1738861904,Approving
2023-11-19 19:36:55-08:00,2023-11-19 19:36:55-08:00,rsmall,bradley45,193,1738915137,Approving
2023-11-16 21:26:35-08:00,2023-11-16 21:26:30-08:00,rsmall,bradley45,194,1396719675,Suggesting
2023-11-16 21:26:35-08:00,2023-11-16 21:26:35-08:00,rsmall,bradley45,194,1736065498,Empty
2023-11-16 21:27:22-08:00,2023-11-16 21:27:22-08:00,rsmall,bradley45,194,1736066133,Empty
2023-11-16 21:27:23-08:00,2023-11-16 21:27:22-08:00,rsmall,bradley45,194,1396720096,Criticizing
2023-11-17 17:55:55-08:00,2023-11-17 17:55:55-08:00,robertcarr,bradley45,194,1738152583,Approving
2023-11-17 17:55:55-08:00,2023-11-17 17:55:55-08:00,robertcarr,bradley45,194,1738152583,Criticizing
2023-11-17 17:55:55-08:00,2023-11-17 17:55:55-08:00,robertcarr,bradley45,194,1738152583,Directing
2023-11-17 17:55:55-08:00,2023-11-17 17:55:55-08:00,robertcarr,bradley45,194,1738152583,Directing
2023-11-17 17:56:13-08:00,2023-11-17 17:56:13-08:00,robertcarr,bradley45,194,1738152799,Empty
2023-11-17 17:56:13-08:00,2023-11-17 17:56:13-08:00,robertcarr,bradley45,194,1398032746,Updating
2023-11-17 18:07:18-08:00,2023-11-17 18:07:14-08:00,robertcarr,bradley45,194,1398038891,Directing
2023-11-17 18:07:18-08:00,2023-11-17 18:07:14-08:00,robertcarr,bradley45,194,1398038891,Explaining
2023-11-17 18:07:18-08:00,2023-11-17 18:07:14-08:00,robertcarr,bradley45,194,1398038891,Explaining
2023-11-17 18:07:18-08:00,2023-11-17 18:07:18-08:00,robertcarr,bradley45,194,1738162367,Empty
2023-11-23 15:03:57-08:00,2023-11-23 14:58:13-08:00,robertcarr,bradley45,194,1403778740,Directing
2023-11-23 15:03:57-08:00,2023-11-23 15:03:57-08:00,robertcarr,bradley45,194,1747080025,Empty
2023-11-23 19:18:07-08:00,2023-11-23 19:18:07-08:00,bradley45,bradley45,194,1747253440,Empty
2023-11-23 19:18:33-08:00,2023-11-23 19:18:07-08:00,bradley45,bradley45,194,1403903404,Criticizing
2023-11-23 21:44:59-08:00,2023-11-23 21:44:59-08:00,robertcarr,bradley45,194,1747338794,Approving
2023-11-23 21:44:59-08:00,2023-11-23 21:44:59-08:00,robertcarr,bradley45,194,1747338794,Thanking
2023-11-24 10:21:36-08:00,2023-11-24 10:21:36-08:00,robertcarr,bradley45,194,1748309619,Approving
2023-11-24 12:17:40-08:00,2023-11-24 12:17:40-08:00,hlawrence,bradley45,194,1748398428,Directing
2023-11-24 12:17:40-08:00,2023-11-24 12:17:40-08:00,hlawrence,bradley45,194,1748398428,Approving
2023-11-24 12:17:51-08:00,2023-11-24 12:17:49-08:00,robertcarr,bradley45,194,1404628348,Directing
2023-11-24 12:17:51-08:00,2023-11-24 12:17:51-08:00,robertcarr,bradley45,194,1748398485,Empty
2023-11-24 12:19:36-08:00,2023-11-24 12:10:05-08:00,rsmall,bradley45,194,1404626101,Criticizing
2023-11-24 12:19:36-08:00,2023-11-24 12:19:36-08:00,rsmall,bradley45,194,1748395303,Empty
2023-11-24 13:17:10-08:00,2023-11-24 13:17:10-08:00,rsmall,bradley45,194,1748431693,Approving
2023-11-24 13:50:25-08:00,2023-11-24 13:50:25-08:00,rsmall,bradley45,194,1748443781,Approving
2023-11-24 14:15:47-08:00,2023-11-24 14:15:47-08:00,robertcarr,bradley45,194,1748450975,Approving
2023-11-26 19:55:06-08:00,2023-11-26 19:55:06-08:00,rsmall,robertcarr,199,1749569600,Approving
2023-11-26 19:55:06-08:00,2023-11-26 19:55:06-08:00,rsmall,robertcarr,199,1749569600,Criticizing
2023-11-26 19:55:06-08:00,2023-11-26 19:55:06-08:00,rsmall,robertcarr,199,1749569600,Approving
2023-11-26 20:07:19-08:00,2023-11-26 19:52:17-08:00,bradley45,robertcarr,199,1405590776,Complimenting
2023-11-26 20:07:19-08:00,2023-11-26 20:07:04-08:00,bradley45,robertcarr,199,1405596362,Directing
2023-11-26 20:07:19-08:00,2023-11-26 20:07:19-08:00,bradley45,robertcarr,199,1749568156,Approving
2023-11-28 20:24:37-08:00,2023-11-28 20:24:37-08:00,robertcarr,robertcarr,199,1754411916,Empty
2023-11-28 20:24:37-08:00,2023-11-28 20:24:37-08:00,robertcarr,robertcarr,199,1408721606,Agreeing
2023-12-02 19:50:23-08:00,2023-12-02 19:50:23-08:00,bradley45,robertcarr,199,1761065758,Approving
2023-12-03 11:06:07-08:00,2023-12-03 11:06:07-08:00,hlawrence,robertcarr,199,1761343263,Empty
2023-12-03 11:06:07-08:00,2023-12-03 11:06:07-08:00,hlawrence,robertcarr,199,1413184346,Asking
2023-12-03 11:08:07-08:00,2023-12-03 11:08:07-08:00,robertcarr,robertcarr,199,1761343571,Empty
2023-12-03 11:08:07-08:00,2023-12-03 11:08:07-08:00,robertcarr,robertcarr,199,1413184621,Updating
2023-12-03 11:08:16-08:00,2023-12-03 11:08:16-08:00,hlawrence,robertcarr,199,1413184637,Encouraging
2023-12-03 11:08:16-08:00,2023-12-03 11:08:16-08:00,hlawrence,robertcarr,199,1761343593,Empty
2023-12-03 11:08:43-08:00,2023-12-03 11:08:43-08:00,hlawrence,robertcarr,199,1761343646,Empty
2023-12-03 11:09:18-08:00,2023-12-03 11:08:43-08:00,hlawrence,robertcarr,199,1413184686,Criticizing
2023-12-03 11:09:18-08:00,2023-12-03 11:08:43-08:00,hlawrence,robertcarr,199,1413184686,Directing
2023-12-03 11:12:56-08:00,2023-12-03 11:12:56-08:00,hlawrence,robertcarr,199,1761345546,Approving
2023-12-03 11:14:16-08:00,2023-12-03 11:14:16-08:00,robertcarr,robertcarr,199,1761345694,Empty
2023-12-03 11:14:16-08:00,2023-12-03 11:14:16-08:00,robertcarr,robertcarr,199,1413186393,Updating
2023-12-03 12:10:25-08:00,2023-12-03 12:10:25-08:00,oarellano,robertcarr,199,1761358577,Empty
2023-12-03 12:10:25-08:00,2023-12-03 12:10:25-08:00,oarellano,robertcarr,199,1413198508,Agreeing
2023-12-03 12:14:37-08:00,2023-12-03 12:14:37-08:00,oarellano,robertcarr,199,1761359084,Encouraging
2023-11-24 10:32:01-08:00,2023-11-24 10:22:47-08:00,robertcarr,rsmall,200,1404580460,Asking
2023-11-24 10:32:01-08:00,2023-11-24 10:25:13-08:00,robertcarr,rsmall,200,1404581573,Directing
2023-11-24 10:32:01-08:00,2023-11-24 10:26:15-08:00,robertcarr,rsmall,200,1404581991,Criticizing
2023-11-24 10:32:01-08:00,2023-11-24 10:27:07-08:00,robertcarr,rsmall,200,1404582429,Asking
2023-11-24 10:32:01-08:00,2023-11-24 10:28:32-08:00,robertcarr,rsmall,200,1404583021,Directing
2023-11-24 10:32:01-08:00,2023-11-24 10:28:32-08:00,robertcarr,rsmall,200,1404583021,Explaining
2023-11-24 10:32:01-08:00,2023-11-24 10:29:23-08:00,robertcarr,rsmall,200,1404583368,Explaining
2023-11-24 10:32:01-08:00,2023-11-24 10:30:20-08:00,robertcarr,rsmall,200,1404583780,Explaining
2023-11-24 10:32:01-08:00,2023-11-24 10:31:49-08:00,robertcarr,rsmall,200,1404584480,Directing
2023-11-24 10:32:01-08:00,2023-11-24 10:32:01-08:00,robertcarr,rsmall,200,1748311147,Approving
2023-11-24 10:32:01-08:00,2023-11-24 10:32:01-08:00,robertcarr,rsmall,200,1748311147,Criticizing
2023-11-24 10:41:02-08:00,2023-11-24 10:41:02-08:00,rsmall,rsmall,200,1748330544,Empty
2023-11-24 10:41:03-08:00,2023-11-24 10:41:02-08:00,rsmall,rsmall,200,1404588302,Criticizing
2023-11-24 10:41:03-08:00,2023-11-24 10:41:02-08:00,rsmall,rsmall,200,1404588302,Criticizing
2023-11-24 10:43:22-08:00,2023-11-24 10:43:22-08:00,rsmall,rsmall,200,1404589147,Agreeing
2023-11-24 10:43:22-08:00,2023-11-24 10:43:22-08:00,rsmall,rsmall,200,1748331838,Empty
2023-11-24 11:04:47-08:00,2023-11-24 11:04:46-08:00,rsmall,rsmall,200,1404597428,Directing
2023-11-24 11:04:47-08:00,2023-11-24 11:04:47-08:00,rsmall,rsmall,200,1748344098,Empty
2023-11-26 17:08:09-08:00,2023-11-26 17:08:09-08:00,bradley45,rsmall,200,1749477900,Approving
2023-11-26 19:13:48-08:00,2023-11-26 19:13:48-08:00,robertcarr,rsmall,200,1749541894,Approving
2023-11-28 13:40:14-08:00,2023-11-28 13:40:14-08:00,rsmall,bradley45,203,1753997792,Approving
2023-11-28 14:24:27-08:00,2023-11-28 14:24:10-08:00,bradley45,bradley45,203,1408492164,Directing
2023-11-28 14:24:27-08:00,2023-11-28 14:24:27-08:00,bradley45,bradley45,203,1754061617,Empty
2023-11-28 22:54:19-08:00,2023-11-28 22:54:19-08:00,rsmall,bradley45,203,1754562134,Complimenting
2023-11-28 23:02:48-08:00,2023-11-28 23:02:48-08:00,hlawrence,bradley45,203,1754571707,Empty
2023-11-28 23:02:48-08:00,2023-11-28 23:02:48-08:00,hlawrence,bradley45,203,1408833356,Asking
2023-11-28 23:04:03-08:00,2023-11-28 23:04:03-08:00,hlawrence,bradley45,203,1754573116,Thanking
2023-11-29 01:39:19-08:00,2023-11-29 01:39:19-08:00,bradley45,bradley45,203,1754832591,Empty
2023-11-29 01:39:19-08:00,2023-11-29 01:39:19-08:00,bradley45,bradley45,203,1409011907,Explaining
2023-11-29 01:39:19-08:00,2023-11-29 01:39:19-08:00,bradley45,bradley45,203,1409011907,Updating
2023-11-24 11:44:41-08:00,2023-11-24 11:44:41-08:00,hlawrence,bradley45,207,1748381031,Approving
2023-11-24 11:45:15-08:00,2023-11-24 11:45:15-08:00,hlawrence,bradley45,207,1748381333,Asking
2023-11-24 13:32:41-08:00,2023-11-24 13:32:41-08:00,rsmall,bradley45,207,1748438330,Approving
2023-11-24 11:46:09-08:00,2023-11-24 11:46:09-08:00,hlawrence,bradley45,208,1748381772,Approving
2023-11-24 13:33:15-08:00,2023-11-24 13:33:05-08:00,rsmall,bradley45,208,1404650577,Asking
2023-11-24 13:33:15-08:00,2023-11-24 13:33:15-08:00,rsmall,bradley45,208,1748438444,Empty
2023-11-26 19:37:02-08:00,2023-11-26 19:37:02-08:00,bradley45,bradley45,208,1749559261,Empty
2023-11-26 19:37:02-08:00,2023-11-26 19:37:02-08:00,bradley45,bradley45,208,1405585061,Updating
2023-11-26 19:37:02-08:00,2023-11-26 19:37:02-08:00,bradley45,bradley45,208,1405585061,Updating
2023-11-26 19:43:20-08:00,2023-11-26 19:43:20-08:00,robertcarr,bradley45,208,1749562409,Approving
2023-11-26 19:43:20-08:00,2023-11-26 19:43:20-08:00,robertcarr,bradley45,208,1749562409,Complimenting
2023-11-26 19:44:26-08:00,2023-11-26 19:44:26-08:00,rsmall,bradley45,208,1749562953,Approving
2023-11-24 13:48:47-08:00,2023-11-24 13:48:47-08:00,rsmall,bradley45,209,1748443231,Approving
2023-11-26 14:46:19-08:00,2023-11-26 14:46:19-08:00,oarellano,bradley45,209,1749439331,Approving
2023-11-25 11:36:30-08:00,2023-11-25 11:36:30-08:00,rsmall,robertcarr,212,1749230260,Approving
2023-11-25 12:45:16-08:00,2023-11-25 12:45:16-08:00,hlawrence,robertcarr,212,1749235136,Empty
2023-11-25 12:45:39-08:00,2023-11-25 12:45:39-08:00,hlawrence,robertcarr,212,1749235157,Empty
2023-11-25 12:45:40-08:00,2023-11-25 12:45:39-08:00,hlawrence,robertcarr,212,1405227150,Directing
2023-11-25 12:48:17-08:00,2023-11-25 12:45:16-08:00,hlawrence,robertcarr,212,1405227033,Criticizing
2023-11-25 12:48:17-08:00,2023-11-25 12:45:16-08:00,hlawrence,robertcarr,212,1405227033,Asking
2023-11-25 12:49:56-08:00,2023-11-25 12:49:56-08:00,hlawrence,robertcarr,212,1749235423,Approving
2023-11-25 13:03:33-08:00,2023-11-25 13:03:33-08:00,hlawrence,robertcarr,212,1749236277,Approving
2023-11-25 13:09:31-08:00,2023-11-25 13:09:31-08:00,rsmall,robertcarr,212,1749236648,Complimenting
2023-11-25 13:09:31-08:00,2023-11-25 13:09:31-08:00,rsmall,robertcarr,212,1749236648,Approving
2023-11-26 16:12:26-08:00,2023-11-26 16:11:50-08:00,robertcarr,hlawrence,221,1405516015,Suggesting
2023-11-26 16:12:26-08:00,2023-11-26 16:12:08-08:00,robertcarr,hlawrence,221,1405516062,Directing
2023-11-26 16:12:26-08:00,2023-11-26 16:12:26-08:00,robertcarr,hlawrence,221,1749457828,Criticizing
2023-11-26 16:12:26-08:00,2023-11-26 16:12:26-08:00,robertcarr,hlawrence,221,1749457828,Approving
2023-11-26 16:40:27-08:00,2023-11-26 16:40:27-08:00,hlawrence,hlawrence,221,1749466541,Empty
2023-11-26 16:40:27-08:00,2023-11-26 16:40:27-08:00,hlawrence,hlawrence,221,1405522679,Agreeing
2023-11-26 16:40:27-08:00,2023-11-26 16:40:27-08:00,hlawrence,hlawrence,221,1405522679,Thanking
2023-11-26 23:39:30-08:00,2023-11-26 23:39:30-08:00,bradley45,hlawrence,221,1749800341,Approving
2023-11-26 23:39:30-08:00,2023-11-26 23:39:30-08:00,bradley45,hlawrence,221,1749800341,Criticizing
2023-11-26 23:39:30-08:00,2023-11-26 23:39:30-08:00,bradley45,hlawrence,221,1749800341,Directing
2023-11-27 00:05:42-08:00,2023-11-26 23:56:21-08:00,rsmall,hlawrence,221,1405769581,Directing
2023-11-27 00:05:42-08:00,2023-11-26 23:59:13-08:00,rsmall,hlawrence,221,1405772052,Directing
2023-11-27 00:05:42-08:00,2023-11-27 00:02:53-08:00,rsmall,hlawrence,221,1405775240,Directing
2023-11-27 00:05:42-08:00,2023-11-27 00:05:42-08:00,rsmall,hlawrence,221,1749811238,Criticizing
2023-11-27 15:44:56-08:00,2023-11-27 15:44:56-08:00,hlawrence,hlawrence,221,1751628440,Empty
2023-11-27 15:44:57-08:00,2023-11-27 15:44:56-08:00,hlawrence,hlawrence,221,1406904999,Explaining
2023-11-27 15:46:24-08:00,2023-11-27 15:46:24-08:00,hlawrence,hlawrence,221,1751629605,Empty
2023-11-27 15:46:24-08:00,2023-11-27 15:46:24-08:00,hlawrence,hlawrence,221,1406905843,Asking
2023-11-27 19:28:19-08:00,2023-11-27 19:28:19-08:00,hlawrence,hlawrence,221,1407039096,Agreeing
2023-11-27 19:28:19-08:00,2023-11-27 19:28:19-08:00,hlawrence,hlawrence,221,1751877990,Empty
2023-11-27 20:07:45-08:00,2023-11-27 20:07:45-08:00,bradley45,hlawrence,221,1751903049,Approving
2023-11-27 20:08:46-08:00,2023-11-27 20:05:15-08:00,rsmall,hlawrence,221,1407055512,Criticizing
2023-11-27 20:08:46-08:00,2023-11-27 20:08:46-08:00,rsmall,hlawrence,221,1751901477,Updating
2023-11-27 20:12:23-08:00,2023-11-27 20:12:23-08:00,bradley45,hlawrence,221,1407059030,Directing
2023-11-27 20:12:23-08:00,2023-11-27 20:12:23-08:00,bradley45,hlawrence,221,1751906695,Empty
2023-11-27 20:23:04-08:00,2023-11-27 20:23:04-08:00,rsmall,hlawrence,221,1751914015,Empty
2023-11-27 20:23:04-08:00,2023-11-27 20:23:04-08:00,rsmall,hlawrence,221,1407064023,Agreeing
2023-11-27 22:02:11-08:00,2023-11-27 22:02:08-08:00,bradley45,hlawrence,221,1407264963,Criticizing
2023-11-27 22:02:11-08:00,2023-11-27 22:02:11-08:00,bradley45,hlawrence,221,1752120232,Empty
2023-11-27 23:12:33-08:00,2023-11-27 23:12:33-08:00,rsmall,hlawrence,221,1752196981,Approving
2023-11-28 12:47:30-08:00,2023-11-28 12:47:30-08:00,rsmall,hlawrence,221,1753905967,Complimenting
2023-11-28 12:48:07-08:00,2023-11-28 12:48:07-08:00,bradley45,hlawrence,221,1753906878,Complimenting
2023-11-28 12:48:07-08:00,2023-11-28 12:48:07-08:00,bradley45,hlawrence,221,1753906878,Approving
2023-11-28 13:06:03-08:00,2023-11-28 13:06:03-08:00,bradley45,hlawrence,221,1753942502,Complimenting
2023-11-28 13:21:55-08:00,2023-11-28 13:21:55-08:00,bradley45,hlawrence,221,1753971671,Complimenting
2023-11-28 13:23:30-08:00,2023-11-28 13:23:30-08:00,rsmall,hlawrence,221,1753973908,Updating
2023-11-28 13:23:43-08:00,2023-11-28 13:23:43-08:00,rsmall,hlawrence,221,1753974190,Empty
2023-11-28 13:49:21-08:00,2023-11-28 13:34:08-08:00,robertcarr,hlawrence,221,1408446569,Criticizing
2023-11-28 13:49:21-08:00,2023-11-28 13:42:14-08:00,robertcarr,hlawrence,221,1408453192,Directing
2023-11-28 13:49:21-08:00,2023-11-28 13:44:25-08:00,robertcarr,hlawrence,221,1408455085,Directing
2023-11-28 13:49:21-08:00,2023-11-28 13:46:28-08:00,robertcarr,hlawrence,221,1408456769,Directing
2023-11-28 13:49:21-08:00,2023-11-28 13:48:00-08:00,robertcarr,hlawrence,221,1408458124,Suggesting
2023-11-28 13:49:21-08:00,2023-11-28 13:49:21-08:00,robertcarr,hlawrence,221,1753989882,Directing
2023-11-28 13:51:20-08:00,2023-11-28 13:51:20-08:00,hlawrence,hlawrence,221,1754015341,Empty
2023-11-28 13:51:20-08:00,2023-11-28 13:51:20-08:00,hlawrence,hlawrence,221,1408462624,Agreeing
2023-11-28 13:51:20-08:00,2023-11-28 13:51:20-08:00,hlawrence,hlawrence,221,1408462624,Updating
2023-11-28 13:51:46-08:00,2023-11-28 13:51:46-08:00,robertcarr,hlawrence,221,1754016271,Empty
2023-11-28 13:53:56-08:00,2023-11-28 13:53:56-08:00,hlawrence,hlawrence,221,1408466300,Disagreeing
2023-11-28 13:53:56-08:00,2023-11-28 13:53:56-08:00,hlawrence,hlawrence,221,1754021537,Empty
2023-11-28 13:54:11-08:00,2023-11-28 13:54:11-08:00,hlawrence,hlawrence,221,1754022209,Empty
2023-11-28 13:54:11-08:00,2023-11-28 13:54:11-08:00,hlawrence,hlawrence,221,1408466663,Directing
2023-11-26 23:51:28-08:00,2023-11-26 23:45:16-08:00,bradley45,hlawrence,224,1405752455,Suggesting
2023-11-26 23:51:28-08:00,2023-11-26 23:45:16-08:00,bradley45,hlawrence,224,1405752455,Explaining
2023-11-26 23:51:28-08:00,2023-11-26 23:45:48-08:00,bradley45,hlawrence,224,1405752863,Directing
2023-11-26 23:51:28-08:00,2023-11-26 23:47:14-08:00,bradley45,hlawrence,224,1405753984,Directing
2023-11-26 23:51:28-08:00,2023-11-26 23:47:47-08:00,bradley45,hlawrence,224,1405754440,Criticizing
2023-11-26 23:51:28-08:00,2023-11-26 23:49:16-08:00,bradley45,hlawrence,224,1405755712,Updating
2023-11-26 23:51:28-08:00,2023-11-26 23:49:59-08:00,bradley45,hlawrence,224,1405756335,Explaining
2023-11-26 23:51:28-08:00,2023-11-26 23:51:28-08:00,bradley45,hlawrence,224,1749808191,Approving
2023-11-26 23:51:28-08:00,2023-11-26 23:51:28-08:00,bradley45,hlawrence,224,1749808191,Criticizing
2023-11-26 23:51:28-08:00,2023-11-26 23:51:28-08:00,bradley45,hlawrence,224,1749808191,Approving
2023-11-27 00:18:37-08:00,2023-11-27 00:11:46-08:00,rsmall,hlawrence,224,1405783470,Criticizing
2023-11-27 00:18:37-08:00,2023-11-27 00:11:46-08:00,rsmall,hlawrence,224,1405783470,Directing
2023-11-27 00:18:37-08:00,2023-11-27 00:13:17-08:00,rsmall,hlawrence,224,1405785098,Directing
2023-11-27 00:18:37-08:00,2023-11-27 00:15:35-08:00,rsmall,hlawrence,224,1405787307,Directing
2023-11-27 00:18:37-08:00,2023-11-27 00:18:10-08:00,rsmall,hlawrence,224,1405789905,Directing
2023-11-27 00:18:37-08:00,2023-11-27 00:18:37-08:00,rsmall,hlawrence,224,1749852685,Updating
2023-11-27 16:44:58-08:00,2023-11-27 16:44:57-08:00,hlawrence,hlawrence,224,1406944121,Agreeing
2023-11-27 16:44:58-08:00,2023-11-27 16:44:57-08:00,hlawrence,hlawrence,224,1406944121,Updating
2023-11-27 16:44:58-08:00,2023-11-27 16:44:57-08:00,hlawrence,hlawrence,224,1406944121,Asking
2023-11-27 16:44:58-08:00,2023-11-27 16:44:57-08:00,hlawrence,hlawrence,224,1406944121,Updating
2023-11-27 16:44:58-08:00,2023-11-27 16:44:57-08:00,hlawrence,hlawrence,224,1406944121,Updating
2023-11-27 16:44:58-08:00,2023-11-27 16:44:58-08:00,hlawrence,hlawrence,224,1751687055,Empty
2023-11-27 16:48:21-08:00,2023-11-27 16:48:21-08:00,hlawrence,hlawrence,224,1751689336,Empty
2023-11-27 16:48:21-08:00,2023-11-27 16:48:21-08:00,hlawrence,hlawrence,224,1406945848,Updating
2023-11-27 18:28:41-08:00,2023-11-27 18:28:41-08:00,hlawrence,hlawrence,224,1406997138,Agreeing
2023-11-27 18:28:41-08:00,2023-11-27 18:28:41-08:00,hlawrence,hlawrence,224,1406997138,Asking
2023-11-27 18:28:41-08:00,2023-11-27 18:28:41-08:00,hlawrence,hlawrence,224,1751762325,Empty
2023-11-27 20:16:40-08:00,2023-11-27 20:13:31-08:00,bradley45,hlawrence,224,1407059547,Directing
2023-11-27 20:16:40-08:00,2023-11-27 20:14:50-08:00,bradley45,hlawrence,224,1407060187,Updating
2023-11-27 20:16:40-08:00,2023-11-27 20:14:50-08:00,bradley45,hlawrence,224,1407060187,Updating
2023-11-27 20:16:40-08:00,2023-11-27 20:15:28-08:00,bradley45,hlawrence,224,1407060441,Directing
2023-11-27 20:16:40-08:00,2023-11-27 20:16:40-08:00,bradley45,hlawrence,224,1751907458,Criticizing
2023-11-27 20:16:40-08:00,2023-11-27 20:16:40-08:00,bradley45,hlawrence,224,1751907458,Approving
2023-11-27 20:24:28-08:00,2023-11-27 20:24:28-08:00,rsmall,hlawrence,224,1751914924,Approving
2023-11-27 21:27:50-08:00,2023-11-27 21:27:50-08:00,hlawrence,hlawrence,224,1752049670,Empty
2023-11-27 21:27:50-08:00,2023-11-27 21:27:50-08:00,hlawrence,hlawrence,224,1407197355,Asking
2023-11-27 23:05:19-08:00,2023-11-27 23:05:19-08:00,bradley45,hlawrence,224,1752188422,Empty
2023-11-27 23:05:19-08:00,2023-11-27 23:05:19-08:00,bradley45,hlawrence,224,1407310544,Directing
2023-11-28 14:58:19-08:00,2023-11-28 14:58:19-08:00,rsmall,hlawrence,224,1754098566,Directing
2023-11-28 14:58:19-08:00,2023-11-28 14:58:19-08:00,rsmall,hlawrence,224,1754098566,Explaining
2023-11-28 20:32:44-08:00,2023-11-28 20:32:43-08:00,hlawrence,hlawrence,224,1408725347,Thanking
2023-11-28 20:32:44-08:00,2023-11-28 20:32:44-08:00,hlawrence,hlawrence,224,1754430090,Empty
2023-11-28 20:45:10-08:00,2023-11-28 20:45:10-08:00,bradley45,hlawrence,224,1754446954,Complimenting
2023-11-28 22:14:20-08:00,2023-11-28 22:14:20-08:00,rsmall,hlawrence,224,1754520762,Complimenting
2023-11-26 19:34:18-08:00,2023-11-26 19:34:18-08:00,bradley45,rsmall,226,1749557909,Approving
2023-11-26 20:22:11-08:00,2023-11-26 20:22:11-08:00,hlawrence,rsmall,226,1749584417,Thanking
2023-11-26 20:23:20-08:00,2023-11-26 20:23:20-08:00,oarellano,rsmall,226,1749585002,Agreeing
2023-11-26 20:23:20-08:00,2023-11-26 20:23:20-08:00,oarellano,rsmall,226,1749585002,Encouraging
2023-11-26 19:47:24-08:00,2023-11-26 19:47:24-08:00,hlawrence,bradley45,227,1749564810,Approving
2023-11-26 19:55:58-08:00,2023-11-26 19:55:58-08:00,rsmall,bradley45,227,1749570096,Approving
2023-11-26 20:08:14-08:00,2023-11-26 20:08:14-08:00,bradley45,oarellano,228,1749576962,Approving
2023-11-26 20:21:20-08:00,2023-11-26 20:21:20-08:00,hlawrence,oarellano,228,1749583927,Encouraging
2023-11-26 20:21:20-08:00,2023-11-26 20:21:20-08:00,hlawrence,oarellano,228,1749583927,Thanking
2023-11-26 20:33:11-08:00,2023-11-26 20:33:11-08:00,robertcarr,oarellano,228,1749591409,Updating
2023-11-26 20:23:44-08:00,2023-11-26 20:23:44-08:00,bradley45,hlawrence,229,1749585198,Approving
2023-11-26 20:24:39-08:00,2023-11-26 20:24:39-08:00,oarellano,hlawrence,229,1749586218,Updating
2023-11-26 20:24:39-08:00,2023-11-26 20:24:39-08:00,oarellano,hlawrence,229,1749586218,Approving
2023-11-26 20:24:41-08:00,2023-11-26 20:24:41-08:00,bradley45,rsmall,230,1749586238,Approving
2023-11-26 20:25:35-08:00,2023-11-26 20:25:35-08:00,oarellano,rsmall,230,1749586835,Complimenting
2023-11-26 20:32:35-08:00,2023-11-26 20:32:35-08:00,rsmall,robertcarr,231,1749591048,Approving
2023-11-26 20:32:40-08:00,2023-11-26 20:32:40-08:00,bradley45,robertcarr,231,1749591114,Approving
2023-11-26 23:53:37-08:00,2023-11-26 23:52:52-08:00,bradley45,rsmall,233,1405762445,Directing
2023-11-26 23:53:37-08:00,2023-11-26 23:53:37-08:00,bradley45,rsmall,233,1749821067,Encouraging
2023-11-27 15:24:51-08:00,2023-11-27 15:19:43-08:00,hlawrence,rsmall,233,1406886276,Asking
2023-11-27 15:24:51-08:00,2023-11-27 15:20:30-08:00,hlawrence,rsmall,233,1406886753,Asking
2023-11-27 15:24:51-08:00,2023-11-27 15:21:23-08:00,hlawrence,rsmall,233,1406887298,Directing
2023-11-27 15:24:51-08:00,2023-11-27 15:23:13-08:00,hlawrence,rsmall,233,1406888856,Updating
2023-11-27 15:24:51-08:00,2023-11-27 15:23:32-08:00,hlawrence,rsmall,233,1406889042,Asking
2023-11-27 15:24:51-08:00,2023-11-27 15:24:51-08:00,hlawrence,rsmall,233,1751595920,Approving
2023-11-27 15:24:51-08:00,2023-11-27 15:24:51-08:00,hlawrence,rsmall,233,1751595920,Criticizing
2023-11-27 17:52:11-08:00,2023-11-27 17:52:11-08:00,rsmall,rsmall,233,1406979026,Updating
2023-11-27 17:52:11-08:00,2023-11-27 17:52:11-08:00,rsmall,rsmall,233,1406979026,Explaining
2023-11-27 17:52:11-08:00,2023-11-27 17:52:11-08:00,rsmall,rsmall,233,1751736319,Empty
2023-11-27 17:53:13-08:00,2023-11-27 17:53:13-08:00,rsmall,rsmall,233,1751737016,Empty
2023-11-27 17:53:14-08:00,2023-11-27 17:53:13-08:00,rsmall,rsmall,233,1406979523,Updating
2023-11-27 17:53:52-08:00,2023-11-27 17:53:52-08:00,rsmall,rsmall,233,1751737483,Empty
2023-11-27 17:53:52-08:00,2023-11-27 17:53:52-08:00,rsmall,rsmall,233,1406979850,Directing
2023-11-27 17:57:21-08:00,2023-11-27 17:57:20-08:00,rsmall,rsmall,233,1406981735,Explaining
2023-11-27 17:57:21-08:00,2023-11-27 17:57:21-08:00,rsmall,rsmall,233,1751739958,Empty
2023-11-27 18:00:12-08:00,2023-11-27 18:00:12-08:00,rsmall,rsmall,233,1751742268,Empty
2023-11-27 18:00:13-08:00,2023-11-27 18:00:12-08:00,rsmall,rsmall,233,1406983250,Agreeing
2023-11-27 18:04:41-08:00,2023-11-27 18:04:41-08:00,hlawrence,rsmall,233,1751745563,Empty
2023-11-27 18:04:41-08:00,2023-11-27 18:04:41-08:00,hlawrence,rsmall,233,1406985519,Agreeing
2023-11-27 18:05:11-08:00,2023-11-27 18:05:11-08:00,hlawrence,rsmall,233,1406985760,Directing
2023-11-27 18:05:11-08:00,2023-11-27 18:05:11-08:00,hlawrence,rsmall,233,1751745890,Empty
2023-11-27 18:05:36-08:00,2023-11-27 18:05:35-08:00,hlawrence,rsmall,233,1406985921,Agreeing
2023-11-27 18:05:36-08:00,2023-11-27 18:05:36-08:00,hlawrence,rsmall,233,1751746180,Empty
2023-11-27 18:06:30-08:00,2023-11-27 18:06:30-08:00,hlawrence,rsmall,233,1751746840,Thanking
2023-11-27 18:06:30-08:00,2023-11-27 18:06:30-08:00,hlawrence,rsmall,233,1751746840,Criticizing
2023-11-27 18:06:30-08:00,2023-11-27 18:06:30-08:00,hlawrence,rsmall,233,1751746840,Approving
2023-11-27 18:14:47-08:00,2023-11-27 18:14:47-08:00,hlawrence,rsmall,233,1751752607,Approving
2023-11-27 20:06:17-08:00,2023-11-27 20:06:17-08:00,bradley45,rsmall,233,1751902136,Approving
2023-11-28 14:23:29-08:00,2023-11-28 14:18:08-08:00,bradley45,oarellano,236,1408486891,Directing
2023-11-28 14:23:29-08:00,2023-11-28 14:18:17-08:00,bradley45,oarellano,236,1408487013,Directing
2023-11-28 14:23:29-08:00,2023-11-28 14:19:16-08:00,bradley45,oarellano,236,1408487783,Directing
2023-11-28 14:23:29-08:00,2023-11-28 14:19:23-08:00,bradley45,oarellano,236,1408487869,Directing
2023-11-28 14:23:29-08:00,2023-11-28 14:23:29-08:00,bradley45,oarellano,236,1754053217,Criticizing
2023-11-28 14:23:30-08:00,2023-11-28 14:19:32-08:00,bradley45,oarellano,236,1408488038,Directing
2023-11-28 14:23:30-08:00,2023-11-28 14:19:42-08:00,bradley45,oarellano,236,1408488166,Directing
2023-11-28 14:23:30-08:00,2023-11-28 14:20:30-08:00,bradley45,oarellano,236,1408488788,Directing
2023-11-28 14:23:30-08:00,2023-11-28 14:20:53-08:00,bradley45,oarellano,236,1408489119,Explaining
2023-11-28 14:23:30-08:00,2023-11-28 14:22:04-08:00,bradley45,oarellano,236,1408489993,Criticizing
2023-11-28 14:23:30-08:00,2023-11-28 14:22:04-08:00,bradley45,oarellano,236,1408489993,Criticizing
2023-11-28 14:23:30-08:00,2023-11-28 14:22:23-08:00,bradley45,oarellano,236,1408490250,Updating
2023-11-30 17:38:35-08:00,2023-11-30 17:38:35-08:00,oarellano,oarellano,236,1758858096,Empty
2023-11-30 17:38:35-08:00,2023-11-30 17:38:35-08:00,oarellano,oarellano,236,1411502676,Asking
2023-12-01 19:05:59-08:00,2023-12-01 18:38:50-08:00,rsmall,oarellano,236,1412705642,Criticizing
2023-12-01 19:05:59-08:00,2023-12-01 18:38:50-08:00,rsmall,oarellano,236,1412705642,Directing
2023-12-01 19:05:59-08:00,2023-12-01 18:46:07-08:00,rsmall,oarellano,236,1412706583,Directing
2023-12-01 19:05:59-08:00,2023-12-01 18:46:07-08:00,rsmall,oarellano,236,1412706583,Suggesting
2023-12-01 19:05:59-08:00,2023-12-01 18:46:07-08:00,rsmall,oarellano,236,1412706583,Explaining
2023-12-01 19:05:59-08:00,2023-12-01 19:05:59-08:00,rsmall,oarellano,236,1760759566,Empty
2023-12-01 19:06:00-08:00,2023-12-01 18:39:10-08:00,rsmall,oarellano,236,1412705683,Directing
2023-12-01 19:06:00-08:00,2023-12-01 18:51:56-08:00,rsmall,oarellano,236,1412707492,Criticizing
2023-12-01 19:23:23-08:00,2023-12-01 19:23:23-08:00,oarellano,oarellano,236,1760769618,Empty
2023-12-01 19:23:24-08:00,2023-12-01 19:23:23-08:00,oarellano,oarellano,236,1412712726,Suggesting
2023-12-03 17:13:36-08:00,2023-12-03 17:13:36-08:00,bradley45,oarellano,236,1761458843,Encouraging
2023-12-03 17:21:59-08:00,2023-12-03 17:21:59-08:00,rsmall,oarellano,236,1761462980,Encouraging
2023-11-30 18:04:37-08:00,2023-11-30 14:31:40-08:00,bradley45,rsmall,237,1411359644,Directing
2023-11-30 18:04:37-08:00,2023-11-30 17:47:50-08:00,bradley45,rsmall,237,1411508571,Directing
2023-11-30 18:04:37-08:00,2023-11-30 17:47:57-08:00,bradley45,rsmall,237,1411508621,Directing
2023-11-30 18:04:37-08:00,2023-11-30 17:48:06-08:00,bradley45,rsmall,237,1411508701,Directing
2023-11-30 18:04:37-08:00,2023-11-30 17:48:28-08:00,bradley45,rsmall,237,1411508881,Asking
2023-11-30 18:04:37-08:00,2023-11-30 17:50:06-08:00,bradley45,rsmall,237,1411509669,Directing
2023-11-30 18:04:37-08:00,2023-11-30 17:50:39-08:00,bradley45,rsmall,237,1411510050,Directing
2023-11-30 18:04:37-08:00,2023-11-30 17:52:32-08:00,bradley45,rsmall,237,1411510929,Directing
2023-11-30 18:04:37-08:00,2023-11-30 17:53:04-08:00,bradley45,rsmall,237,1411511172,Directing
2023-11-30 18:04:37-08:00,2023-11-30 17:54:03-08:00,bradley45,rsmall,237,1411511612,Suggesting
2023-11-30 18:04:37-08:00,2023-11-30 17:55:15-08:00,bradley45,rsmall,237,1411512387,Directing
2023-11-30 18:04:37-08:00,2023-11-30 18:00:50-08:00,bradley45,rsmall,237,1411515179,Asking
2023-11-30 18:04:37-08:00,2023-11-30 18:02:50-08:00,bradley45,rsmall,237,1411516057,Criticizing
2023-11-30 18:04:37-08:00,2023-11-30 18:03:59-08:00,bradley45,rsmall,237,1411516575,Directing
2023-11-30 18:04:37-08:00,2023-11-30 18:04:37-08:00,bradley45,rsmall,237,1758591041,Complimenting
2023-11-30 18:04:37-08:00,2023-11-30 18:04:37-08:00,bradley45,rsmall,237,1758591041,Criticizing
2023-11-30 22:33:28-08:00,2023-11-30 22:33:28-08:00,rsmall,rsmall,237,1759111782,Empty
2023-11-30 22:33:28-08:00,2023-11-30 22:33:28-08:00,rsmall,rsmall,237,1411668426,Explaining
2023-11-30 22:36:46-08:00,2023-11-30 22:36:46-08:00,rsmall,rsmall,237,1759116394,Empty
2023-11-30 22:36:47-08:00,2023-11-30 22:36:46-08:00,rsmall,rsmall,237,1411671109,Disagreeing
2023-11-30 22:36:47-08:00,2023-11-30 22:36:46-08:00,rsmall,rsmall,237,1411671109,Explaining
2023-11-30 22:36:47-08:00,2023-11-30 22:36:46-08:00,rsmall,rsmall,237,1411671109,Updating
2023-11-30 22:37:13-08:00,2023-11-30 22:37:12-08:00,rsmall,rsmall,237,1411671345,Agreeing
2023-11-30 22:37:13-08:00,2023-11-30 22:37:13-08:00,rsmall,rsmall,237,1759116844,Empty
2023-11-30 22:42:19-08:00,2023-11-30 22:42:19-08:00,rsmall,rsmall,237,1411674893,Disagreeing
2023-11-30 22:42:19-08:00,2023-11-30 22:42:19-08:00,rsmall,rsmall,237,1759122108,Empty
2023-11-30 22:42:48-08:00,2023-11-30 22:42:48-08:00,rsmall,rsmall,237,1759122557,Empty
2023-11-30 22:42:49-08:00,2023-11-30 22:42:48-08:00,rsmall,rsmall,237,1411675234,Directing
2023-11-30 23:34:19-08:00,2023-11-30 23:34:19-08:00,rsmall,rsmall,237,1411720993,Asking
2023-11-30 23:34:19-08:00,2023-11-30 23:34:19-08:00,rsmall,rsmall,237,1759188767,Empty
2023-12-01 15:45:36-08:00,2023-12-01 15:34:21-08:00,robertcarr,rsmall,237,1412663379,Disagreeing
2023-12-01 15:45:36-08:00,2023-12-01 15:34:21-08:00,robertcarr,rsmall,237,1412663379,Disagreeing
2023-12-01 15:45:36-08:00,2023-12-01 15:35:17-08:00,robertcarr,rsmall,237,1412663745,Criticizing
2023-12-01 15:45:36-08:00,2023-12-01 15:37:36-08:00,robertcarr,rsmall,237,1412664477,Criticizing
2023-12-01 15:45:36-08:00,2023-12-01 15:38:32-08:00,robertcarr,rsmall,237,1412664938,Agreeing
2023-12-01 15:45:36-08:00,2023-12-01 15:41:42-08:00,robertcarr,rsmall,237,1412666484,Directing
2023-12-01 15:45:36-08:00,2023-12-01 15:42:24-08:00,robertcarr,rsmall,237,1412666777,Directing
2023-12-01 15:45:36-08:00,2023-12-01 15:45:36-08:00,robertcarr,rsmall,237,1760705798,Approving
2023-12-01 15:45:36-08:00,2023-12-01 15:45:36-08:00,robertcarr,rsmall,237,1760705798,Criticizing
2023-12-01 15:45:36-08:00,2023-12-01 15:45:36-08:00,robertcarr,rsmall,237,1760705798,Encouraging
2023-12-01 16:16:23-08:00,2023-12-01 16:16:23-08:00,rsmall,rsmall,237,1412678109,Explaining
2023-12-01 16:16:23-08:00,2023-12-01 16:16:23-08:00,rsmall,rsmall,237,1412678109,Explaining
2023-12-01 16:16:23-08:00,2023-12-01 16:16:23-08:00,rsmall,rsmall,237,1412678109,Directing
2023-12-01 16:16:23-08:00,2023-12-01 16:16:23-08:00,rsmall,rsmall,237,1760726604,Empty
2023-12-01 16:20:19-08:00,2023-12-01 16:20:19-08:00,rsmall,rsmall,237,1760728316,Empty
2023-12-01 16:20:20-08:00,2023-12-01 16:20:19-08:00,rsmall,rsmall,237,1412679281,Agreeing
2023-12-01 16:25:40-08:00,2023-12-01 16:25:40-08:00,rsmall,rsmall,237,1760730589,Empty
2023-12-01 16:25:40-08:00,2023-12-01 16:25:40-08:00,rsmall,rsmall,237,1412681001,Updating
2023-12-01 16:25:40-08:00,2023-12-01 16:25:40-08:00,rsmall,rsmall,237,1412681001,Updating
2023-12-01 16:25:58-08:00,2023-12-01 16:25:58-08:00,rsmall,rsmall,237,1760730675,Empty
2023-12-01 16:26:16-08:00,2023-12-01 16:25:57-08:00,rsmall,rsmall,237,1412681057,Updating
2023-12-01 16:53:05-08:00,2023-12-01 16:53:05-08:00,bradley45,rsmall,237,1760739374,Empty
2023-12-01 16:53:18-08:00,2023-12-01 16:53:18-08:00,bradley45,rsmall,237,1412687870,Updating
2023-12-01 16:53:18-08:00,2023-12-01 16:53:18-08:00,bradley45,rsmall,237,1760739426,Empty
2023-12-01 16:53:49-08:00,2023-11-30 17:59:24-08:00,bradley45,rsmall,237,1411514498,Directing
2023-12-01 16:53:57-08:00,2023-12-01 16:53:05-08:00,bradley45,rsmall,237,1412687840,Criticizing
2023-12-01 16:54:56-08:00,2023-12-01 16:54:55-08:00,bradley45,rsmall,237,1412688315,Directing
2023-12-01 16:54:56-08:00,2023-12-01 16:54:56-08:00,bradley45,rsmall,237,1760739915,Empty
2023-12-02 13:59:25-08:00,2023-12-02 13:59:25-08:00,hlawrence,rsmall,237,1760978541,Empty
2023-12-02 13:59:26-08:00,2023-12-02 13:59:25-08:00,hlawrence,rsmall,237,1412884572,Thanking
2023-12-02 14:02:18-08:00,2023-12-02 14:02:18-08:00,hlawrence,rsmall,237,1760978799,Empty
2023-12-02 14:02:19-08:00,2023-12-02 14:02:18-08:00,hlawrence,rsmall,237,1412884890,Suggesting
2023-12-02 14:02:19-08:00,2023-12-02 14:02:18-08:00,hlawrence,rsmall,237,1412884890,Updating
2023-12-02 14:02:46-08:00,2023-12-02 14:02:46-08:00,hlawrence,rsmall,237,1760978845,Empty
2023-12-02 14:02:47-08:00,2023-12-02 14:02:46-08:00,hlawrence,rsmall,237,1412884985,Criticizing
2023-12-02 14:04:12-08:00,2023-12-02 14:04:12-08:00,hlawrence,rsmall,237,1760978952,Empty
2023-12-02 14:04:12-08:00,2023-12-02 14:04:12-08:00,hlawrence,rsmall,237,1412885149,Updating
2023-12-02 14:05:48-08:00,2023-12-02 14:05:48-08:00,hlawrence,rsmall,237,1760979086,Empty
2023-12-02 14:05:48-08:00,2023-12-02 14:05:48-08:00,hlawrence,rsmall,237,1412885296,Approving
2023-12-02 14:06:44-08:00,2023-12-02 14:06:44-08:00,hlawrence,rsmall,237,1760979181,Empty
2023-12-02 14:06:45-08:00,2023-12-02 14:06:44-08:00,hlawrence,rsmall,237,1412885379,Encouraging
2023-12-02 14:07:29-08:00,2023-12-02 14:07:29-08:00,hlawrence,rsmall,237,1412885424,Asking
2023-12-02 14:07:29-08:00,2023-12-02 14:07:29-08:00,hlawrence,rsmall,237,1412885424,Suggesting
2023-12-02 14:07:29-08:00,2023-12-02 14:07:29-08:00,hlawrence,rsmall,237,1760979238,Empty
2023-12-02 14:11:36-08:00,2023-12-02 14:11:36-08:00,hlawrence,rsmall,237,1760979500,Thanking
2023-12-02 14:11:36-08:00,2023-12-02 14:11:36-08:00,hlawrence,rsmall,237,1760979500,Encouraging
2023-12-02 14:22:18-08:00,2023-12-02 14:22:18-08:00,rsmall,rsmall,237,1412886781,Explaining
2023-12-02 14:22:18-08:00,2023-12-02 14:22:18-08:00,rsmall,rsmall,237,1412886781,Explaining
2023-12-02 14:22:18-08:00,2023-12-02 14:22:18-08:00,rsmall,rsmall,237,1760980438,Empty
2023-12-02 15:26:21-08:00,2023-12-02 15:26:21-08:00,bradley45,rsmall,237,1760990945,Approving
2023-12-02 16:03:14-08:00,2023-12-02 16:03:14-08:00,robertcarr,rsmall,237,1760993051,Approving
2023-11-27 23:34:03-08:00,2023-11-27 23:34:03-08:00,bradley45,rsmall,240,1752225600,Approving
2023-11-28 12:43:58-08:00,2023-11-28 12:43:58-08:00,oarellano,rsmall,240,1753900436,Complimenting
2023-11-28 10:17:20-08:00,2023-11-28 10:17:20-08:00,oarellano,bradley45,241,1753582471,Approving
2023-11-28 10:17:20-08:00,2023-11-28 10:17:20-08:00,oarellano,bradley45,241,1753582471,Thanking
2023-11-28 10:17:20-08:00,2023-11-28 10:17:20-08:00,oarellano,bradley45,241,1753582471,Encouraging
2023-11-28 11:13:18-08:00,2023-11-28 11:12:51-08:00,rsmall,bradley45,241,1408271093,Asking
2023-11-28 11:13:18-08:00,2023-11-28 11:13:18-08:00,rsmall,bradley45,241,1753703418,Updating
2023-11-28 12:33:09-08:00,2023-11-28 12:33:09-08:00,rsmall,bradley45,241,1753878490,Approving
2023-11-28 11:23:52-08:00,2023-11-28 11:23:52-08:00,hlawrence,bradley45,244,1753720936,Approving
2023-11-28 11:28:32-08:00,2023-11-28 11:28:32-08:00,oarellano,bradley45,244,1753728052,Asking
2023-11-28 11:28:32-08:00,2023-11-28 11:28:32-08:00,oarellano,bradley45,244,1753728052,Asking
2023-11-28 12:42:28-08:00,2023-11-28 12:42:28-08:00,oarellano,bradley45,244,1753898416,Approving
2023-12-03 22:06:17-08:00,2023-12-03 22:06:17-08:00,robertcarr,bradley45,244,1761654472,Approving
2023-12-03 22:10:23-08:00,2023-12-03 22:10:23-08:00,hlawrence,bradley45,244,1761657857,Approving
2023-12-03 22:17:29-08:00,2023-12-03 22:17:29-08:00,rsmall,bradley45,244,1761665197,Approving
2023-12-01 16:07:58-08:00,2023-12-01 15:23:16-08:00,rsmall,hlawrence,248,1412658867,Directing
2023-12-01 16:07:58-08:00,2023-12-01 15:24:07-08:00,rsmall,hlawrence,248,1412659175,Directing
2023-12-01 16:07:58-08:00,2023-12-01 15:26:53-08:00,rsmall,hlawrence,248,1412660352,Directing
2023-12-01 16:07:58-08:00,2023-12-01 15:26:53-08:00,rsmall,hlawrence,248,1412660352,Criticizing
2023-12-01 16:07:58-08:00,2023-12-01 16:07:58-08:00,rsmall,hlawrence,248,1760699298,Empty
2023-12-01 19:21:26-08:00,2023-12-01 19:21:26-08:00,hlawrence,hlawrence,248,1412712517,Agreeing
2023-12-01 19:21:26-08:00,2023-12-01 19:21:26-08:00,hlawrence,hlawrence,248,1412712517,Thanking
2023-12-01 19:21:26-08:00,2023-12-01 19:21:26-08:00,hlawrence,hlawrence,248,1760769391,Empty
2023-12-01 19:35:32-08:00,2023-12-01 19:35:32-08:00,rsmall,hlawrence,248,1760771074,Empty
2023-12-01 22:12:02-08:00,2023-12-01 22:12:02-08:00,rsmall,hlawrence,248,1760787351,Updating
2023-12-01 22:37:27-08:00,2023-12-01 22:25:24-08:00,robertcarr,hlawrence,248,1412733776,Asking
2023-12-01 22:37:27-08:00,2023-12-01 22:27:56-08:00,robertcarr,hlawrence,248,1412734121,Approving
2023-12-01 22:37:27-08:00,2023-12-01 22:36:53-08:00,robertcarr,hlawrence,248,1412735108,Directing
2023-12-01 22:37:27-08:00,2023-12-01 22:37:27-08:00,robertcarr,hlawrence,248,1760788970,Empty
2023-12-01 22:41:20-08:00,2023-12-01 22:41:20-08:00,rsmall,hlawrence,248,1760790918,Empty
2023-12-01 22:48:15-08:00,2023-12-01 22:48:15-08:00,robertcarr,hlawrence,248,1760791704,Approving
2023-11-29 22:55:44-08:00,2023-11-29 22:55:44-08:00,hlawrence,bradley45,251,1756755208,Empty
2023-11-30 18:08:11-08:00,2023-11-30 18:08:11-08:00,rsmall,bradley45,251,1758882075,Updating
2023-12-01 15:49:00-08:00,2023-12-01 15:47:27-08:00,robertcarr,bradley45,251,1412668758,Asking
2023-12-01 15:49:00-08:00,2023-12-01 15:48:57-08:00,robertcarr,bradley45,251,1412669257,Asking
2023-12-01 15:49:00-08:00,2023-12-01 15:48:57-08:00,robertcarr,bradley45,251,1412669257,Criticizing
2023-12-01 15:49:00-08:00,2023-12-01 15:49:00-08:00,robertcarr,bradley45,251,1760713463,Empty
2023-12-01 19:00:53-08:00,2023-12-01 19:00:53-08:00,bradley45,bradley45,251,1412710203,Updating
2023-12-01 19:00:53-08:00,2023-12-01 19:00:53-08:00,bradley45,bradley45,251,1760767035,Empty
2023-12-01 19:16:15-08:00,2023-12-01 19:16:15-08:00,bradley45,bradley45,251,1760768753,Empty
2023-12-01 19:16:15-08:00,2023-12-01 19:16:15-08:00,bradley45,bradley45,251,1412711951,Explaining
2023-12-01 19:37:29-08:00,2023-12-01 19:37:29-08:00,hlawrence,bradley45,251,1760771316,Empty
2023-12-01 20:47:46-08:00,2023-12-01 20:46:21-08:00,robertcarr,bradley45,251,1412722169,Directing
2023-12-01 20:47:46-08:00,2023-12-01 20:47:46-08:00,robertcarr,bradley45,251,1760778625,Criticizing
2023-12-01 20:50:49-08:00,2023-12-01 20:50:49-08:00,robertcarr,bradley45,251,1760779151,Approving
2023-12-01 20:53:18-08:00,2023-12-01 20:53:18-08:00,rsmall,bradley45,251,1760779397,Empty
2023-11-30 16:11:10-08:00,2023-11-30 15:15:01-08:00,rsmall,bradley45,253,1411400510,Directing
2023-11-30 16:11:10-08:00,2023-11-30 15:15:01-08:00,rsmall,bradley45,253,1411400510,Explaining
2023-11-30 16:11:10-08:00,2023-11-30 15:38:26-08:00,rsmall,bradley45,253,1411416569,Directing
2023-11-30 16:11:10-08:00,2023-11-30 15:55:35-08:00,rsmall,bradley45,253,1411430380,Directing
2023-11-30 16:11:10-08:00,2023-11-30 16:11:10-08:00,rsmall,bradley45,253,1758650054,Empty
2023-12-01 21:36:22-08:00,2023-12-01 21:36:22-08:00,bradley45,bradley45,253,1760783469,Empty
2023-12-01 21:36:22-08:00,2023-12-01 21:36:22-08:00,bradley45,bradley45,253,1412727940,Criticizing
2023-12-01 21:59:05-08:00,2023-12-01 21:59:05-08:00,rsmall,bradley45,253,1760785872,Empty
2023-12-01 22:17:36-08:00,2023-12-01 22:17:36-08:00,hlawrence,bradley45,253,1760787860,Empty
2023-12-01 22:54:01-08:00,2023-12-01 22:54:01-08:00,hlawrence,bradley45,253,1412736877,Criticizing
2023-12-01 22:54:01-08:00,2023-12-01 22:54:01-08:00,hlawrence,bradley45,253,1760792233,Empty
2023-12-01 22:56:52-08:00,2023-12-01 22:56:51-08:00,hlawrence,bradley45,253,1412737347,Criticizing
2023-12-01 22:56:52-08:00,2023-12-01 22:56:52-08:00,hlawrence,bradley45,253,1760792736,Empty
2023-12-01 23:00:08-08:00,2023-12-01 23:00:08-08:00,hlawrence,bradley45,253,1412738160,Criticizing
2023-12-01 23:00:08-08:00,2023-12-01 23:00:08-08:00,hlawrence,bradley45,253,1760793779,Empty
2023-12-02 02:02:04-08:00,2023-12-02 02:02:04-08:00,rsmall,bradley45,253,1760849556,Empty
2023-12-02 15:01:20-08:00,2023-12-02 15:01:19-08:00,bradley45,bradley45,253,1412892641,Disagreeing
2023-12-02 15:01:20-08:00,2023-12-02 15:01:20-08:00,bradley45,bradley45,253,1760989274,Empty
2023-12-02 15:24:58-08:00,2023-12-02 15:24:05-08:00,rsmall,bradley45,253,1412894704,Directing
2023-12-02 15:24:58-08:00,2023-12-02 15:24:58-08:00,rsmall,bradley45,253,1760990806,Empty
2023-12-02 15:27:52-08:00,2023-12-02 15:27:52-08:00,rsmall,bradley45,253,1760991041,Empty
2023-12-02 16:09:13-08:00,2023-12-02 16:09:13-08:00,hlawrence,bradley45,253,1760993540,Empty
2023-12-02 16:10:09-08:00,2023-12-02 16:10:09-08:00,rsmall,bradley45,253,1760993626,Updating
2023-12-01 21:18:51-08:00,2023-12-01 21:18:51-08:00,oarellano,robertcarr,256,1760781726,Updating
2023-12-01 21:18:51-08:00,2023-12-01 21:18:51-08:00,oarellano,robertcarr,256,1760781726,Approving
2023-12-01 21:23:52-08:00,2023-12-01 21:23:52-08:00,rsmall,robertcarr,256,1760782271,Empty
2023-12-01 21:23:59-08:00,2023-12-01 21:23:59-08:00,hlawrence,robertcarr,256,1760782284,Approving
2023-12-01 21:23:59-08:00,2023-12-01 21:23:59-08:00,hlawrence,robertcarr,256,1760782284,Thanking
2023-12-01 21:25:18-08:00,2023-12-01 21:25:18-08:00,rsmall,robertcarr,258,1760782401,Complimenting
2023-12-01 21:25:31-08:00,2023-12-01 21:25:31-08:00,hlawrence,robertcarr,258,1760782420,Thanking
2023-12-02 23:17:27-08:00,2023-12-02 23:17:27-08:00,hlawrence,oarellano,263,1761147292,Thanking
2023-12-02 23:24:31-08:00,2023-12-02 23:24:31-08:00,rsmall,oarellano,263,1761148024,Encouraging
2023-12-02 23:39:31-08:00,2023-12-02 23:39:31-08:00,hlawrence,oarellano,263,1761149552,Thanking
2023-12-03 01:22:11-08:00,2023-12-03 01:22:11-08:00,bradley45,oarellano,263,1761163376,Complimenting
2023-12-03 21:01:20-08:00,2023-12-03 21:01:20-08:00,robertcarr,hlawrence,264,1761604940,Thanking
2023-12-03 21:11:06-08:00,2023-12-03 21:11:06-08:00,robertcarr,hlawrence,264,1761612105,Thanking
2023-12-03 21:13:29-08:00,2023-12-03 21:13:29-08:00,rsmall,hlawrence,264,1761613855,Complimenting
2023-12-03 21:21:43-08:00,2023-12-03 21:21:43-08:00,rsmall,hlawrence,264,1761620391,Approving
2023-12-03 21:22:24-08:00,2023-12-03 21:22:24-08:00,bradley45,hlawrence,264,1761620891,Approving
2023-12-03 20:38:36-08:00,2023-12-03 20:38:36-08:00,bradley45,hlawrence,267,1761578656,Approving
2023-12-03 20:53:01-08:00,2023-12-03 20:53:01-08:00,rsmall,hlawrence,267,1761587470,Approving
2023-12-03 20:36:53-08:00,2023-12-03 20:36:53-08:00,bradley45,rsmall,268,1761577486,Approving
2023-12-03 20:54:23-08:00,2023-12-03 20:54:23-08:00,robertcarr,rsmall,268,1761588397,Empty
2023-12-03 20:58:49-08:00,2023-12-03 20:58:49-08:00,hlawrence,rsmall,268,1761602921,Complimenting
2023-12-03 20:54:50-08:00,2023-12-03 20:54:50-08:00,robertcarr,bradley45,269,1761588722,Empty
2023-12-03 20:58:01-08:00,2023-12-03 20:58:01-08:00,hlawrence,bradley45,269,1761601969,Thanking
2023-12-03 20:58:01-08:00,2023-12-03 20:58:01-08:00,hlawrence,bradley45,269,1761601969,Thanking
2023-12-03 20:58:37-08:00,2023-12-03 20:58:32-08:00,rsmall,bradley45,269,1413373268,Updating
2023-12-03 20:58:37-08:00,2023-12-03 20:58:37-08:00,rsmall,bradley45,269,1761602588,Empty
2023-12-03 21:25:06-08:00,2023-12-03 21:25:06-08:00,bradley45,bradley45,269,1761622793,Empty
2023-12-03 21:25:07-08:00,2023-12-03 21:25:06-08:00,bradley45,bradley45,269,1413386029,Agreeing
2023-12-03 21:45:39-08:00,2023-12-03 21:45:39-08:00,bradley45,rsmall,270,1761638122,Encouraging
2023-12-03 21:48:35-08:00,2023-12-03 21:48:35-08:00,hlawrence,rsmall,270,1761640411,Empty
2023-12-03 20:56:02-08:00,2023-12-03 20:55:45-08:00,rsmall,robertcarr,271,1413367431,Directing
2023-12-03 20:56:02-08:00,2023-12-03 20:56:02-08:00,rsmall,robertcarr,271,1761595649,Updating
2023-12-03 21:27:58-08:00,2023-12-03 21:27:58-08:00,bradley45,robertcarr,271,1761624922,Updating
2023-12-03 22:00:02-08:00,2023-12-03 22:00:02-08:00,hlawrence,robertcarr,271,1761649539,Thanking
2023-12-03 22:00:02-08:00,2023-12-03 22:00:02-08:00,rsmall,robertcarr,271,1761649535,Empty
2023-12-03 21:27:29-08:00,2023-12-03 21:27:29-08:00,bradley45,oarellano,272,1761624563,Approving
2023-12-03 22:08:54-08:00,2023-12-03 22:08:54-08:00,rsmall,oarellano,272,1761656587,Empty
2023-12-03 22:08:33-08:00,2023-12-03 22:08:33-08:00,hlawrence,rsmall,273,1761656316,Thanking
2023-12-03 22:08:35-08:00,2023-12-03 22:08:35-08:00,robertcarr,rsmall,273,1761656351,Thanking
2023-12-03 22:09:17-08:00,2023-12-03 22:09:17-08:00,bradley45,rsmall,273,1761656932,Encouraging
2024-01-11 14:46:23-08:00,2024-01-11 14:36:47-08:00,rsmall,bradley45,276,1449480021,Criticizing
2024-01-11 14:46:23-08:00,2024-01-11 14:36:47-08:00,rsmall,bradley45,276,1449480021,Criticizing
2024-01-11 14:46:23-08:00,2024-01-11 14:36:47-08:00,rsmall,bradley45,276,1449480021,Disagreeing
2024-01-11 14:46:23-08:00,2024-01-11 14:36:47-08:00,rsmall,bradley45,276,1449480021,Explaining
2024-01-11 14:46:23-08:00,2024-01-11 14:44:54-08:00,rsmall,bradley45,276,1449486376,Directing
2024-01-11 14:46:23-08:00,2024-01-11 14:45:30-08:00,rsmall,bradley45,276,1449486742,Directing
2024-01-11 14:46:23-08:00,2024-01-11 14:46:23-08:00,rsmall,bradley45,276,1816933505,Empty
2024-01-11 15:49:23-08:00,2024-01-11 15:49:23-08:00,bradley45,bradley45,276,1449547171,Agreeing
2024-01-11 15:49:23-08:00,2024-01-11 15:49:23-08:00,bradley45,bradley45,276,1449547171,Updating
2024-01-11 15:49:23-08:00,2024-01-11 15:49:23-08:00,bradley45,bradley45,276,1449547171,Updating
2024-01-11 15:49:23-08:00,2024-01-11 15:49:23-08:00,bradley45,bradley45,276,1817031740,Empty
2024-01-11 19:24:55-08:00,2024-01-11 17:12:14-08:00,hlawrence,bradley45,276,1449621141,Criticizing
2024-01-11 19:24:55-08:00,2024-01-11 17:59:24-08:00,hlawrence,bradley45,276,1449690694,Asking
2024-01-11 19:24:55-08:00,2024-01-11 18:01:51-08:00,hlawrence,bradley45,276,1449692542,Asking
2024-01-11 19:24:55-08:00,2024-01-11 18:05:06-08:00,hlawrence,bradley45,276,1449695348,Asking
2024-01-11 19:24:55-08:00,2024-01-11 18:05:06-08:00,hlawrence,bradley45,276,1449695348,Suggesting
2024-01-11 19:24:55-08:00,2024-01-11 18:06:25-08:00,hlawrence,bradley45,276,1449696867,Criticizing
2024-01-11 19:24:55-08:00,2024-01-11 18:08:13-08:00,hlawrence,bradley45,276,1449699150,Directing
2024-01-11 19:24:55-08:00,2024-01-11 18:08:34-08:00,hlawrence,bradley45,276,1449699552,Directing
2024-01-11 19:24:55-08:00,2024-01-11 19:21:23-08:00,hlawrence,bradley45,276,1449757826,Asking
2024-01-11 19:24:55-08:00,2024-01-11 19:21:53-08:00,hlawrence,bradley45,276,1449758096,Criticizing
2024-01-11 19:24:55-08:00,2024-01-11 19:24:55-08:00,hlawrence,bradley45,276,1817097563,Approving
2024-01-11 19:24:55-08:00,2024-01-11 19:24:55-08:00,hlawrence,bradley45,276,1817097563,Criticizing
2024-01-11 19:24:55-08:00,2024-01-11 19:24:55-08:00,hlawrence,bradley45,276,1817097563,Updating
2024-01-11 19:44:20-08:00,2024-01-11 19:44:20-08:00,hlawrence,bradley45,276,1449772818,Suggesting
2024-01-11 19:44:20-08:00,2024-01-11 19:44:20-08:00,hlawrence,bradley45,276,1817315236,Empty
2024-01-11 19:50:31-08:00,2024-01-11 19:50:31-08:00,bradley45,bradley45,276,1817318873,Empty
2024-01-11 19:50:32-08:00,2024-01-11 19:50:31-08:00,bradley45,bradley45,276,1449776713,Criticizing
2024-01-11 19:51:46-08:00,2024-01-11 19:51:46-08:00,bradley45,bradley45,276,1449777486,Updating
2024-01-11 19:51:46-08:00,2024-01-11 19:51:46-08:00,bradley45,bradley45,276,1449777486,Explaining
2024-01-11 19:51:46-08:00,2024-01-11 19:51:46-08:00,bradley45,bradley45,276,1817319554,Empty
2024-01-11 19:52:02-08:00,2024-01-11 19:52:02-08:00,bradley45,bradley45,276,1817320137,Empty
2024-01-11 19:52:02-08:00,2024-01-11 19:52:02-08:00,bradley45,bradley45,276,1449777912,Agreeing
2024-01-11 19:54:23-08:00,2024-01-11 19:54:22-08:00,bradley45,bradley45,276,1449779464,Updating
2024-01-11 19:54:23-08:00,2024-01-11 19:54:23-08:00,bradley45,bradley45,276,1817321560,Empty
2024-01-11 19:56:58-08:00,2024-01-11 19:56:58-08:00,bradley45,bradley45,276,1449781218,Updating
2024-01-11 19:56:58-08:00,2024-01-11 19:56:58-08:00,bradley45,bradley45,276,1817323295,Empty
2024-01-11 19:57:22-08:00,2024-01-11 19:57:22-08:00,bradley45,bradley45,276,1449781497,Updating
2024-01-11 19:57:22-08:00,2024-01-11 19:57:22-08:00,bradley45,bradley45,276,1817323619,Empty
2024-01-11 19:57:33-08:00,2024-01-11 19:57:33-08:00,bradley45,bradley45,276,1817323704,Empty
2024-01-11 19:57:33-08:00,2024-01-11 19:57:33-08:00,bradley45,bradley45,276,1449781637,Updating
2024-01-11 19:57:41-08:00,2024-01-11 19:57:41-08:00,bradley45,bradley45,276,1817323782,Empty
2024-01-11 19:57:41-08:00,2024-01-11 19:57:41-08:00,bradley45,bradley45,276,1449781745,Updating
2024-01-11 19:57:57-08:00,2024-01-11 19:57:57-08:00,bradley45,bradley45,276,1817323930,Empty
2024-01-11 19:57:57-08:00,2024-01-11 19:57:57-08:00,bradley45,bradley45,276,1449781935,Updating
2024-01-11 19:58:37-08:00,2024-01-11 19:58:37-08:00,bradley45,bradley45,276,1817324334,Empty
2024-01-11 19:58:38-08:00,2024-01-11 19:58:37-08:00,bradley45,bradley45,276,1449782395,Updating
2024-01-11 20:01:15-08:00,2024-01-11 20:01:15-08:00,bradley45,bradley45,276,1817325795,Empty
2024-01-11 20:01:15-08:00,2024-01-11 20:01:15-08:00,bradley45,bradley45,276,1449784029,Disagreeing
2024-01-11 21:15:31-08:00,2024-01-11 21:15:18-08:00,hlawrence,bradley45,276,1449852955,Suggesting
2024-01-11 21:15:31-08:00,2024-01-11 21:15:18-08:00,hlawrence,bradley45,276,1449852955,Asking
2024-01-11 21:15:31-08:00,2024-01-11 21:15:31-08:00,hlawrence,bradley45,276,1817415968,Empty
2024-01-12 20:11:09-08:00,2024-01-12 20:11:09-08:00,rsmall,bradley45,276,1819781978,Approving
2024-01-12 20:17:14-08:00,2024-01-12 20:17:14-08:00,hlawrence,bradley45,276,1819783209,Approving
2024-01-12 20:17:14-08:00,2024-01-12 20:17:14-08:00,hlawrence,bradley45,276,1819783209,Thanking
2024-01-12 20:21:31-08:00,2024-01-12 20:21:31-08:00,rsmall,bradley45,276,1819789743,Empty
2024-01-12 20:22:12-08:00,2024-01-12 20:22:12-08:00,hlawrence,bradley45,276,1819789848,Approving
2024-01-12 20:22:12-08:00,2024-01-12 20:22:12-08:00,hlawrence,bradley45,276,1819789848,Thanking
2024-01-11 14:36:32-08:00,2024-01-11 14:34:59-08:00,bradley45,rsmall,280,1449477336,Directing
2024-01-11 14:36:32-08:00,2024-01-11 14:35:09-08:00,bradley45,rsmall,280,1449477536,Directing
2024-01-11 14:36:32-08:00,2024-01-11 14:36:32-08:00,bradley45,rsmall,280,1816926073,Approving
2024-01-11 14:55:48-08:00,2024-01-11 14:55:48-08:00,oarellano,rsmall,280,1816977431,Directing
2024-01-11 14:55:48-08:00,2024-01-11 14:55:48-08:00,oarellano,rsmall,280,1816977431,Directing
2024-01-11 14:55:48-08:00,2024-01-11 14:55:48-08:00,oarellano,rsmall,280,1816977431,Thanking
2024-01-11 15:07:53-08:00,2024-01-11 15:07:53-08:00,oarellano,rsmall,280,1816996459,Updating
2024-01-11 15:15:06-08:00,2024-01-11 15:15:06-08:00,oarellano,rsmall,280,1817002419,Approving
2024-01-11 15:56:02-08:00,2024-01-11 15:56:02-08:00,bradley45,rsmall,280,1817036795,Approving
2024-01-12 18:29:44-08:00,2024-01-12 18:29:44-08:00,bradley45,hlawrence,282,1819648578,Approving
2024-01-12 20:13:33-08:00,2024-01-12 20:13:33-08:00,rsmall,hlawrence,282,1819782299,Approving
2024-01-18 14:03:34-08:00,2024-01-18 13:56:50-08:00,bradley45,rsmall,283,1458018440,Directing
2024-01-18 14:03:34-08:00,2024-01-18 13:59:13-08:00,bradley45,rsmall,283,1458020395,Directing
2024-01-18 14:03:34-08:00,2024-01-18 14:01:58-08:00,bradley45,rsmall,283,1458022595,Directing
2024-01-18 14:03:34-08:00,2024-01-18 14:03:20-08:00,bradley45,rsmall,283,1458023683,Directing
2024-01-18 14:03:34-08:00,2024-01-18 14:03:34-08:00,bradley45,rsmall,283,1830621600,Updating
2024-01-19 10:06:44-08:00,2024-01-19 10:06:44-08:00,rsmall,rsmall,283,1459468134,Criticizing
2024-01-19 10:06:44-08:00,2024-01-19 10:06:44-08:00,rsmall,rsmall,283,1833385124,Empty
2024-01-20 17:56:16-08:00,2024-01-20 17:36:23-08:00,robertcarr,rsmall,283,1460701397,Thanking
2024-01-20 17:56:16-08:00,2024-01-20 17:36:45-08:00,robertcarr,rsmall,283,1460701419,Criticizing
2024-01-20 17:56:16-08:00,2024-01-20 17:38:27-08:00,robertcarr,rsmall,283,1460701517,Criticizing
2024-01-20 17:56:16-08:00,2024-01-20 17:56:16-08:00,robertcarr,rsmall,283,1834750766,Approving
2024-01-20 17:56:16-08:00,2024-01-20 17:56:16-08:00,robertcarr,rsmall,283,1834750766,Criticizing
2024-01-20 17:56:17-08:00,2024-01-20 17:36:57-08:00,robertcarr,rsmall,283,1460701428,Directing
2024-01-20 17:56:17-08:00,2024-01-20 17:38:54-08:00,robertcarr,rsmall,283,1460701575,Directing
2024-01-20 17:56:17-08:00,2024-01-20 17:40:28-08:00,robertcarr,rsmall,283,1460701782,Directing
2024-01-20 17:56:17-08:00,2024-01-20 17:41:51-08:00,robertcarr,rsmall,283,1460701920,Asking
2024-01-20 17:56:17-08:00,2024-01-20 17:44:15-08:00,robertcarr,rsmall,283,1460702087,Directing
2024-01-20 17:56:17-08:00,2024-01-20 17:50:00-08:00,robertcarr,rsmall,283,1460702605,Thanking
2024-01-20 17:56:17-08:00,2024-01-20 17:54:19-08:00,robertcarr,rsmall,283,1460702842,Explaining
2024-01-20 17:56:17-08:00,2024-01-20 17:54:19-08:00,robertcarr,rsmall,283,1460702842,Asking
2024-01-20 17:56:17-08:00,2024-01-20 17:55:18-08:00,robertcarr,rsmall,283,1460702967,Asking
2024-01-20 17:56:17-08:00,2024-01-20 17:55:46-08:00,robertcarr,rsmall,283,1460703002,Asking
2024-01-20 17:56:17-08:00,2024-01-20 17:56:03-08:00,robertcarr,rsmall,283,1460703028,Asking
2024-01-21 19:16:25-08:00,2024-01-21 19:16:25-08:00,rsmall,rsmall,283,1461312301,Updating
2024-01-21 19:16:25-08:00,2024-01-21 19:16:25-08:00,rsmall,rsmall,283,1835582182,Empty
2024-01-21 19:34:46-08:00,2024-01-21 19:34:46-08:00,rsmall,rsmall,283,1835591871,Empty
2024-01-21 19:34:46-08:00,2024-01-21 19:34:46-08:00,rsmall,rsmall,283,1461319036,Updating
2024-01-21 19:34:46-08:00,2024-01-21 19:34:46-08:00,rsmall,rsmall,283,1461319036,Updating
2024-01-21 19:38:58-08:00,2024-01-21 19:38:58-08:00,rsmall,rsmall,283,1835593928,Empty
2024-01-21 19:38:58-08:00,2024-01-21 19:38:58-08:00,rsmall,rsmall,283,1461320509,Complimenting
2024-01-21 19:38:58-08:00,2024-01-21 19:38:58-08:00,rsmall,rsmall,283,1461320509,Suggesting
2024-01-21 19:40:48-08:00,2024-01-21 19:40:48-08:00,rsmall,rsmall,283,1835594882,Empty
2024-01-21 19:42:23-08:00,2024-01-21 19:40:48-08:00,rsmall,rsmall,283,1461321256,Explaining
2024-01-21 19:42:23-08:00,2024-01-21 19:40:48-08:00,rsmall,rsmall,283,1461321256,Explaining
2024-01-21 19:43:26-08:00,2024-01-21 19:43:26-08:00,rsmall,rsmall,283,1461322159,Updating
2024-01-21 19:43:26-08:00,2024-01-21 19:43:26-08:00,rsmall,rsmall,283,1461322159,Updating
2024-01-21 19:43:26-08:00,2024-01-21 19:43:26-08:00,rsmall,rsmall,283,1461322159,Directing
2024-01-21 19:43:26-08:00,2024-01-21 19:43:26-08:00,rsmall,rsmall,283,1835596212,Empty
2024-01-21 20:07:16-08:00,2024-01-21 20:07:16-08:00,robertcarr,rsmall,283,1835611092,Approving
2024-01-21 20:07:16-08:00,2024-01-21 20:07:16-08:00,robertcarr,rsmall,283,1835611092,Thanking
2024-01-21 20:25:13-08:00,2024-01-21 20:25:13-08:00,bradley45,rsmall,283,1835611806,Approving
2024-01-21 20:25:13-08:00,2024-01-21 20:25:13-08:00,bradley45,rsmall,283,1835611806,Criticizing
2024-01-21 20:25:14-08:00,2024-01-21 20:08:34-08:00,bradley45,rsmall,283,1461331644,Directing
2024-01-21 20:25:14-08:00,2024-01-21 20:09:06-08:00,bradley45,rsmall,283,1461331869,Directing
2024-01-21 20:25:14-08:00,2024-01-21 20:09:22-08:00,bradley45,rsmall,283,1461331959,Directing
2024-01-21 20:25:14-08:00,2024-01-21 20:09:35-08:00,bradley45,rsmall,283,1461332061,Directing
2024-01-21 20:25:14-08:00,2024-01-21 20:11:31-08:00,bradley45,rsmall,283,1461332918,Directing
2024-01-21 20:25:14-08:00,2024-01-21 20:11:43-08:00,bradley45,rsmall,283,1461332980,Directing
2024-01-21 20:25:14-08:00,2024-01-21 20:12:02-08:00,bradley45,rsmall,283,1461333109,Directing
2024-01-21 20:25:14-08:00,2024-01-21 20:13:52-08:00,bradley45,rsmall,283,1461333805,Criticizing
2024-01-21 20:25:14-08:00,2024-01-21 20:17:14-08:00,bradley45,rsmall,283,1461335192,Directing
2024-01-21 20:25:14-08:00,2024-01-21 20:17:30-08:00,bradley45,rsmall,283,1461335309,Criticizing
2024-01-21 20:25:14-08:00,2024-01-21 20:18:17-08:00,bradley45,rsmall,283,1461335576,Directing
2024-01-21 20:25:14-08:00,2024-01-21 20:18:48-08:00,bradley45,rsmall,283,1461335814,Directing
2024-01-21 20:25:14-08:00,2024-01-21 20:19:37-08:00,bradley45,rsmall,283,1461336161,Directing
2024-01-21 20:25:14-08:00,2024-01-21 20:21:00-08:00,bradley45,rsmall,283,1461336671,Criticizing
2024-01-21 21:08:06-08:00,2024-01-21 21:08:06-08:00,rsmall,rsmall,283,1835650582,Empty
2024-01-21 21:08:06-08:00,2024-01-21 21:08:06-08:00,rsmall,rsmall,283,1461356206,Disagreeing
2024-01-21 21:08:06-08:00,2024-01-21 21:08:06-08:00,rsmall,rsmall,283,1461356206,Disagreeing
2024-01-21 21:14:15-08:00,2024-01-21 21:14:15-08:00,rsmall,rsmall,283,1835654821,Empty
2024-01-21 21:14:15-08:00,2024-01-21 21:14:15-08:00,rsmall,rsmall,283,1461359009,Criticizing
2024-01-21 21:23:43-08:00,2024-01-21 21:23:43-08:00,robertcarr,rsmall,283,1835661469,Approving
2024-01-21 21:32:22-08:00,2024-01-21 21:32:22-08:00,bradley45,rsmall,283,1835669480,Encouraging
2024-01-12 19:30:34-08:00,2024-01-12 19:30:34-08:00,bradley45,rsmall,287,1819721759,Approving
2024-01-12 20:19:20-08:00,2024-01-12 20:19:20-08:00,hlawrence,rsmall,287,1819789012,Approving
2024-01-12 20:19:20-08:00,2024-01-12 20:19:20-08:00,hlawrence,rsmall,287,1819789012,Complimenting
2024-01-13 15:02:21-08:00,2024-01-13 15:02:21-08:00,hlawrence,bradley45,290,1820111919,Criticizing
2024-01-13 15:02:21-08:00,2024-01-13 15:02:21-08:00,hlawrence,bradley45,290,1820111919,Directing
2024-01-13 15:10:48-08:00,2024-01-13 15:09:38-08:00,robertcarr,bradley45,290,1451618917,Asking
2024-01-13 15:10:48-08:00,2024-01-13 15:10:12-08:00,robertcarr,bradley45,290,1451619022,Criticizing
2024-01-13 15:10:48-08:00,2024-01-13 15:10:48-08:00,robertcarr,bradley45,290,1820112465,Empty
2024-01-14 15:07:24-08:00,2024-01-14 15:07:23-08:00,bradley45,bradley45,290,1451820967,Directing
2024-01-14 15:07:24-08:00,2024-01-14 15:07:24-08:00,bradley45,bradley45,290,1820318150,Empty
2024-01-14 15:21:05-08:00,2024-01-14 15:21:05-08:00,bradley45,bradley45,290,1451823221,Updating
2024-01-14 15:21:05-08:00,2024-01-14 15:21:05-08:00,bradley45,bradley45,290,1820320658,Empty
2024-01-14 18:16:01-08:00,2024-01-14 18:16:01-08:00,robertcarr,bradley45,290,1820512873,Approving
2024-01-14 18:16:22-08:00,2024-01-14 18:16:22-08:00,hlawrence,bradley45,290,1820513557,Approving
2024-01-17 18:26:26-08:00,2024-01-17 18:26:25-08:00,hlawrence,robertcarr,291,1456741616,Apologizing
2024-01-17 18:26:26-08:00,2024-01-17 18:26:26-08:00,hlawrence,robertcarr,291,1828592298,Empty
2024-01-17 18:35:57-08:00,2024-01-17 18:35:57-08:00,hlawrence,robertcarr,291,1828599843,Approving
2024-01-17 18:50:45-08:00,2024-01-17 18:50:45-08:00,hlawrence,robertcarr,291,1828613419,Criticizing
2024-01-18 13:14:07-08:00,2024-01-18 13:14:07-08:00,hlawrence,robertcarr,291,1830566549,Approving
2024-01-18 13:28:27-08:00,2024-01-18 13:28:18-08:00,bradley45,robertcarr,291,1457995531,Updating
2024-01-18 13:28:27-08:00,2024-01-18 13:28:27-08:00,bradley45,robertcarr,291,1830585431,Updating
2024-01-18 20:29:27-08:00,2024-01-18 20:29:27-08:00,hlawrence,robertcarr,291,1831482229,Approving
2024-01-19 18:51:45-08:00,2024-01-19 18:51:45-08:00,bradley45,robertcarr,291,1834406401,Approving
2024-01-14 18:46:34-08:00,2024-01-14 18:46:34-08:00,hlawrence,bradley45,296,1820573788,Complimenting
2024-01-14 18:46:34-08:00,2024-01-14 18:46:34-08:00,hlawrence,bradley45,296,1820573788,Complimenting
2024-01-14 18:48:52-08:00,2024-01-14 18:48:52-08:00,oarellano,bradley45,296,1820578898,Approving
2024-01-14 18:34:09-08:00,2024-01-14 18:34:09-08:00,bradley45,rsmall,297,1820549216,Approving
2024-01-14 18:47:37-08:00,2024-01-14 18:47:37-08:00,hlawrence,rsmall,297,1820575907,Empty
2024-01-14 18:47:37-08:00,2024-01-14 18:47:37-08:00,hlawrence,rsmall,297,1451883056,Updating
2024-01-14 18:47:49-08:00,2024-01-14 18:47:49-08:00,hlawrence,rsmall,297,1820576303,Approving
2024-01-14 19:19:06-08:00,2024-01-14 19:19:06-08:00,robertcarr,rsmall,297,1820636035,Approving
2024-01-14 18:45:12-08:00,2024-01-14 18:45:12-08:00,hlawrence,oarellano,298,1820571168,Empty
2024-01-14 18:56:45-08:00,2024-01-14 18:56:45-08:00,bradley45,oarellano,298,1820593979,Approving
2024-01-14 19:18:56-08:00,2024-01-14 19:18:56-08:00,robertcarr,oarellano,298,1820635728,Approving
2024-01-14 18:50:17-08:00,2024-01-14 18:50:17-08:00,oarellano,hlawrence,299,1820581556,Approving
2024-01-14 18:57:35-08:00,2024-01-14 18:57:35-08:00,bradley45,hlawrence,299,1820595580,Approving
2024-01-14 19:18:31-08:00,2024-01-14 19:18:31-08:00,bradley45,rsmall,300,1820634926,Encouraging
2024-01-14 19:19:21-08:00,2024-01-14 19:19:21-08:00,robertcarr,rsmall,300,1820636483,Approving
2024-01-14 19:20:03-08:00,2024-01-14 19:20:03-08:00,oarellano,rsmall,300,1820637799,Encouraging
2024-01-14 19:19:04-08:00,2024-01-14 19:19:04-08:00,oarellano,robertcarr,301,1820635957,Approving
2024-01-14 19:19:48-08:00,2024-01-14 19:19:48-08:00,hlawrence,robertcarr,301,1820637311,Approving
2024-01-14 19:19:48-08:00,2024-01-14 19:19:48-08:00,hlawrence,robertcarr,301,1820637311,Complimenting
2024-01-14 19:20:02-08:00,2024-01-14 19:20:02-08:00,bradley45,robertcarr,301,1820637767,Updating
2024-01-14 19:20:32-08:00,2024-01-14 19:20:32-08:00,rsmall,robertcarr,301,1820638712,Approving
2024-01-25 16:36:15-08:00,2024-01-25 16:36:15-08:00,rsmall,rsmall,306,1844926657,Empty
2024-01-25 16:36:15-08:00,2024-01-25 16:36:15-08:00,rsmall,rsmall,306,1467116613,Updating
2024-01-26 10:40:05-08:00,2024-01-26 10:40:05-08:00,bradley45,rsmall,306,1846341845,Thanking
2024-01-26 13:48:14-08:00,2024-01-26 13:38:40-08:00,hlawrence,rsmall,306,1468171622,Criticizing
2024-01-26 13:48:14-08:00,2024-01-26 13:38:40-08:00,hlawrence,rsmall,306,1468171622,Asking
2024-01-26 13:48:14-08:00,2024-01-26 13:40:52-08:00,hlawrence,rsmall,306,1468173391,Directing
2024-01-26 13:48:14-08:00,2024-01-26 13:41:57-08:00,hlawrence,rsmall,306,1468174278,Directing
2024-01-26 13:48:14-08:00,2024-01-26 13:44:12-08:00,hlawrence,rsmall,306,1468176040,Directing
2024-01-26 13:48:14-08:00,2024-01-26 13:45:00-08:00,hlawrence,rsmall,306,1468176691,Directing
2024-01-26 13:48:14-08:00,2024-01-26 13:48:14-08:00,hlawrence,rsmall,306,1846589539,Approving
2024-01-26 13:48:14-08:00,2024-01-26 13:48:14-08:00,hlawrence,rsmall,306,1846589539,Criticizing
2024-01-26 15:56:48-08:00,2024-01-26 15:56:48-08:00,hlawrence,rsmall,306,1846742140,Thanking
2024-01-26 15:56:48-08:00,2024-01-26 15:56:48-08:00,hlawrence,rsmall,306,1846742140,Approving
2024-01-27 13:48:14-08:00,2024-01-27 13:40:57-08:00,robertcarr,rsmall,306,1468659810,Directing
2024-01-27 13:48:14-08:00,2024-01-27 13:42:25-08:00,robertcarr,rsmall,306,1468660021,Criticizing
2024-01-27 13:48:14-08:00,2024-01-27 13:42:57-08:00,robertcarr,rsmall,306,1468660101,Directing
2024-01-27 13:48:14-08:00,2024-01-27 13:44:00-08:00,robertcarr,rsmall,306,1468660217,Criticizing
2024-01-27 13:48:14-08:00,2024-01-27 13:44:24-08:00,robertcarr,rsmall,306,1468660251,Directing
2024-01-27 13:48:14-08:00,2024-01-27 13:44:54-08:00,robertcarr,rsmall,306,1468660284,Directing
2024-01-27 13:48:14-08:00,2024-01-27 13:46:15-08:00,robertcarr,rsmall,306,1468660443,Directing
2024-01-27 13:48:14-08:00,2024-01-27 13:46:50-08:00,robertcarr,rsmall,306,1468660495,Asking
2024-01-27 13:48:14-08:00,2024-01-27 13:48:00-08:00,robertcarr,rsmall,306,1468660618,Criticizing
2024-01-27 13:48:14-08:00,2024-01-27 13:48:14-08:00,robertcarr,rsmall,306,1847290402,Approving
2024-01-27 13:48:14-08:00,2024-01-27 13:48:14-08:00,robertcarr,rsmall,306,1847290402,Criticizing
2024-01-28 17:19:06-08:00,2024-01-28 17:19:06-08:00,rsmall,rsmall,306,1468988387,Updating
2024-01-28 17:19:06-08:00,2024-01-28 17:19:06-08:00,rsmall,rsmall,306,1847694652,Empty
2024-01-28 18:02:33-08:00,2024-01-28 18:02:33-08:00,rsmall,rsmall,306,1469005495,Updating
2024-01-28 18:02:33-08:00,2024-01-28 18:02:33-08:00,rsmall,rsmall,306,1847720670,Empty
2024-01-28 18:14:24-08:00,2024-01-28 18:14:24-08:00,hlawrence,rsmall,306,1847726983,Approving
2024-01-28 18:14:57-08:00,2024-01-28 18:14:57-08:00,robertcarr,rsmall,306,1847727247,Approving
2024-01-28 18:14:57-08:00,2024-01-28 18:14:57-08:00,robertcarr,rsmall,306,1847727247,Updating
2024-01-20 21:03:45-08:00,2024-01-20 21:03:45-08:00,bradley45,robertcarr,309,1834958172,Thanking
2024-01-21 10:55:38-08:00,2024-01-21 10:55:38-08:00,oarellano,robertcarr,309,1835406790,Approving
2024-01-21 10:55:38-08:00,2024-01-21 10:55:38-08:00,oarellano,robertcarr,309,1835406790,Thanking
2024-01-23 16:36:19-08:00,2024-01-23 16:27:43-08:00,rsmall,robertcarr,311,1464148235,Criticizing
2024-01-23 16:36:19-08:00,2024-01-23 16:29:45-08:00,rsmall,robertcarr,311,1464149316,Criticizing
2024-01-23 16:36:19-08:00,2024-01-23 16:29:45-08:00,rsmall,robertcarr,311,1464149316,Asking
2024-01-23 16:36:19-08:00,2024-01-23 16:29:45-08:00,rsmall,robertcarr,311,1464149316,Criticizing
2024-01-23 16:36:19-08:00,2024-01-23 16:32:58-08:00,rsmall,robertcarr,311,1464150946,Criticizing
2024-01-23 16:36:19-08:00,2024-01-23 16:35:15-08:00,rsmall,robertcarr,311,1464152054,Criticizing
2024-01-23 16:36:19-08:00,2024-01-23 16:36:19-08:00,rsmall,robertcarr,311,1840166141,Complimenting
2024-01-23 17:09:55-08:00,2024-01-23 17:09:55-08:00,robertcarr,robertcarr,311,1840218497,Empty
2024-01-23 17:09:55-08:00,2024-01-23 17:09:55-08:00,robertcarr,robertcarr,311,1464179944,Agreeing
2024-01-23 17:09:55-08:00,2024-01-23 17:09:55-08:00,robertcarr,robertcarr,311,1464179944,Explaining
2024-01-23 17:15:15-08:00,2024-01-23 17:15:15-08:00,robertcarr,robertcarr,311,1840223553,Empty
2024-01-23 17:15:15-08:00,2024-01-23 17:15:15-08:00,robertcarr,robertcarr,311,1464183178,Updating
2024-01-23 17:16:39-08:00,2024-01-23 17:16:39-08:00,robertcarr,robertcarr,311,1840226884,Empty
2024-01-23 17:16:39-08:00,2024-01-23 17:16:39-08:00,robertcarr,robertcarr,311,1464185536,Updating
2024-01-23 17:16:56-08:00,2024-01-23 17:16:56-08:00,robertcarr,robertcarr,311,1464185678,Updating
2024-01-23 17:16:56-08:00,2024-01-23 17:16:56-08:00,robertcarr,robertcarr,311,1840227089,Empty
2024-01-23 17:23:03-08:00,2024-01-23 17:22:22-08:00,robertcarr,robertcarr,311,1464188525,Agreeing
2024-01-23 17:23:03-08:00,2024-01-23 17:22:59-08:00,robertcarr,robertcarr,311,1464188841,Directing
2024-01-23 17:23:03-08:00,2024-01-23 17:23:03-08:00,robertcarr,robertcarr,311,1840230908,Empty
2024-01-23 17:25:49-08:00,2024-01-23 17:25:48-08:00,rsmall,robertcarr,311,1464190327,Apologizing
2024-01-23 17:25:49-08:00,2024-01-23 17:25:49-08:00,rsmall,robertcarr,311,1840233273,Empty
2024-01-23 17:26:24-08:00,2024-01-23 17:26:24-08:00,rsmall,robertcarr,311,1840233736,Approving
2024-01-23 20:20:23-08:00,2024-01-23 20:20:23-08:00,bradley45,robertcarr,311,1840391333,Complimenting
2024-01-23 20:20:23-08:00,2024-01-23 20:20:23-08:00,bradley45,robertcarr,311,1840391333,Updating
2024-01-23 20:20:23-08:00,2024-01-23 20:20:23-08:00,bradley45,robertcarr,311,1840391333,Suggesting
2024-01-25 18:57:04-08:00,2024-01-25 18:57:04-08:00,hlawrence,bradley45,312,1845012550,Empty
2024-01-25 18:57:04-08:00,2024-01-25 18:57:04-08:00,hlawrence,bradley45,312,1467179150,Asking
2024-01-25 19:16:05-08:00,2024-01-25 19:01:26-08:00,hlawrence,bradley45,312,1467181017,Directing
2024-01-25 19:16:05-08:00,2024-01-25 19:11:21-08:00,hlawrence,bradley45,312,1467184883,Asking
2024-01-25 19:16:05-08:00,2024-01-25 19:16:05-08:00,hlawrence,bradley45,312,1845014893,Approving
2024-01-25 19:16:05-08:00,2024-01-25 19:16:05-08:00,hlawrence,bradley45,312,1845014893,Directing
2024-01-25 19:31:10-08:00,2024-01-25 19:29:54-08:00,hlawrence,bradley45,312,1467191972,Directing
2024-01-25 19:31:10-08:00,2024-01-25 19:29:54-08:00,hlawrence,bradley45,312,1467191972,Directing
2024-01-25 19:31:10-08:00,2024-01-25 19:31:10-08:00,hlawrence,bradley45,312,1845029745,Directing
2024-01-25 19:31:10-08:00,2024-01-25 19:31:10-08:00,hlawrence,bradley45,312,1845029745,Directing
2024-01-25 19:31:10-08:00,2024-01-25 19:31:10-08:00,hlawrence,bradley45,312,1845029745,Criticizing
2024-01-25 21:59:49-08:00,2024-01-25 21:36:14-08:00,oarellano,bradley45,312,1467236284,Directing
2024-01-25 21:59:49-08:00,2024-01-25 21:39:50-08:00,oarellano,bradley45,312,1467237420,Directing
2024-01-25 21:59:49-08:00,2024-01-25 21:46:24-08:00,oarellano,bradley45,312,1467240029,Directing
2024-01-25 21:59:49-08:00,2024-01-25 21:46:24-08:00,oarellano,bradley45,312,1467240029,Criticizing
2024-01-25 21:59:49-08:00,2024-01-25 21:59:49-08:00,oarellano,bradley45,312,1845088002,Criticizing
2024-01-25 21:59:49-08:00,2024-01-25 21:59:49-08:00,oarellano,bradley45,312,1845088002,Approving
2024-01-25 22:01:18-08:00,2024-01-25 22:01:18-08:00,oarellano,bradley45,312,1845101830,Empty
2024-01-25 22:01:36-08:00,2024-01-25 22:01:18-08:00,oarellano,bradley45,312,1467246630,Directing
2024-01-25 22:04:28-08:00,2024-01-25 22:04:28-08:00,oarellano,bradley45,312,1845103569,Empty
2024-01-25 22:04:28-08:00,2024-01-25 22:04:28-08:00,oarellano,bradley45,312,1467248020,Criticizing
2024-01-25 22:04:28-08:00,2024-01-25 22:04:28-08:00,oarellano,bradley45,312,1467248020,Updating
2024-01-26 09:47:34-08:00,2024-01-26 09:47:34-08:00,bradley45,bradley45,312,1846220179,Empty
2024-01-26 09:47:34-08:00,2024-01-26 09:47:34-08:00,bradley45,bradley45,312,1467946195,Explaining
2024-01-26 16:55:14-08:00,2024-01-26 16:55:14-08:00,hlawrence,bradley45,312,1846767690,Empty
2024-01-26 16:55:14-08:00,2024-01-26 16:55:14-08:00,hlawrence,bradley45,312,1468265475,Updating
2024-01-26 16:55:14-08:00,2024-01-26 16:55:14-08:00,hlawrence,bradley45,312,1468265475,Asking
2024-01-26 22:45:13-08:00,2024-01-26 22:45:13-08:00,bradley45,bradley45,312,1846895047,Empty
2024-01-26 22:45:14-08:00,2024-01-26 22:45:13-08:00,bradley45,bradley45,312,1468364952,Updating
2024-01-26 23:17:30-08:00,2024-01-26 23:17:30-08:00,bradley45,bradley45,312,1468375759,Updating
2024-01-26 23:17:30-08:00,2024-01-26 23:17:30-08:00,bradley45,bradley45,312,1846916867,Empty
2024-01-27 04:26:35-08:00,2024-01-27 04:26:35-08:00,bradley45,bradley45,312,1847075118,Empty
2024-01-27 04:26:35-08:00,2024-01-27 04:26:35-08:00,bradley45,bradley45,312,1468453663,Criticizing
2024-01-27 04:26:35-08:00,2024-01-27 04:26:35-08:00,bradley45,bradley45,312,1468453663,Updating
2024-01-28 18:44:52-08:00,2024-01-28 18:44:52-08:00,hlawrence,bradley45,312,1847746495,Approving
2024-01-28 18:44:52-08:00,2024-01-28 18:44:52-08:00,hlawrence,bradley45,312,1847746495,Thanking
2024-01-28 18:46:37-08:00,2024-01-28 18:46:36-08:00,hlawrence,bradley45,312,1469023315,Criticizing
2024-01-28 18:46:37-08:00,2024-01-28 18:46:37-08:00,hlawrence,bradley45,312,1847747479,Empty
2024-01-28 18:51:37-08:00,2024-01-28 18:51:37-08:00,bradley45,bradley45,312,1469025564,Updating
2024-01-28 18:51:37-08:00,2024-01-28 18:51:37-08:00,bradley45,bradley45,312,1847750728,Empty
2024-01-28 18:52:33-08:00,2024-01-28 18:52:33-08:00,hlawrence,bradley45,312,1469025873,Agreeing
2024-01-28 18:52:33-08:00,2024-01-28 18:52:33-08:00,hlawrence,bradley45,312,1847751239,Empty
2024-01-28 18:52:52-08:00,2024-01-28 18:52:52-08:00,hlawrence,bradley45,312,1847751417,Approving
2024-01-28 18:52:52-08:00,2024-01-28 18:52:52-08:00,hlawrence,bradley45,312,1847751417,Thanking
2024-01-28 18:56:16-08:00,2024-01-28 18:56:16-08:00,oarellano,bradley45,312,1847753289,Approving
2024-01-28 18:56:16-08:00,2024-01-28 18:56:16-08:00,oarellano,bradley45,312,1847753289,Thanking
2024-01-21 19:14:02-08:00,2024-01-21 19:06:12-08:00,bradley45,oarellano,313,1461306877,Criticizing
2024-01-21 19:14:02-08:00,2024-01-21 19:06:12-08:00,bradley45,oarellano,313,1461306877,Directing
2024-01-21 19:14:02-08:00,2024-01-21 19:06:12-08:00,bradley45,oarellano,313,1461306877,Criticizing
2024-01-21 19:14:02-08:00,2024-01-21 19:07:25-08:00,bradley45,oarellano,313,1461307326,Criticizing
2024-01-21 19:14:02-08:00,2024-01-21 19:07:53-08:00,bradley45,oarellano,313,1461307481,Directing
2024-01-21 19:14:02-08:00,2024-01-21 19:08:25-08:00,bradley45,oarellano,313,1461307713,Directing
2024-01-21 19:14:02-08:00,2024-01-21 19:12:08-08:00,bradley45,oarellano,313,1461310719,Updating
2024-01-21 19:14:02-08:00,2024-01-21 19:12:08-08:00,bradley45,oarellano,313,1461310719,Directing
2024-01-21 19:14:02-08:00,2024-01-21 19:13:36-08:00,bradley45,oarellano,313,1461311310,Directing
2024-01-21 19:14:02-08:00,2024-01-21 19:14:02-08:00,bradley45,oarellano,313,1835573898,Complimenting
2024-01-21 20:02:31-08:00,2024-01-21 19:45:27-08:00,robertcarr,oarellano,313,1461322808,Criticizing
2024-01-21 20:02:31-08:00,2024-01-21 19:45:27-08:00,robertcarr,oarellano,313,1461322808,Criticizing
2024-01-21 20:02:31-08:00,2024-01-21 20:02:31-08:00,robertcarr,oarellano,313,1835597240,Directing
2024-01-21 20:02:32-08:00,2024-01-21 19:45:57-08:00,robertcarr,oarellano,313,1461322959,Directing
2024-01-21 20:02:32-08:00,2024-01-21 20:02:08-08:00,robertcarr,oarellano,313,1461329048,Suggesting
2024-01-21 20:37:26-08:00,2024-01-21 19:56:36-08:00,rsmall,oarellano,313,1461326886,Directing
2024-01-21 20:37:26-08:00,2024-01-21 19:59:40-08:00,rsmall,oarellano,313,1461328099,Criticizing
2024-01-21 20:37:26-08:00,2024-01-21 20:05:17-08:00,rsmall,oarellano,313,1461330299,Criticizing
2024-01-21 20:37:26-08:00,2024-01-21 20:05:17-08:00,rsmall,oarellano,313,1461330299,Criticizing
2024-01-21 20:37:26-08:00,2024-01-21 20:05:17-08:00,rsmall,oarellano,313,1461330299,Directing
2024-01-21 20:37:26-08:00,2024-01-21 20:32:55-08:00,rsmall,oarellano,313,1461341515,Criticizing
2024-01-21 20:37:26-08:00,2024-01-21 20:32:55-08:00,rsmall,oarellano,313,1461341515,Directing
2024-01-21 20:37:26-08:00,2024-01-21 20:32:55-08:00,rsmall,oarellano,313,1461341515,Suggesting
2024-01-21 20:37:26-08:00,2024-01-21 20:33:59-08:00,rsmall,oarellano,313,1461341933,Directing
2024-01-21 20:37:26-08:00,2024-01-21 20:36:05-08:00,rsmall,oarellano,313,1461342745,Directing
2024-01-21 20:37:26-08:00,2024-01-21 20:36:05-08:00,rsmall,oarellano,313,1461342745,Directing
2024-01-21 20:37:26-08:00,2024-01-21 20:37:26-08:00,rsmall,oarellano,313,1835603041,Approving
2024-01-21 20:37:26-08:00,2024-01-21 20:37:26-08:00,rsmall,oarellano,313,1835603041,Criticizing
2024-01-22 16:09:55-08:00,2024-01-22 16:09:55-08:00,oarellano,oarellano,313,1837627570,Empty
2024-01-22 16:09:56-08:00,2024-01-22 16:09:55-08:00,oarellano,oarellano,313,1462575058,Asking
2024-01-22 16:09:56-08:00,2024-01-22 16:09:55-08:00,oarellano,oarellano,313,1462575058,Updating
2024-01-22 16:11:08-08:00,2024-01-22 16:11:08-08:00,oarellano,oarellano,313,1837628727,Empty
2024-01-22 16:11:08-08:00,2024-01-22 16:11:08-08:00,oarellano,oarellano,313,1462575879,Explaining
2024-01-22 16:11:08-08:00,2024-01-22 16:11:08-08:00,oarellano,oarellano,313,1462575879,Explaining
2024-01-23 13:17:38-08:00,2024-01-23 13:17:38-08:00,rsmall,oarellano,313,1839948356,Complimenting
2024-01-23 20:23:17-08:00,2024-01-23 20:21:26-08:00,bradley45,oarellano,313,1464290089,Directing
2024-01-23 20:23:17-08:00,2024-01-23 20:22:13-08:00,bradley45,oarellano,313,1464290407,Directing
2024-01-23 20:23:17-08:00,2024-01-23 20:23:17-08:00,bradley45,oarellano,313,1840391984,Approving
2024-01-26 09:42:45-08:00,2024-01-26 09:42:45-08:00,bradley45,oarellano,313,1846210911,Approving
2024-01-26 09:50:14-08:00,2024-01-26 09:50:14-08:00,rsmall,oarellano,313,1846228639,Empty
2024-01-26 09:50:15-08:00,2024-01-26 09:50:14-08:00,rsmall,oarellano,313,1467950467,Complimenting
2024-01-26 09:52:15-08:00,2024-01-26 09:52:15-08:00,rsmall,oarellano,313,1846232829,Empty
2024-01-26 09:52:16-08:00,2024-01-26 09:52:15-08:00,rsmall,oarellano,313,1467952764,Agreeing
2024-01-26 09:52:16-08:00,2024-01-26 09:52:15-08:00,rsmall,oarellano,313,1467952764,Disagreeing
2024-01-26 09:53:04-08:00,2024-01-26 09:53:04-08:00,rsmall,oarellano,313,1846233994,Approving
2024-01-26 17:18:32-08:00,2024-01-26 17:18:32-08:00,robertcarr,oarellano,313,1846774052,Approving
2024-01-26 17:18:32-08:00,2024-01-26 17:18:32-08:00,robertcarr,oarellano,313,1846774052,Thanking
2024-01-21 20:53:01-08:00,2024-01-21 20:53:01-08:00,robertcarr,bradley45,314,1835637961,Approving
2024-01-21 20:54:42-08:00,2024-01-21 20:54:42-08:00,oarellano,bradley45,314,1835638985,Approving
2024-01-21 20:58:17-08:00,2024-01-21 20:58:17-08:00,oarellano,robertcarr,315,1835641270,Approving
2024-01-21 21:23:27-08:00,2024-01-21 21:23:27-08:00,hlawrence,robertcarr,315,1835661261,Approving
2024-01-21 21:00:56-08:00,2024-01-21 21:00:56-08:00,bradley45,oarellano,316,1835643382,Asking
2024-01-21 21:26:15-08:00,2024-01-21 21:26:15-08:00,rsmall,oarellano,316,1835663456,Approving
2024-01-21 21:02:32-08:00,2024-01-21 21:02:20-08:00,bradley45,hlawrence,318,1461353789,Asking
2024-01-21 21:02:32-08:00,2024-01-21 21:02:32-08:00,bradley45,hlawrence,318,1835646037,Directing
2024-01-21 21:05:22-08:00,2024-01-21 21:05:22-08:00,robertcarr,hlawrence,318,1835648808,Approving
2024-01-21 21:05:22-08:00,2024-01-21 21:05:22-08:00,robertcarr,hlawrence,318,1835648808,Thanking
2024-01-21 21:09:37-08:00,2024-01-21 21:09:37-08:00,hlawrence,hlawrence,318,1461356961,Agreeing
2024-01-21 21:09:37-08:00,2024-01-21 21:09:37-08:00,hlawrence,hlawrence,318,1461356961,Updating
2024-01-21 21:09:37-08:00,2024-01-21 21:09:37-08:00,hlawrence,hlawrence,318,1835651634,Empty
2024-01-21 21:33:13-08:00,2024-01-21 21:33:13-08:00,hlawrence,hlawrence,318,1461368030,Updating
2024-01-21 21:33:13-08:00,2024-01-21 21:33:13-08:00,hlawrence,hlawrence,318,1835670130,Empty
2024-01-21 21:27:49-08:00,2024-01-21 21:27:49-08:00,oarellano,rsmall,319,1835664588,Approving
2024-01-21 21:41:56-08:00,2024-01-21 21:41:56-08:00,hlawrence,rsmall,319,1835677059,Approving
2024-01-21 21:41:58-08:00,2024-01-21 21:41:58-08:00,bradley45,rsmall,319,1835677065,Approving
2024-01-21 21:38:26-08:00,2024-01-21 21:38:26-08:00,bradley45,hlawrence,320,1835674100,Updating
2024-01-21 21:41:16-08:00,2024-01-21 21:41:16-08:00,rsmall,hlawrence,320,1835676522,Approving
2024-01-21 21:51:28-08:00,2024-01-21 21:51:28-08:00,rsmall,oarellano,321,1835686874,Approving
2024-01-21 21:52:31-08:00,2024-01-21 21:52:31-08:00,hlawrence,oarellano,321,1835688384,Encouraging
2024-01-26 09:43:47-08:00,2024-01-26 09:43:47-08:00,bradley45,robertcarr,324,1846212372,Updating
2024-01-26 09:43:47-08:00,2024-01-26 09:43:47-08:00,bradley45,robertcarr,324,1846212372,Approving
2024-01-26 10:54:58-08:00,2024-01-26 10:54:58-08:00,rsmall,robertcarr,324,1846361289,Updating
2024-01-25 10:53:30-08:00,2024-01-25 10:53:30-08:00,rsmall,robertcarr,326,1844426987,Approving
2024-01-25 10:53:30-08:00,2024-01-25 10:53:30-08:00,rsmall,robertcarr,326,1844426987,Updating
2024-01-25 12:46:02-08:00,2024-01-25 12:46:02-08:00,hlawrence,robertcarr,326,1466941934,Criticizing
2024-01-25 12:46:02-08:00,2024-01-25 12:46:02-08:00,hlawrence,robertcarr,326,1844649620,Empty
2024-01-25 12:46:12-08:00,2024-01-25 12:46:12-08:00,hlawrence,robertcarr,326,1466942084,Complimenting
2024-01-25 12:46:12-08:00,2024-01-25 12:46:12-08:00,hlawrence,robertcarr,326,1844650145,Empty
2024-01-25 12:46:30-08:00,2024-01-25 12:46:30-08:00,hlawrence,robertcarr,326,1466942324,Asking
2024-01-25 12:46:30-08:00,2024-01-25 12:46:30-08:00,hlawrence,robertcarr,326,1844651007,Empty
2024-01-25 12:46:56-08:00,2024-01-25 12:46:55-08:00,hlawrence,robertcarr,326,1466942693,Asking
2024-01-25 12:46:56-08:00,2024-01-25 12:46:56-08:00,hlawrence,robertcarr,326,1844652217,Empty
2024-01-25 12:47:10-08:00,2024-01-25 12:47:10-08:00,hlawrence,robertcarr,326,1844652913,Approving
2024-01-25 13:39:45-08:00,2024-01-25 13:39:45-08:00,robertcarr,robertcarr,326,1466989847,Updating
2024-01-25 13:39:45-08:00,2024-01-25 13:39:45-08:00,robertcarr,robertcarr,326,1844728262,Empty
2024-01-25 13:40:32-08:00,2024-01-25 13:40:32-08:00,robertcarr,robertcarr,326,1844729362,Empty
2024-01-25 13:40:45-08:00,2024-01-25 13:40:31-08:00,robertcarr,robertcarr,326,1466990562,Criticizing
2024-01-25 13:40:45-08:00,2024-01-25 13:40:31-08:00,robertcarr,robertcarr,326,1466990562,Criticizing
2024-01-25 13:41:19-08:00,2024-01-25 13:41:19-08:00,robertcarr,robertcarr,326,1844730430,Empty
2024-01-25 13:41:31-08:00,2024-01-25 13:41:19-08:00,robertcarr,robertcarr,326,1466991208,Updating
2024-01-27 12:18:31-08:00,2024-01-27 12:16:25-08:00,hlawrence,robertcarr,328,1468633785,Directing
2024-01-27 12:18:31-08:00,2024-01-27 12:18:31-08:00,hlawrence,robertcarr,328,1847258302,Thanking
2024-01-27 13:37:09-08:00,2024-01-27 13:37:09-08:00,robertcarr,robertcarr,328,1468659200,Thanking
2024-01-27 13:37:09-08:00,2024-01-27 13:37:09-08:00,robertcarr,robertcarr,328,1468659200,Complimenting
2024-01-27 13:37:09-08:00,2024-01-27 13:37:09-08:00,robertcarr,robertcarr,328,1847289099,Empty
2024-01-27 16:28:34-08:00,2024-01-27 16:28:34-08:00,oarellano,robertcarr,328,1847340091,Complimenting
2024-01-28 11:48:58-08:00,2024-01-28 11:48:58-08:00,hlawrence,robertcarr,328,1847620413,Approving
2024-01-25 19:08:00-08:00,2024-01-25 19:08:00-08:00,bradley45,hlawrence,331,1845018369,Suggesting
2024-01-25 19:08:57-08:00,2024-01-25 19:08:57-08:00,oarellano,hlawrence,331,1845018832,Approving
2024-01-26 17:14:22-08:00,2024-01-26 17:12:35-08:00,robertcarr,rsmall,337,1468269189,Approving
2024-01-26 17:14:22-08:00,2024-01-26 17:12:35-08:00,robertcarr,rsmall,337,1468269189,Thanking
2024-01-26 17:14:22-08:00,2024-01-26 17:14:22-08:00,robertcarr,rsmall,337,1846772474,Empty
2024-01-26 17:17:38-08:00,2024-01-26 17:14:11-08:00,robertcarr,rsmall,337,1468269483,Updating
2024-01-26 17:17:38-08:00,2024-01-26 17:14:11-08:00,robertcarr,rsmall,337,1468269483,Updating
2024-01-26 17:27:38-08:00,2024-01-26 17:27:38-08:00,hlawrence,rsmall,337,1846776054,Approving
2024-01-27 13:38:24-08:00,2024-01-27 13:38:24-08:00,robertcarr,hlawrence,338,1847289404,Approving
2024-01-27 13:38:24-08:00,2024-01-27 13:38:24-08:00,robertcarr,hlawrence,338,1847289404,Thanking
2024-01-28 12:37:50-08:00,2024-01-28 12:37:50-08:00,oarellano,hlawrence,338,1847626668,Approving
2024-01-28 19:08:44-08:00,2024-01-28 19:08:44-08:00,hlawrence,oarellano,340,1847760439,Empty
2024-01-28 19:09:26-08:00,2024-01-28 19:08:39-08:00,hlawrence,oarellano,340,1469032293,Updating
2024-01-28 19:09:26-08:00,2024-01-28 19:08:39-08:00,hlawrence,oarellano,340,1469032293,Approving
2024-01-28 19:09:26-08:00,2024-01-28 19:08:39-08:00,hlawrence,oarellano,340,1469032293,Directing
2024-01-28 19:09:26-08:00,2024-01-28 19:08:39-08:00,hlawrence,oarellano,340,1469032293,Directing
2024-01-28 19:09:26-08:00,2024-01-28 19:08:39-08:00,hlawrence,oarellano,340,1469032293,Updating
2024-01-28 19:12:37-08:00,2024-01-28 19:12:37-08:00,oarellano,oarellano,340,1847763098,Empty
2024-01-28 19:12:37-08:00,2024-01-28 19:12:37-08:00,oarellano,oarellano,340,1469034213,Updating
2024-01-28 19:12:37-08:00,2024-01-28 19:12:37-08:00,oarellano,oarellano,340,1469034213,Updating
2024-01-28 19:14:06-08:00,2024-01-28 19:14:06-08:00,hlawrence,oarellano,340,1469034729,Agreeing
2024-01-28 19:14:06-08:00,2024-01-28 19:14:06-08:00,hlawrence,oarellano,340,1847763936,Empty
2024-01-28 20:11:20-08:00,2024-01-28 20:02:49-08:00,bradley45,oarellano,340,1469052939,Directing
2024-01-28 20:11:20-08:00,2024-01-28 20:04:37-08:00,bradley45,oarellano,340,1469053500,Criticizing
2024-01-28 20:11:20-08:00,2024-01-28 20:04:37-08:00,bradley45,oarellano,340,1469053500,Criticizing
2024-01-28 20:11:20-08:00,2024-01-28 20:05:46-08:00,bradley45,oarellano,340,1469053886,Directing
2024-01-28 20:11:20-08:00,2024-01-28 20:06:15-08:00,bradley45,oarellano,340,1469054035,Directing
2024-01-28 20:11:20-08:00,2024-01-28 20:06:51-08:00,bradley45,oarellano,340,1469054217,Directing
2024-01-28 20:11:20-08:00,2024-01-28 20:07:12-08:00,bradley45,oarellano,340,1469054363,Directing
2024-01-28 20:11:20-08:00,2024-01-28 20:08:29-08:00,bradley45,oarellano,340,1469054931,Directing
2024-01-28 20:11:20-08:00,2024-01-28 20:08:55-08:00,bradley45,oarellano,340,1469055100,Directing
2024-01-28 20:11:20-08:00,2024-01-28 20:09:41-08:00,bradley45,oarellano,340,1469055409,Directing
2024-01-28 20:11:20-08:00,2024-01-28 20:11:20-08:00,bradley45,oarellano,340,1847791838,Criticizing
2024-01-28 20:11:20-08:00,2024-01-28 20:11:20-08:00,bradley45,oarellano,340,1847791838,Approving
2024-01-29 13:37:22-08:00,2024-01-29 13:37:22-08:00,hlawrence,oarellano,340,1849819882,Approving
2024-01-29 13:37:22-08:00,2024-01-29 13:37:22-08:00,hlawrence,oarellano,340,1849819882,Directing
2024-01-29 13:55:38-08:00,2024-01-29 13:55:38-08:00,bradley45,oarellano,340,1849848014,Thanking
2024-01-29 13:57:53-08:00,2024-01-29 13:57:53-08:00,hlawrence,oarellano,340,1849851041,Criticizing
2024-01-29 14:13:05-08:00,2024-01-29 14:13:05-08:00,rsmall,oarellano,340,1849873571,Updating
2024-01-29 14:13:05-08:00,2024-01-29 14:13:05-08:00,rsmall,oarellano,340,1849873571,Criticizing
2024-01-29 14:13:05-08:00,2024-01-29 14:13:05-08:00,rsmall,oarellano,340,1849873571,Directing
2024-01-29 14:13:05-08:00,2024-01-29 14:13:05-08:00,rsmall,oarellano,340,1849873571,Criticizing
2024-01-29 14:13:05-08:00,2024-01-29 14:13:05-08:00,rsmall,oarellano,340,1849873571,Directing
2024-01-29 20:01:09-08:00,2024-01-29 20:01:09-08:00,hlawrence,oarellano,340,1850187701,Thanking
2024-01-29 20:01:09-08:00,2024-01-29 20:01:09-08:00,hlawrence,oarellano,340,1850187701,Criticizing
2024-01-29 20:01:09-08:00,2024-01-29 20:01:09-08:00,hlawrence,oarellano,340,1850187701,Criticizing
2024-01-29 20:01:09-08:00,2024-01-29 20:01:09-08:00,hlawrence,oarellano,340,1850187701,Directing
2024-01-29 20:06:40-08:00,2024-01-29 20:06:40-08:00,hlawrence,oarellano,340,1850192081,Criticizing
2024-01-29 20:06:40-08:00,2024-01-29 20:06:40-08:00,hlawrence,oarellano,340,1850192081,Directing
2024-01-29 20:06:40-08:00,2024-01-29 20:06:40-08:00,hlawrence,oarellano,340,1850192081,Criticizing
2024-01-29 20:06:40-08:00,2024-01-29 20:06:40-08:00,hlawrence,oarellano,340,1850192081,Criticizing
2024-01-29 20:06:40-08:00,2024-01-29 20:06:40-08:00,hlawrence,oarellano,340,1850192081,Criticizing
2024-01-29 20:06:40-08:00,2024-01-29 20:06:40-08:00,hlawrence,oarellano,340,1850192081,Criticizing
2024-01-29 21:58:59-08:00,2024-01-29 21:32:45-08:00,rsmall,oarellano,340,1470611614,Criticizing
2024-01-29 21:58:59-08:00,2024-01-29 21:32:45-08:00,rsmall,oarellano,340,1470611614,Directing
2024-01-29 21:58:59-08:00,2024-01-29 21:37:39-08:00,rsmall,oarellano,340,1470614565,Explaining
2024-01-29 21:58:59-08:00,2024-01-29 21:56:39-08:00,rsmall,oarellano,340,1470627162,Criticizing
2024-01-29 21:58:59-08:00,2024-01-29 21:58:59-08:00,rsmall,oarellano,340,1850258643,Empty
2024-02-09 00:33:42-08:00,2024-02-09 00:15:27-08:00,bradley45,oarellano,340,1483992862,Directing
2024-02-09 00:33:42-08:00,2024-02-09 00:16:09-08:00,bradley45,oarellano,340,1483993464,Directing
2024-02-09 00:33:42-08:00,2024-02-09 00:16:28-08:00,bradley45,oarellano,340,1483993771,Directing
2024-02-09 00:33:42-08:00,2024-02-09 00:17:37-08:00,bradley45,oarellano,340,1483994864,Directing
2024-02-09 00:33:42-08:00,2024-02-09 00:18:34-08:00,bradley45,oarellano,340,1483995609,Directing
2024-02-09 00:33:42-08:00,2024-02-09 00:19:42-08:00,bradley45,oarellano,340,1483996611,Directing
2024-02-09 00:33:42-08:00,2024-02-09 00:20:45-08:00,bradley45,oarellano,340,1483997522,Directing
2024-02-09 00:33:42-08:00,2024-02-09 00:21:55-08:00,bradley45,oarellano,340,1483998547,Directing
2024-02-09 00:33:42-08:00,2024-02-09 00:22:32-08:00,bradley45,oarellano,340,1483999061,Directing
2024-02-09 00:33:42-08:00,2024-02-09 00:24:32-08:00,bradley45,oarellano,340,1484000929,Directing
2024-02-09 00:33:42-08:00,2024-02-09 00:26:41-08:00,bradley45,oarellano,340,1484003766,Criticizing
2024-02-09 00:33:42-08:00,2024-02-09 00:26:41-08:00,bradley45,oarellano,340,1484003766,Directing
2024-02-09 00:33:42-08:00,2024-02-09 00:28:38-08:00,bradley45,oarellano,340,1484005679,Directing
2024-02-09 00:33:42-08:00,2024-02-09 00:31:28-08:00,bradley45,oarellano,340,1484008609,Directing
2024-02-09 00:33:42-08:00,2024-02-09 00:33:42-08:00,bradley45,oarellano,340,1871857714,Updating
2024-02-09 20:49:47-08:00,2024-02-09 20:49:47-08:00,oarellano,oarellano,340,1484951979,Updating
2024-02-09 20:49:47-08:00,2024-02-09 20:49:47-08:00,oarellano,oarellano,340,1873400916,Empty
2024-02-09 22:43:19-08:00,2024-02-09 22:43:19-08:00,oarellano,oarellano,340,1484993348,Updating
2024-02-09 22:43:19-08:00,2024-02-09 22:43:19-08:00,oarellano,oarellano,340,1484993348,Explaining
2024-02-09 22:43:19-08:00,2024-02-09 22:43:19-08:00,oarellano,oarellano,340,1873487222,Empty
2024-02-09 23:52:19-08:00,2024-02-09 23:43:25-08:00,bradley45,oarellano,340,1484999957,Criticizing
2024-02-09 23:52:19-08:00,2024-02-09 23:43:25-08:00,bradley45,oarellano,340,1484999957,Directing
2024-02-09 23:52:19-08:00,2024-02-09 23:47:23-08:00,bradley45,oarellano,340,1485000398,Directing
2024-02-09 23:52:19-08:00,2024-02-09 23:47:40-08:00,bradley45,oarellano,340,1485000436,Directing
2024-02-09 23:52:19-08:00,2024-02-09 23:48:29-08:00,bradley45,oarellano,340,1485000508,Criticizing
2024-02-09 23:52:19-08:00,2024-02-09 23:48:29-08:00,bradley45,oarellano,340,1485000508,Directing
2024-02-09 23:52:19-08:00,2024-02-09 23:48:59-08:00,bradley45,oarellano,340,1485000600,Criticizing
2024-02-09 23:52:19-08:00,2024-02-09 23:48:59-08:00,bradley45,oarellano,340,1485000600,Directing
2024-02-09 23:52:19-08:00,2024-02-09 23:50:02-08:00,bradley45,oarellano,340,1485000733,Criticizing
2024-02-09 23:52:19-08:00,2024-02-09 23:50:21-08:00,bradley45,oarellano,340,1485000755,Directing
2024-02-09 23:52:19-08:00,2024-02-09 23:52:19-08:00,bradley45,oarellano,340,1873493583,Encouraging
2024-02-10 14:22:27-08:00,2024-02-10 14:22:27-08:00,rsmall,oarellano,340,1874270883,Criticizing
2024-02-10 14:22:27-08:00,2024-02-10 14:22:27-08:00,rsmall,oarellano,340,1874270883,Updating
2024-02-10 16:21:05-08:00,2024-02-10 16:21:05-08:00,rsmall,oarellano,340,1874282631,Empty
2024-02-11 16:15:36-08:00,2024-02-11 16:15:36-08:00,bradley45,oarellano,340,1485696118,Directing
2024-02-11 16:15:36-08:00,2024-02-11 16:15:36-08:00,bradley45,oarellano,340,1485696118,Directing
2024-02-11 16:15:36-08:00,2024-02-11 16:15:36-08:00,bradley45,oarellano,340,1485696118,Explaining
2024-02-11 16:15:36-08:00,2024-02-11 16:15:36-08:00,bradley45,oarellano,340,1485696118,Explaining
2024-02-11 16:15:36-08:00,2024-02-11 16:15:36-08:00,bradley45,oarellano,340,1874467530,Empty
2024-02-11 16:37:19-08:00,2024-02-11 16:37:19-08:00,bradley45,oarellano,340,1874472318,Empty
2024-02-11 16:37:19-08:00,2024-02-11 16:37:19-08:00,bradley45,oarellano,340,1485699690,Directing
2024-02-11 16:38:56-08:00,2024-02-11 16:37:41-08:00,bradley45,oarellano,340,1485699732,Criticizing
2024-02-11 16:38:56-08:00,2024-02-11 16:38:56-08:00,bradley45,oarellano,340,1874472385,Empty
2024-02-11 17:23:41-08:00,2024-02-11 17:23:41-08:00,oarellano,oarellano,340,1874482529,Empty
2024-02-11 17:23:42-08:00,2024-02-11 17:23:41-08:00,oarellano,oarellano,340,1485706956,Updating
2024-02-11 17:23:42-08:00,2024-02-11 17:23:41-08:00,oarellano,oarellano,340,1485706956,Updating
2024-02-11 17:23:58-08:00,2024-02-11 17:23:58-08:00,oarellano,oarellano,340,1874482579,Empty
2024-02-11 17:23:58-08:00,2024-02-11 17:23:58-08:00,oarellano,oarellano,340,1485706999,Criticizing
2024-02-11 19:33:29-08:00,2024-02-11 19:33:29-08:00,bradley45,oarellano,340,1874516781,Thanking
2024-02-11 19:34:34-08:00,2024-02-11 19:34:34-08:00,hlawrence,oarellano,340,1874517060,Empty
2024-01-28 18:49:09-08:00,2024-01-28 18:27:30-08:00,rsmall,hlawrence,342,1469016250,Directing
2024-01-28 18:49:09-08:00,2024-01-28 18:27:30-08:00,rsmall,hlawrence,342,1469016250,Suggesting
2024-01-28 18:49:09-08:00,2024-01-28 18:36:18-08:00,rsmall,hlawrence,342,1469019519,Directing
2024-01-28 18:49:09-08:00,2024-01-28 18:36:18-08:00,rsmall,hlawrence,342,1469019519,Directing
2024-01-28 18:49:09-08:00,2024-01-28 18:49:09-08:00,rsmall,hlawrence,342,1847736606,Criticizing
2024-01-28 18:56:30-08:00,2024-01-28 18:56:30-08:00,rsmall,hlawrence,342,1847753411,Approving
2024-01-28 18:56:30-08:00,2024-01-28 18:56:30-08:00,rsmall,hlawrence,342,1847753411,Complimenting
2024-01-28 19:21:48-08:00,2024-01-28 19:21:48-08:00,oarellano,hlawrence,342,1847768462,Approving
2024-01-28 19:44:35-08:00,2024-01-28 19:44:35-08:00,bradley45,hlawrence,342,1847782176,Updating
2024-01-28 19:18:12-08:00,2024-01-28 19:18:12-08:00,bradley45,rsmall,344,1847766527,Approving
2024-01-28 19:48:09-08:00,2024-01-28 19:48:09-08:00,bradley45,rsmall,344,1847784116,Approving
2024-01-28 20:14:19-08:00,2024-01-28 20:14:19-08:00,robertcarr,rsmall,344,1847798515,Empty
2024-01-28 19:45:16-08:00,2024-01-28 19:45:16-08:00,hlawrence,bradley45,345,1847782562,Approving
2024-01-28 19:56:55-08:00,2024-01-28 19:56:55-08:00,rsmall,bradley45,345,1847788835,Approving
2024-01-28 20:16:16-08:00,2024-01-28 20:16:16-08:00,oarellano,hlawrence,347,1847799865,Approving
2024-01-28 20:20:22-08:00,2024-01-28 20:20:22-08:00,bradley45,hlawrence,347,1847802206,Approving
2024-01-28 20:13:33-08:00,2024-01-28 20:13:33-08:00,robertcarr,rsmall,348,1847798079,Empty
2024-01-28 20:13:45-08:00,2024-01-28 20:13:45-08:00,bradley45,rsmall,348,1847798179,Updating
2024-01-28 20:22:34-08:00,2024-01-28 20:22:34-08:00,bradley45,rsmall,348,1847804830,Updating
2024-01-28 20:24:47-08:00,2024-01-28 20:24:47-08:00,robertcarr,rsmall,348,1847806726,Empty
2024-01-28 20:25:04-08:00,2024-01-28 20:25:04-08:00,oarellano,rsmall,348,1847806870,Encouraging
2024-01-28 20:14:16-08:00,2024-01-28 20:14:16-08:00,bradley45,robertcarr,349,1847798488,Complimenting
2024-01-28 20:15:18-08:00,2024-01-28 20:15:18-08:00,oarellano,robertcarr,349,1847799260,Complimenting
2024-01-28 20:15:34-08:00,2024-01-28 20:15:34-08:00,hlawrence,robertcarr,349,1847799426,Approving
2024-01-28 20:15:34-08:00,2024-01-28 20:15:34-08:00,hlawrence,robertcarr,349,1847799426,Thanking
2024-01-28 20:17:43-08:00,2024-01-28 20:17:43-08:00,rsmall,robertcarr,349,1847800727,Approving
2024-01-28 20:14:37-08:00,2024-01-28 20:14:37-08:00,robertcarr,oarellano,350,1847798686,Empty
2024-01-28 20:17:29-08:00,2024-01-28 20:17:29-08:00,hlawrence,oarellano,350,1847800575,Approving
2024-01-28 20:20:46-08:00,2024-01-28 20:20:46-08:00,bradley45,oarellano,350,1847802448,Approving
2024-03-09 13:56:55-08:00,2024-03-09 13:56:55-08:00,hlawrence,oarellano,351,1926321397,Approving
2024-03-09 13:56:55-08:00,2024-03-09 13:56:55-08:00,hlawrence,oarellano,351,1926321397,Criticizing
2024-03-09 13:56:56-08:00,2024-03-09 13:52:04-08:00,hlawrence,oarellano,351,1518669955,Directing
2024-03-09 13:56:56-08:00,2024-03-09 13:52:13-08:00,hlawrence,oarellano,351,1518669963,Directing
2024-03-09 13:56:56-08:00,2024-03-09 13:54:55-08:00,hlawrence,oarellano,351,1518670341,Directing
2024-03-09 13:56:56-08:00,2024-03-09 13:56:44-08:00,hlawrence,oarellano,351,1518670579,Criticizing
2024-03-09 13:56:56-08:00,2024-03-09 13:56:44-08:00,hlawrence,oarellano,351,1518670579,Suggesting
2024-03-09 13:56:56-08:00,2024-03-09 13:56:44-08:00,hlawrence,oarellano,351,1518670579,Suggesting
2024-03-10 16:02:11-07:00,2024-03-10 16:02:11-07:00,hlawrence,oarellano,351,1926720259,Approving
2024-03-10 16:02:11-07:00,2024-03-10 16:02:11-07:00,hlawrence,oarellano,351,1926720259,Thanking
2024-03-10 16:59:09-07:00,2024-03-10 16:49:15-07:00,rsmall,oarellano,351,1519013893,Directing
2024-03-10 16:59:09-07:00,2024-03-10 16:49:15-07:00,rsmall,oarellano,351,1519013893,Directing
2024-03-10 16:59:09-07:00,2024-03-10 16:52:33-07:00,rsmall,oarellano,351,1519014441,Directing
2024-03-10 16:59:09-07:00,2024-03-10 16:53:34-07:00,rsmall,oarellano,351,1519014623,Directing
2024-03-10 16:59:09-07:00,2024-03-10 16:57:16-07:00,rsmall,oarellano,351,1519015660,Directing
2024-03-10 16:59:09-07:00,2024-03-10 16:59:09-07:00,rsmall,oarellano,351,1926732604,Criticizing
2024-03-10 19:14:24-07:00,2024-03-10 19:14:24-07:00,rsmall,oarellano,351,1926813137,Empty
2024-03-10 19:33:16-07:00,2024-03-10 19:33:16-07:00,hlawrence,oarellano,351,1926823326,Empty
2024-03-10 19:38:09-07:00,2024-03-10 19:38:09-07:00,bradley45,oarellano,351,1926826003,Approving
2024-01-29 17:02:15-08:00,2024-01-29 17:02:15-08:00,bradley45,hlawrence,355,1850048336,Approving
2024-01-29 17:10:45-08:00,2024-01-29 17:10:45-08:00,robertcarr,hlawrence,355,1850056730,Thanking
2024-01-30 09:47:18-08:00,2024-01-30 09:47:18-08:00,robertcarr,hlawrence,357,1851975262,Directing
2024-01-30 09:53:34-08:00,2024-01-30 09:53:34-08:00,rsmall,hlawrence,357,1851987998,Complimenting
2024-01-30 09:53:34-08:00,2024-01-30 09:53:34-08:00,rsmall,hlawrence,357,1851987998,Thanking
2024-01-30 09:57:40-08:00,2024-01-30 09:57:40-08:00,robertcarr,hlawrence,357,1851995363,Criticizing
2024-01-30 10:24:17-08:00,2024-01-30 10:24:17-08:00,rsmall,hlawrence,357,1852053065,Approving
2024-01-30 10:24:37-08:00,2024-01-30 10:24:37-08:00,robertcarr,hlawrence,357,1852053562,Thanking
2024-01-29 18:35:01-08:00,2024-01-29 18:35:01-08:00,bradley45,rsmall,358,1850126089,Complimenting
2024-01-29 18:35:01-08:00,2024-01-29 18:35:01-08:00,bradley45,rsmall,358,1850126089,Approving
2024-01-29 18:35:53-08:00,2024-01-29 18:35:53-08:00,robertcarr,rsmall,358,1850126807,Approving
2024-01-29 18:35:53-08:00,2024-01-29 18:35:53-08:00,robertcarr,rsmall,358,1850126807,Thanking
2024-01-29 21:06:20-08:00,2024-01-29 21:06:20-08:00,robertcarr,rsmall,365,1850235787,Thanking
2024-01-29 21:27:43-08:00,2024-01-29 21:27:43-08:00,hlawrence,rsmall,365,1850253894,Empty
2024-02-02 16:15:26-08:00,2024-02-02 16:11:48-08:00,robertcarr,rsmall,395,1476887593,Criticizing
2024-02-02 16:15:26-08:00,2024-02-02 16:15:01-08:00,robertcarr,rsmall,395,1476888580,Directing
2024-02-02 16:15:26-08:00,2024-02-02 16:15:23-08:00,robertcarr,rsmall,395,1476888684,Explaining
2024-02-02 16:15:26-08:00,2024-02-02 16:15:26-08:00,robertcarr,rsmall,395,1860656098,Empty
2024-02-03 12:39:36-08:00,2024-02-03 12:39:36-08:00,rsmall,rsmall,395,1861121519,Empty
2024-02-03 12:39:36-08:00,2024-02-03 12:39:36-08:00,rsmall,rsmall,395,1477124032,Criticizing
2024-02-03 12:39:36-08:00,2024-02-03 12:39:36-08:00,rsmall,rsmall,395,1477124032,Explaining
2024-02-03 12:41:25-08:00,2024-02-03 12:41:25-08:00,rsmall,rsmall,395,1477124333,Complimenting
2024-02-03 12:41:25-08:00,2024-02-03 12:41:25-08:00,rsmall,rsmall,395,1477124333,Updating
2024-02-03 12:41:25-08:00,2024-02-03 12:41:25-08:00,rsmall,rsmall,395,1861121754,Empty
2024-02-03 15:17:41-08:00,2024-02-03 15:17:41-08:00,hlawrence,rsmall,395,1861133992,Approving
2024-02-03 15:17:41-08:00,2024-02-03 15:17:41-08:00,hlawrence,rsmall,395,1861133992,Criticizing
2024-02-03 15:17:42-08:00,2024-02-03 15:17:18-08:00,hlawrence,rsmall,395,1477138627,Complimenting
2024-02-03 15:17:42-08:00,2024-02-03 15:17:18-08:00,hlawrence,rsmall,395,1477138627,Thanking
2024-02-03 15:19:21-08:00,2024-02-03 15:16:34-08:00,hlawrence,rsmall,395,1477138536,Directing
2024-02-04 15:47:21-08:00,2024-02-04 15:47:21-08:00,robertcarr,rsmall,395,1861635023,Approving
2024-02-04 15:47:21-08:00,2024-02-04 15:47:21-08:00,robertcarr,rsmall,395,1861635023,Thanking
2024-02-04 16:16:41-08:00,2024-02-04 16:16:41-08:00,bradley45,rsmall,395,1477515074,Approving
2024-02-04 16:16:41-08:00,2024-02-04 16:16:41-08:00,bradley45,rsmall,395,1861648393,Empty
2024-02-04 17:53:16-08:00,2024-02-04 17:53:16-08:00,hlawrence,rsmall,395,1861723992,Approving
2024-02-01 18:41:06-08:00,2024-02-01 18:41:06-08:00,rsmall,robertcarr,396,1858141081,Directing
2024-02-09 15:39:35-08:00,2024-02-09 15:39:35-08:00,hlawrence,robertcarr,396,1873333534,Thanking
2024-02-09 15:41:41-08:00,2024-02-09 15:41:41-08:00,rsmall,robertcarr,396,1873334602,Thanking
2024-02-03 12:46:30-08:00,2024-02-03 12:46:30-08:00,rsmall,robertcarr,398,1861122147,Directing
2024-02-04 18:44:54-08:00,2024-02-04 18:43:56-08:00,hlawrence,robertcarr,398,1477605437,Directing
2024-02-04 18:44:54-08:00,2024-02-04 18:43:56-08:00,hlawrence,robertcarr,398,1477605437,Explaining
2024-02-04 18:44:54-08:00,2024-02-04 18:44:54-08:00,hlawrence,robertcarr,398,1861791094,Empty
2024-02-04 18:47:45-08:00,2024-02-04 18:46:35-08:00,bradley45,robertcarr,398,1477606760,Directing
2024-02-04 18:47:45-08:00,2024-02-04 18:47:45-08:00,bradley45,robertcarr,398,1861793517,Empty
2024-02-04 18:50:25-08:00,2024-02-04 18:50:25-08:00,robertcarr,robertcarr,398,1477609153,Agreeing
2024-02-04 18:50:25-08:00,2024-02-04 18:50:25-08:00,robertcarr,robertcarr,398,1861797331,Empty
2024-02-04 18:50:50-08:00,2024-02-04 18:50:50-08:00,robertcarr,robertcarr,398,1861798408,Empty
2024-02-04 18:50:50-08:00,2024-02-04 18:50:50-08:00,robertcarr,robertcarr,398,1477609765,Agreeing
2024-02-04 19:05:33-08:00,2024-02-04 19:05:33-08:00,bradley45,robertcarr,398,1861817601,Approving
2024-02-04 19:11:26-08:00,2024-02-04 19:11:26-08:00,rsmall,robertcarr,398,1861822278,Thanking
2024-02-04 19:12:27-08:00,2024-02-04 19:12:27-08:00,hlawrence,robertcarr,398,1861822887,Approving
2024-02-03 15:57:20-08:00,2024-02-03 15:57:20-08:00,hlawrence,rsmall,399,1861147043,Approving
2024-02-04 15:46:12-08:00,2024-02-04 15:44:21-08:00,robertcarr,rsmall,399,1477504103,Approving
2024-02-04 15:46:12-08:00,2024-02-04 15:46:04-08:00,robertcarr,rsmall,399,1477504356,Directing
2024-02-04 15:46:12-08:00,2024-02-04 15:46:12-08:00,robertcarr,rsmall,399,1861634399,Empty
2024-02-04 18:08:35-08:00,2024-02-04 18:08:35-08:00,hlawrence,rsmall,399,1861744677,Approving
2024-02-04 18:16:03-08:00,2024-02-04 18:16:03-08:00,robertcarr,rsmall,399,1861751994,Approving
2024-02-04 18:16:03-08:00,2024-02-04 18:16:03-08:00,robertcarr,rsmall,399,1861751994,Thanking
2024-02-06 12:37:15-08:00,2024-02-06 12:36:45-08:00,robertcarr,rsmall,401,1480509208,Directing
2024-02-06 12:37:15-08:00,2024-02-06 12:37:15-08:00,robertcarr,rsmall,401,1866271010,Thanking
2024-02-09 14:00:24-08:00,2024-02-09 13:58:08-08:00,robertcarr,rsmall,401,1484843219,Thanking
2024-02-09 14:00:24-08:00,2024-02-09 14:00:24-08:00,robertcarr,rsmall,401,1873258811,Empty
2024-02-09 14:03:28-08:00,2024-02-09 14:03:28-08:00,oarellano,rsmall,401,1873264037,Updating
2024-02-09 14:03:28-08:00,2024-02-09 14:03:28-08:00,oarellano,rsmall,401,1873264037,Agreeing
2024-02-03 16:45:47-08:00,2024-02-03 16:45:47-08:00,robertcarr,hlawrence,402,1861179441,Thanking
2024-02-04 15:34:56-08:00,2024-02-04 15:34:56-08:00,rsmall,hlawrence,402,1861626875,Encouraging
2024-02-04 16:14:40-08:00,2024-02-04 16:14:40-08:00,bradley45,hlawrence,402,1861647748,Complimenting
2024-02-03 16:42:30-08:00,2024-02-03 16:42:30-08:00,robertcarr,hlawrence,404,1861179187,Thanking
2024-02-03 16:42:30-08:00,2024-02-03 16:42:30-08:00,robertcarr,hlawrence,404,1861179187,Apologizing
2024-02-04 15:35:34-08:00,2024-02-04 15:35:34-08:00,rsmall,hlawrence,404,1861627010,Agreeing
2024-02-04 15:35:34-08:00,2024-02-04 15:35:34-08:00,rsmall,hlawrence,404,1861627010,Thanking
2024-02-04 16:15:47-08:00,2024-02-04 16:15:47-08:00,bradley45,hlawrence,404,1861648082,Complimenting
2024-02-04 16:17:16-08:00,2024-02-04 16:17:16-08:00,oarellano,bradley45,405,1861648570,Directing
2024-02-04 16:17:16-08:00,2024-02-04 16:17:16-08:00,oarellano,bradley45,405,1861648570,Approving
2024-02-04 16:17:25-08:00,2024-02-04 16:17:22-08:00,robertcarr,bradley45,405,1477515239,Directing
2024-02-04 16:17:25-08:00,2024-02-04 16:17:25-08:00,robertcarr,bradley45,405,1861648594,Empty
2024-02-04 17:27:38-08:00,2024-02-04 17:27:38-08:00,oarellano,bradley45,405,1861699013,Approving
2024-02-04 17:27:38-08:00,2024-02-04 17:27:38-08:00,oarellano,bradley45,405,1861699013,Thanking
2024-02-04 18:11:10-08:00,2024-02-04 18:11:10-08:00,robertcarr,bradley45,405,1861747884,Thanking
2024-02-04 19:20:33-08:00,2024-02-04 19:20:33-08:00,robertcarr,bradley45,406,1861828478,Empty
2024-02-04 19:21:10-08:00,2024-02-04 19:21:10-08:00,hlawrence,bradley45,406,1861828794,Approving
2024-02-04 19:34:27-08:00,2024-02-04 19:34:27-08:00,robertcarr,hlawrence,407,1861836130,Approving
2024-02-04 19:37:28-08:00,2024-02-04 19:37:28-08:00,rsmall,hlawrence,407,1861837899,Updating
2024-02-04 20:11:20-08:00,2024-02-04 20:11:20-08:00,oarellano,hlawrence,407,1861857002,Updating
2024-02-04 20:11:20-08:00,2024-02-04 20:11:20-08:00,oarellano,hlawrence,407,1861857002,Thanking
2024-02-05 13:09:29-08:00,2024-02-05 13:09:29-08:00,robertcarr,hlawrence,407,1863815872,Approving
2024-02-04 19:16:45-08:00,2024-02-04 19:16:45-08:00,hlawrence,rsmall,408,1861825936,Approving
2024-02-04 19:17:38-08:00,2024-02-04 19:17:38-08:00,bradley45,rsmall,408,1861826432,Approving
2024-02-04 19:28:46-08:00,2024-02-04 19:28:46-08:00,rsmall,hlawrence,410,1861832917,Updating
2024-02-04 19:28:54-08:00,2024-02-04 19:28:54-08:00,robertcarr,hlawrence,410,1861832980,Empty
2024-02-04 19:25:09-08:00,2024-02-04 19:25:09-08:00,hlawrence,robertcarr,411,1861830964,Approving
2024-02-04 19:25:09-08:00,2024-02-04 19:25:09-08:00,hlawrence,robertcarr,411,1861830964,Thanking
2024-02-04 19:30:27-08:00,2024-02-04 19:30:27-08:00,rsmall,robertcarr,411,1861833907,Updating
2024-02-04 19:33:53-08:00,2024-02-04 19:33:53-08:00,hlawrence,robertcarr,411,1861835850,Approving
2024-02-04 19:50:20-08:00,2024-02-04 19:50:20-08:00,robertcarr,rsmall,413,1861844809,Empty
2024-02-04 19:50:45-08:00,2024-02-04 19:50:45-08:00,hlawrence,rsmall,413,1861845042,Updating
2024-02-04 19:55:17-08:00,2024-02-04 19:55:17-08:00,hlawrence,oarellano,414,1861847414,Thanking
2024-02-04 19:56:11-08:00,2024-02-04 19:56:11-08:00,robertcarr,oarellano,414,1861847908,Empty
2024-02-08 11:39:20-08:00,2024-02-08 11:29:25-08:00,rsmall,bradley45,415,1483497940,Criticizing
2024-02-08 11:39:20-08:00,2024-02-08 11:29:25-08:00,rsmall,bradley45,415,1483497940,Updating
2024-02-08 11:39:20-08:00,2024-02-08 11:39:20-08:00,rsmall,bradley45,415,1871099634,Empty
2024-02-09 15:57:36-08:00,2024-02-09 15:42:05-08:00,robertcarr,bradley45,415,1484894668,Criticizing
2024-02-09 15:57:36-08:00,2024-02-09 15:42:05-08:00,robertcarr,bradley45,415,1484894668,Criticizing
2024-02-09 15:57:36-08:00,2024-02-09 15:43:44-08:00,robertcarr,bradley45,415,1484895323,Criticizing
2024-02-09 15:57:36-08:00,2024-02-09 15:43:44-08:00,robertcarr,bradley45,415,1484895323,Suggesting
2024-02-09 15:57:36-08:00,2024-02-09 15:44:36-08:00,robertcarr,bradley45,415,1484895667,Directing
2024-02-09 15:57:36-08:00,2024-02-09 15:49:13-08:00,robertcarr,bradley45,415,1484897395,Criticizing
2024-02-09 15:57:36-08:00,2024-02-09 15:57:25-08:00,robertcarr,bradley45,415,1484900113,Directing
2024-02-09 15:57:36-08:00,2024-02-09 15:57:25-08:00,robertcarr,bradley45,415,1484900113,Explaining
2024-02-09 15:57:36-08:00,2024-02-09 15:57:36-08:00,robertcarr,bradley45,415,1873334796,Directing
2024-02-10 12:11:09-08:00,2024-02-10 12:11:09-08:00,bradley45,bradley45,415,1874169340,Empty
2024-02-10 12:11:09-08:00,2024-02-10 12:11:09-08:00,bradley45,bradley45,415,1485241123,Updating
2024-02-10 12:11:27-08:00,2024-02-10 12:11:27-08:00,bradley45,bradley45,415,1874169735,Empty
2024-02-10 12:11:27-08:00,2024-02-10 12:11:27-08:00,bradley45,bradley45,415,1485241376,Updating
2024-02-10 12:12:07-08:00,2024-02-10 12:12:07-08:00,bradley45,bradley45,415,1874170583,Empty
2024-02-10 12:12:07-08:00,2024-02-10 12:12:07-08:00,bradley45,bradley45,415,1485241812,Updating
2024-02-10 12:25:06-08:00,2024-02-10 12:25:06-08:00,bradley45,bradley45,415,1485251225,Disagreeing
2024-02-10 12:25:06-08:00,2024-02-10 12:25:06-08:00,bradley45,bradley45,415,1485251225,Directing
2024-02-10 12:25:06-08:00,2024-02-10 12:25:06-08:00,bradley45,bradley45,415,1874188074,Empty
2024-02-10 12:25:24-08:00,2024-02-10 12:25:24-08:00,bradley45,bradley45,415,1874188466,Empty
2024-02-10 12:25:24-08:00,2024-02-10 12:25:24-08:00,bradley45,bradley45,415,1485251408,Directing
2024-02-11 18:17:32-08:00,2024-02-11 18:15:52-08:00,rsmall,bradley45,415,1485715672,Directing
2024-02-11 18:17:32-08:00,2024-02-11 18:17:32-08:00,rsmall,bradley45,415,1874496494,Approving
2024-02-11 18:28:33-08:00,2024-02-11 18:28:33-08:00,rsmall,bradley45,415,1874499891,Empty
2024-02-11 19:38:56-08:00,2024-02-11 19:38:56-08:00,robertcarr,bradley45,415,1874518245,Empty
2024-02-11 19:38:56-08:00,2024-02-11 19:38:56-08:00,robertcarr,bradley45,415,1485731231,Disagreeing
2024-02-11 19:39:46-08:00,2024-02-11 19:39:46-08:00,robertcarr,bradley45,415,1874518461,Empty
2024-02-11 19:39:51-08:00,2024-02-11 19:39:46-08:00,robertcarr,bradley45,415,1485731410,Disagreeing
2024-02-11 19:40:09-08:00,2024-02-11 19:40:09-08:00,robertcarr,bradley45,415,1874518579,Directing
2024-02-11 19:41:18-08:00,2024-02-11 19:41:18-08:00,bradley45,bradley45,415,1874518951,Empty
2024-02-11 19:41:18-08:00,2024-02-11 19:41:18-08:00,bradley45,bradley45,415,1485731811,Disagreeing
2024-02-11 19:41:47-08:00,2024-02-11 19:41:47-08:00,bradley45,bradley45,415,1485731924,Updating
2024-02-11 19:41:47-08:00,2024-02-11 19:41:47-08:00,bradley45,bradley45,415,1874519105,Empty
2024-02-11 19:42:18-08:00,2024-02-11 19:42:18-08:00,robertcarr,bradley45,415,1485732006,Agreeing
2024-02-11 19:42:18-08:00,2024-02-11 19:42:18-08:00,robertcarr,bradley45,415,1874519267,Empty
2024-02-11 19:42:47-08:00,2024-02-11 19:42:47-08:00,robertcarr,bradley45,415,1874519396,Empty
2024-02-09 14:25:57-08:00,2024-02-09 14:25:57-08:00,rsmall,hlawrence,416,1873283569,Updating
2024-02-09 15:33:38-08:00,2024-02-09 15:33:35-08:00,robertcarr,hlawrence,416,1484891500,Directing
2024-02-09 15:33:38-08:00,2024-02-09 15:33:35-08:00,robertcarr,hlawrence,416,1484891500,Explaining
2024-02-09 15:33:38-08:00,2024-02-09 15:33:38-08:00,robertcarr,hlawrence,416,1873330566,Empty
2024-02-10 14:38:51-08:00,2024-02-10 14:38:51-08:00,robertcarr,hlawrence,416,1874272340,Approving
2024-02-10 14:38:51-08:00,2024-02-10 14:38:51-08:00,robertcarr,hlawrence,416,1874272340,Thanking
2024-02-10 14:57:31-08:00,2024-02-10 14:57:31-08:00,rsmall,hlawrence,416,1874273741,Empty
2024-02-10 14:42:27-08:00,2024-02-10 14:40:58-08:00,robertcarr,hlawrence,422,1485340235,Asking
2024-02-10 14:42:27-08:00,2024-02-10 14:41:29-08:00,robertcarr,hlawrence,422,1485340461,Directing
2024-02-10 14:42:27-08:00,2024-02-10 14:41:42-08:00,robertcarr,hlawrence,422,1485340584,Approving
2024-02-10 14:42:27-08:00,2024-02-10 14:42:27-08:00,robertcarr,hlawrence,422,1874272572,Empty
2024-02-10 14:56:13-08:00,2024-02-10 14:56:13-08:00,rsmall,hlawrence,422,1874273623,Directing
2024-02-10 15:03:16-08:00,2024-02-10 15:03:16-08:00,hlawrence,hlawrence,422,1485350194,Asking
2024-02-10 15:03:16-08:00,2024-02-10 15:03:16-08:00,hlawrence,hlawrence,422,1874274129,Empty
2024-02-10 15:03:29-08:00,2024-02-10 15:03:29-08:00,hlawrence,hlawrence,422,1874274142,Empty
2024-02-10 15:03:35-08:00,2024-02-10 15:03:29-08:00,hlawrence,hlawrence,422,1485350282,Agreeing
2024-02-10 15:03:35-08:00,2024-02-10 15:03:29-08:00,hlawrence,hlawrence,422,1485350282,Complimenting
2024-02-11 15:42:26-08:00,2024-02-11 15:42:26-08:00,hlawrence,hlawrence,422,1485690625,Directing
2024-02-11 15:42:26-08:00,2024-02-11 15:42:26-08:00,hlawrence,hlawrence,422,1485690625,Updating
2024-02-11 15:42:26-08:00,2024-02-11 15:42:26-08:00,hlawrence,hlawrence,422,1874460985,Empty
2024-02-11 16:49:25-08:00,2024-02-11 16:49:25-08:00,robertcarr,hlawrence,422,1874474913,Approving
2024-02-11 16:49:25-08:00,2024-02-11 16:49:25-08:00,robertcarr,hlawrence,422,1874474913,Thanking
2024-02-11 20:07:39-08:00,2024-02-11 20:07:39-08:00,robertcarr,hlawrence,422,1874527322,Approving
2024-02-11 20:16:12-08:00,2024-02-11 20:15:52-08:00,rsmall,hlawrence,422,1485739745,Directing
2024-02-11 20:16:12-08:00,2024-02-11 20:16:12-08:00,rsmall,hlawrence,422,1874530447,Empty
2024-02-11 20:16:53-08:00,2024-02-11 20:16:53-08:00,rsmall,hlawrence,422,1874530808,Empty
2024-02-11 20:17:37-08:00,2024-02-11 20:17:37-08:00,bradley45,hlawrence,422,1874531052,Approving
2024-02-11 20:17:37-08:00,2024-02-11 20:17:37-08:00,bradley45,hlawrence,422,1874531052,Directing
2024-02-18 17:01:01-08:00,2024-02-18 17:01:01-08:00,robertcarr,hlawrence,422,1887393724,Directing
2024-03-05 16:50:28-08:00,2024-03-05 15:54:16-08:00,rsmall,hlawrence,422,1513636979,Directing
2024-03-05 16:50:28-08:00,2024-03-05 16:50:28-08:00,rsmall,hlawrence,422,1918344852,Empty
2024-03-05 16:56:29-08:00,2024-03-05 16:56:29-08:00,robertcarr,hlawrence,422,1918476603,Approving
2024-03-05 16:56:29-08:00,2024-03-05 16:56:29-08:00,robertcarr,hlawrence,422,1918476603,Thanking
2024-02-10 15:14:26-08:00,2024-02-10 15:04:17-08:00,rsmall,robertcarr,423,1485350620,Criticizing
2024-02-10 15:14:26-08:00,2024-02-10 15:05:52-08:00,rsmall,robertcarr,423,1485351235,Criticizing
2024-02-10 15:14:26-08:00,2024-02-10 15:07:42-08:00,rsmall,robertcarr,423,1485352011,Criticizing
2024-02-10 15:14:26-08:00,2024-02-10 15:14:14-08:00,rsmall,robertcarr,423,1485354802,Approving
2024-02-10 15:14:26-08:00,2024-02-10 15:14:26-08:00,rsmall,robertcarr,423,1874274190,Empty
2024-02-10 15:20:44-08:00,2024-02-10 15:17:59-08:00,hlawrence,robertcarr,423,1485356397,Criticizing
2024-02-10 15:20:44-08:00,2024-02-10 15:20:40-08:00,hlawrence,robertcarr,423,1485357646,Criticizing
2024-02-10 15:20:44-08:00,2024-02-10 15:20:40-08:00,hlawrence,robertcarr,423,1485357646,Criticizing
2024-02-10 15:20:44-08:00,2024-02-10 15:20:44-08:00,hlawrence,robertcarr,423,1874275709,Directing
2024-02-11 15:04:05-08:00,2024-02-11 15:04:05-08:00,rsmall,robertcarr,423,1874453440,Approving
2024-02-11 15:04:05-08:00,2024-02-11 15:04:05-08:00,rsmall,robertcarr,423,1874453440,Encouraging
2024-02-11 15:25:37-08:00,2024-02-11 15:25:37-08:00,hlawrence,robertcarr,423,1874457478,Approving
2024-02-11 15:25:37-08:00,2024-02-11 15:25:37-08:00,hlawrence,robertcarr,423,1874457478,Thanking
2024-02-11 18:15:50-08:00,2024-02-11 18:10:43-08:00,hlawrence,rsmall,426,1485714528,Directing
2024-02-11 18:15:50-08:00,2024-02-11 18:12:41-08:00,hlawrence,rsmall,426,1485714849,Criticizing
2024-02-11 18:15:50-08:00,2024-02-11 18:12:48-08:00,hlawrence,rsmall,426,1485714870,Directing
2024-02-11 18:15:50-08:00,2024-02-11 18:13:13-08:00,hlawrence,rsmall,426,1485714938,Complimenting
2024-02-11 18:15:50-08:00,2024-02-11 18:15:50-08:00,hlawrence,rsmall,426,1874494499,Approving
2024-02-11 18:15:50-08:00,2024-02-11 18:15:50-08:00,hlawrence,rsmall,426,1874494499,Criticizing
2024-02-11 19:26:38-08:00,2024-02-11 19:16:23-08:00,robertcarr,rsmall,426,1485726964,Criticizing
2024-02-11 19:26:38-08:00,2024-02-11 19:16:52-08:00,robertcarr,rsmall,426,1485727056,Directing
2024-02-11 19:26:38-08:00,2024-02-11 19:18:06-08:00,robertcarr,rsmall,426,1485727316,Directing
2024-02-11 19:26:38-08:00,2024-02-11 19:18:06-08:00,robertcarr,rsmall,426,1485727316,Criticizing
2024-02-11 19:26:38-08:00,2024-02-11 19:19:23-08:00,robertcarr,rsmall,426,1485727595,Thanking
2024-02-11 19:26:38-08:00,2024-02-11 19:26:38-08:00,robertcarr,rsmall,426,1874512127,Approving
2024-02-11 19:50:49-08:00,2024-02-11 19:50:49-08:00,robertcarr,rsmall,426,1874521801,Thanking
2024-02-11 19:55:43-08:00,2024-02-11 19:55:43-08:00,hlawrence,rsmall,426,1874523308,Empty
2024-02-11 21:04:43-08:00,2024-02-11 21:04:43-08:00,robertcarr,rsmall,426,1874549554,Approving
2024-02-11 21:06:20-08:00,2024-02-11 21:06:20-08:00,hlawrence,rsmall,426,1874550396,Approving
2024-02-11 19:45:31-08:00,2024-02-11 19:45:31-08:00,robertcarr,rsmall,427,1874520153,Empty
2024-02-11 20:03:00-08:00,2024-02-11 20:03:00-08:00,oarellano,rsmall,427,1874525657,Apologizing
2024-02-11 19:45:50-08:00,2024-02-11 19:45:50-08:00,robertcarr,bradley45,428,1874520256,Empty
2024-02-11 19:52:17-08:00,2024-02-11 19:52:17-08:00,rsmall,bradley45,428,1874522257,Approving
2024-02-11 20:08:57-08:00,2024-02-11 20:08:57-08:00,rsmall,oarellano,430,1874527796,Approving
2024-02-11 20:09:49-08:00,2024-02-11 20:09:49-08:00,hlawrence,oarellano,430,1874528103,Approving
2024-02-11 20:10:04-08:00,2024-02-11 20:10:04-08:00,bradley45,oarellano,430,1874528201,Updating
2024-02-11 20:06:06-08:00,2024-02-11 20:06:06-08:00,rsmall,robertcarr,431,1874526698,Approving
2024-02-11 20:07:38-08:00,2024-02-11 20:06:43-08:00,hlawrence,robertcarr,431,1485737327,Directing
2024-02-11 20:07:38-08:00,2024-02-11 20:07:38-08:00,hlawrence,robertcarr,431,1874526919,Empty
2024-02-11 20:53:41-08:00,2024-02-11 20:53:41-08:00,oarellano,hlawrence,432,1874544933,Approving
2024-02-11 20:55:18-08:00,2024-02-11 20:55:18-08:00,rsmall,hlawrence,432,1874545532,Approving
2024-02-11 21:12:34-08:00,2024-02-11 21:12:34-08:00,robertcarr,rsmall,433,1874553098,Approving
2024-02-11 21:14:34-08:00,2024-02-11 21:14:34-08:00,oarellano,rsmall,433,1874554007,Encouraging
2024-03-09 13:39:59-08:00,2024-03-09 12:37:36-08:00,hlawrence,rsmall,435,1518657179,Directing
2024-03-09 13:39:59-08:00,2024-03-09 12:37:36-08:00,hlawrence,rsmall,435,1518657179,Directing
2024-03-09 13:39:59-08:00,2024-03-09 13:02:53-08:00,hlawrence,rsmall,435,1518663142,Asking
2024-03-09 13:39:59-08:00,2024-03-09 13:02:58-08:00,hlawrence,rsmall,435,1518663148,Asking
2024-03-09 13:39:59-08:00,2024-03-09 13:19:41-08:00,hlawrence,rsmall,435,1518666283,Directing
2024-03-09 13:39:59-08:00,2024-03-09 13:30:12-08:00,hlawrence,rsmall,435,1518667478,Asking
2024-03-09 13:39:59-08:00,2024-03-09 13:30:12-08:00,hlawrence,rsmall,435,1518667478,Asking
2024-03-09 13:39:59-08:00,2024-03-09 13:33:47-08:00,hlawrence,rsmall,435,1518667855,Suggesting
2024-03-09 13:39:59-08:00,2024-03-09 13:34:02-08:00,hlawrence,rsmall,435,1518667876,Directing
2024-03-09 13:39:59-08:00,2024-03-09 13:36:52-08:00,hlawrence,rsmall,435,1518668156,Criticizing
2024-03-09 13:39:59-08:00,2024-03-09 13:36:52-08:00,hlawrence,rsmall,435,1518668156,Updating
2024-03-09 13:39:59-08:00,2024-03-09 13:36:52-08:00,hlawrence,rsmall,435,1518668156,Asking
2024-03-09 13:39:59-08:00,2024-03-09 13:39:59-08:00,hlawrence,rsmall,435,1926303083,Criticizing
2024-03-09 13:39:59-08:00,2024-03-09 13:39:59-08:00,hlawrence,rsmall,435,1926303083,Criticizing
2024-03-09 14:25:25-08:00,2024-03-09 14:25:25-08:00,rsmall,rsmall,435,1926325056,Empty
2024-03-09 14:25:25-08:00,2024-03-09 14:25:25-08:00,rsmall,rsmall,435,1518673951,Updating
2024-03-09 14:25:25-08:00,2024-03-09 14:25:25-08:00,rsmall,rsmall,435,1518673951,Updating
2024-03-09 14:31:40-08:00,2024-03-09 14:31:40-08:00,rsmall,rsmall,435,1926325699,Empty
2024-03-09 14:31:41-08:00,2024-03-09 14:31:40-08:00,rsmall,rsmall,435,1518674622,Updating
2024-03-09 14:34:31-08:00,2024-03-09 14:34:31-08:00,rsmall,rsmall,435,1518675106,Updating
2024-03-09 14:34:31-08:00,2024-03-09 14:34:31-08:00,rsmall,rsmall,435,1926326110,Empty
2024-03-10 15:02:29-07:00,2024-03-10 13:51:03-07:00,oarellano,rsmall,435,1518979178,Asking
2024-03-10 15:02:29-07:00,2024-03-10 15:02:29-07:00,oarellano,rsmall,435,1926696110,Complimenting
2024-03-10 15:02:29-07:00,2024-03-10 15:02:29-07:00,oarellano,rsmall,435,1926696110,Criticizing
2024-03-10 16:06:03-07:00,2024-03-10 16:06:03-07:00,rsmall,rsmall,435,1926720907,Empty
2024-03-10 16:06:04-07:00,2024-03-10 16:06:03-07:00,rsmall,rsmall,435,1519003008,Complimenting
2024-03-10 16:06:04-07:00,2024-03-10 16:06:03-07:00,rsmall,rsmall,435,1519003008,Thanking
2024-03-10 16:21:47-07:00,2024-03-10 16:21:47-07:00,hlawrence,rsmall,435,1926725766,Approving
2024-03-10 16:21:47-07:00,2024-03-10 16:21:47-07:00,hlawrence,rsmall,435,1926725766,Thanking
2024-03-10 16:48:11-07:00,2024-03-10 16:48:11-07:00,oarellano,rsmall,435,1926732395,Approving
2024-02-13 19:47:42-08:00,2024-02-13 19:47:42-08:00,rsmall,robertcarr,439,1879314774,Thanking
2024-02-13 19:55:46-08:00,2024-02-13 19:55:46-08:00,hlawrence,robertcarr,439,1879319588,Empty
2024-02-26 22:26:15-08:00,2024-02-26 22:12:46-08:00,rsmall,robertcarr,442,1503688379,Directing
2024-02-26 22:26:15-08:00,2024-02-26 22:15:01-08:00,rsmall,robertcarr,442,1503690053,Directing
2024-02-26 22:26:15-08:00,2024-02-26 22:17:22-08:00,rsmall,robertcarr,442,1503692220,Suggesting
2024-02-26 22:26:15-08:00,2024-02-26 22:26:15-08:00,rsmall,robertcarr,442,1902600856,Approving
2024-02-26 22:26:15-08:00,2024-02-26 22:26:15-08:00,rsmall,robertcarr,442,1902600856,Criticizing
2024-02-27 12:36:43-08:00,2024-02-27 12:36:43-08:00,robertcarr,robertcarr,442,1904760542,Empty
2024-02-27 12:36:43-08:00,2024-02-27 12:36:43-08:00,robertcarr,robertcarr,442,1504949546,Explaining
2024-02-27 12:36:54-08:00,2024-02-27 12:36:54-08:00,robertcarr,robertcarr,442,1504949790,Explaining
2024-02-27 12:36:54-08:00,2024-02-27 12:36:54-08:00,robertcarr,robertcarr,442,1904760801,Empty
2024-02-27 12:44:35-08:00,2024-02-27 12:44:34-08:00,robertcarr,robertcarr,442,1504960441,Updating
2024-02-27 12:44:35-08:00,2024-02-27 12:44:35-08:00,robertcarr,robertcarr,442,1904772525,Empty
2024-02-27 12:59:59-08:00,2024-02-27 12:55:45-08:00,bradley45,robertcarr,442,1504975296,Asking
2024-02-27 12:59:59-08:00,2024-02-27 12:57:21-08:00,bradley45,robertcarr,442,1504977633,Criticizing
2024-02-27 12:59:59-08:00,2024-02-27 12:59:45-08:00,bradley45,robertcarr,442,1504980854,Directing
2024-02-27 12:59:59-08:00,2024-02-27 12:59:59-08:00,bradley45,robertcarr,442,1904789050,Approving
2024-02-27 12:59:59-08:00,2024-02-27 12:59:59-08:00,bradley45,robertcarr,442,1904789050,Criticizing
2024-02-27 13:00:00-08:00,2024-02-27 12:57:39-08:00,bradley45,robertcarr,442,1504978068,Directing
2024-02-27 13:41:01-08:00,2024-02-27 13:41:01-08:00,robertcarr,robertcarr,442,1904865385,Empty
2024-02-27 13:41:01-08:00,2024-02-27 13:41:01-08:00,robertcarr,robertcarr,442,1505042399,Updating
2024-02-27 13:55:05-08:00,2024-02-27 13:55:05-08:00,rsmall,robertcarr,442,1904887967,Approving
2024-02-27 17:05:36-08:00,2024-02-27 17:05:36-08:00,bradley45,robertcarr,442,1905102308,Approving
2024-02-18 18:46:17-08:00,2024-02-18 18:46:17-08:00,robertcarr,rsmall,444,1887462211,Approving
2024-02-18 18:50:10-08:00,2024-02-18 18:50:10-08:00,oarellano,rsmall,444,1887464401,Approving
2024-03-09 15:19:57-08:00,2024-03-09 15:19:57-08:00,hlawrence,robertcarr,445,1926335791,Approving
2024-03-10 12:47:36-07:00,2024-03-10 12:47:36-07:00,oarellano,robertcarr,445,1926686928,Approving
2024-02-18 18:46:01-08:00,2024-02-18 18:46:01-08:00,robertcarr,rsmall,446,1887462056,Approving
2024-02-18 19:13:05-08:00,2024-02-18 19:13:05-08:00,hlawrence,rsmall,446,1887479468,Encouraging
2024-02-18 18:49:13-08:00,2024-02-18 18:49:13-08:00,rsmall,robertcarr,447,1887463874,Approving
2024-02-18 19:12:07-08:00,2024-02-18 19:12:07-08:00,hlawrence,robertcarr,447,1887478661,Approving
2024-02-18 19:11:33-08:00,2024-02-18 19:11:33-08:00,hlawrence,oarellano,448,1887478375,Thanking
2024-02-18 19:11:33-08:00,2024-02-18 19:11:33-08:00,hlawrence,oarellano,448,1887478375,Thanking
2024-02-18 19:17:55-08:00,2024-02-18 19:17:55-08:00,robertcarr,oarellano,448,1887482406,Empty
2024-02-27 17:04:38-08:00,2024-02-27 17:04:38-08:00,rsmall,hlawrence,449,1905076454,Empty
2024-02-27 17:04:39-08:00,2024-02-27 16:38:06-08:00,rsmall,hlawrence,449,1505188178,Suggesting
2024-02-27 17:04:39-08:00,2024-02-27 16:38:06-08:00,rsmall,hlawrence,449,1505188178,Directing
2024-02-27 17:04:39-08:00,2024-02-27 16:43:49-08:00,rsmall,hlawrence,449,1505192684,Criticizing
2024-02-27 17:04:39-08:00,2024-02-27 16:43:49-08:00,rsmall,hlawrence,449,1505192684,Asking
2024-02-27 17:04:39-08:00,2024-02-27 16:55:29-08:00,rsmall,hlawrence,449,1505199717,Directing
2024-02-27 17:04:39-08:00,2024-02-27 16:55:29-08:00,rsmall,hlawrence,449,1505199717,Explaining
2024-02-27 17:04:39-08:00,2024-02-27 17:02:17-08:00,rsmall,hlawrence,449,1505203630,Criticizing
2024-02-27 17:04:39-08:00,2024-02-27 17:02:17-08:00,rsmall,hlawrence,449,1505203630,Criticizing
2024-02-27 21:20:10-08:00,2024-02-27 21:20:10-08:00,hlawrence,hlawrence,449,1505374944,Approving
2024-02-27 21:20:10-08:00,2024-02-27 21:20:10-08:00,hlawrence,hlawrence,449,1505374944,Complimenting
2024-02-27 21:20:10-08:00,2024-02-27 21:20:10-08:00,hlawrence,hlawrence,449,1905341073,Empty
2024-02-27 21:20:31-08:00,2024-02-27 21:20:31-08:00,hlawrence,hlawrence,449,1905341715,Empty
2024-02-27 21:20:31-08:00,2024-02-27 21:20:31-08:00,hlawrence,hlawrence,449,1505375133,Agreeing
2024-02-28 14:03:32-08:00,2024-02-28 14:03:32-08:00,hlawrence,hlawrence,449,1907516236,Empty
2024-02-28 14:04:03-08:00,2024-02-28 14:03:32-08:00,hlawrence,hlawrence,449,1506719435,Updating
2024-03-03 09:48:50-08:00,2024-03-03 09:31:50-08:00,robertcarr,hlawrence,449,1510337075,Directing
2024-03-03 09:48:50-08:00,2024-03-03 09:31:50-08:00,robertcarr,hlawrence,449,1510337075,Asking
2024-03-03 09:48:50-08:00,2024-03-03 09:48:50-08:00,robertcarr,hlawrence,449,1913047395,Empty
2024-03-06 11:22:00-08:00,2024-03-06 11:22:00-08:00,rsmall,hlawrence,449,1920600792,Thanking
2024-03-06 11:23:30-08:00,2024-03-06 11:23:30-08:00,robertcarr,hlawrence,449,1920605629,Approving
2024-03-06 11:23:30-08:00,2024-03-06 11:23:30-08:00,robertcarr,hlawrence,449,1920605629,Updating
2024-03-06 13:48:45-08:00,2024-03-06 13:48:45-08:00,rsmall,hlawrence,449,1920895623,Empty
2024-03-06 14:09:22-08:00,2024-03-06 14:01:16-08:00,robertcarr,hlawrence,449,1515212228,Agreeing
2024-03-06 14:09:22-08:00,2024-03-06 14:04:56-08:00,robertcarr,hlawrence,449,1515215965,Directing
2024-03-06 14:09:22-08:00,2024-03-06 14:07:51-08:00,robertcarr,hlawrence,449,1515218714,Thanking
2024-03-06 14:09:22-08:00,2024-03-06 14:09:22-08:00,robertcarr,hlawrence,449,1920915038,Empty
2024-03-06 14:11:20-08:00,2024-03-06 14:11:20-08:00,robertcarr,hlawrence,449,1920933150,Approving
2024-02-18 19:13:06-08:00,2024-02-18 19:13:06-08:00,oarellano,hlawrence,450,1887479480,Empty
2024-02-18 19:17:25-08:00,2024-02-18 19:17:25-08:00,robertcarr,hlawrence,450,1887482129,Empty
2024-02-27 21:36:22-08:00,2024-02-27 21:33:44-08:00,hlawrence,rsmall,452,1505386026,Directing
2024-02-27 21:36:22-08:00,2024-02-27 21:34:21-08:00,hlawrence,rsmall,452,1505386526,Directing
2024-02-27 21:36:22-08:00,2024-02-27 21:34:33-08:00,hlawrence,rsmall,452,1505386628,Directing
2024-02-27 21:36:22-08:00,2024-02-27 21:35:09-08:00,hlawrence,rsmall,452,1505387000,Directing
2024-02-27 21:36:22-08:00,2024-02-27 21:35:20-08:00,hlawrence,rsmall,452,1505387088,Directing
2024-02-27 21:36:22-08:00,2024-02-27 21:35:38-08:00,hlawrence,rsmall,452,1505387252,Directing
2024-02-27 21:36:22-08:00,2024-02-27 21:36:22-08:00,hlawrence,rsmall,452,1905357881,Criticizing
2024-02-27 22:18:56-08:00,2024-02-27 22:18:56-08:00,oarellano,rsmall,452,1905401998,Approving
2024-02-27 22:30:59-08:00,2024-02-27 22:30:59-08:00,rsmall,rsmall,452,1905415337,Empty
2024-02-27 22:30:59-08:00,2024-02-27 22:30:59-08:00,rsmall,rsmall,452,1505424788,Updating
2024-02-27 22:34:05-08:00,2024-02-27 22:34:05-08:00,rsmall,rsmall,452,1905419697,Empty
2024-02-27 22:34:19-08:00,2024-02-27 22:34:05-08:00,rsmall,rsmall,452,1505427843,Updating
2024-02-28 08:54:54-08:00,2024-02-28 08:54:54-08:00,hlawrence,rsmall,452,1906782666,Approving
2024-02-28 14:39:54-08:00,2024-02-28 14:39:54-08:00,oarellano,rsmall,452,1907588448,Approving
2024-03-02 17:02:49-08:00,2024-03-02 14:28:21-08:00,rsmall,robertcarr,454,1510086287,Criticizing
2024-03-02 17:02:49-08:00,2024-03-02 14:29:24-08:00,rsmall,robertcarr,454,1510086422,Directing
2024-03-02 17:02:49-08:00,2024-03-02 14:30:32-08:00,rsmall,robertcarr,454,1510086530,Directing
2024-03-02 17:02:49-08:00,2024-03-02 14:40:14-08:00,rsmall,robertcarr,454,1510093045,Directing
2024-03-02 17:02:49-08:00,2024-03-02 14:42:54-08:00,rsmall,robertcarr,454,1510093360,Directing
2024-03-02 17:02:49-08:00,2024-03-02 14:46:57-08:00,rsmall,robertcarr,454,1510093876,Directing
2024-03-02 17:02:49-08:00,2024-03-02 17:02:49-08:00,rsmall,robertcarr,454,1912750264,Directing
2024-03-02 17:58:04-08:00,2024-03-02 17:58:04-08:00,robertcarr,robertcarr,454,1912814055,Empty
2024-03-02 17:58:04-08:00,2024-03-02 17:58:04-08:00,robertcarr,robertcarr,454,1510139518,Updating
2024-03-03 14:56:50-08:00,2024-03-03 14:43:19-08:00,bradley45,robertcarr,454,1510417332,Directing
2024-03-03 14:56:50-08:00,2024-03-03 14:45:25-08:00,bradley45,robertcarr,454,1510417667,Directing
2024-03-03 14:56:50-08:00,2024-03-03 14:56:02-08:00,bradley45,robertcarr,454,1510419609,Directing
2024-03-03 14:56:50-08:00,2024-03-03 14:56:16-08:00,bradley45,robertcarr,454,1510419670,Criticizing
2024-03-03 14:56:50-08:00,2024-03-03 14:56:50-08:00,bradley45,robertcarr,454,1913139632,Criticizing
2024-03-03 15:24:07-08:00,2024-03-03 15:24:07-08:00,rsmall,robertcarr,454,1913149030,Approving
2024-03-03 15:24:28-08:00,2024-03-03 15:24:28-08:00,bradley45,robertcarr,454,1913149082,Approving
2024-03-02 18:49:26-08:00,2024-03-02 18:29:06-08:00,robertcarr,bradley45,455,1510142538,Directing
2024-03-02 18:49:26-08:00,2024-03-02 18:29:17-08:00,robertcarr,bradley45,455,1510142546,Directing
2024-03-02 18:49:26-08:00,2024-03-02 18:29:56-08:00,robertcarr,bradley45,455,1510142587,Directing
2024-03-02 18:49:26-08:00,2024-03-02 18:29:56-08:00,robertcarr,bradley45,455,1510142587,Suggesting
2024-03-02 18:49:26-08:00,2024-03-02 18:31:26-08:00,robertcarr,bradley45,455,1510142707,Directing
2024-03-02 18:49:26-08:00,2024-03-02 18:31:26-08:00,robertcarr,bradley45,455,1510142707,Updating
2024-03-02 18:49:26-08:00,2024-03-02 18:47:12-08:00,robertcarr,bradley45,455,1510154007,Directing
2024-03-02 18:49:26-08:00,2024-03-02 18:47:12-08:00,robertcarr,bradley45,455,1510154007,Criticizing
2024-03-02 18:49:26-08:00,2024-03-02 18:47:41-08:00,robertcarr,bradley45,455,1510154117,Directing
2024-03-02 18:49:26-08:00,2024-03-02 18:47:41-08:00,robertcarr,bradley45,455,1510154117,Criticizing
2024-03-02 18:49:26-08:00,2024-03-02 18:48:15-08:00,robertcarr,bradley45,455,1510154145,Directing
2024-03-02 18:49:26-08:00,2024-03-02 18:49:26-08:00,robertcarr,bradley45,455,1912816337,Empty
2024-03-03 09:23:11-08:00,2024-03-03 09:22:07-08:00,robertcarr,bradley45,455,1510335493,Directing
2024-03-03 09:23:11-08:00,2024-03-03 09:23:06-08:00,robertcarr,bradley45,455,1510335622,Directing
2024-03-03 09:23:11-08:00,2024-03-03 09:23:06-08:00,robertcarr,bradley45,455,1510335622,Criticizing
2024-03-03 09:23:11-08:00,2024-03-03 09:23:11-08:00,robertcarr,bradley45,455,1913046096,Empty
2024-03-03 13:22:28-08:00,2024-03-03 13:22:28-08:00,bradley45,bradley45,455,1510401901,Suggesting
2024-03-03 13:22:28-08:00,2024-03-03 13:22:28-08:00,bradley45,bradley45,455,1913123911,Empty
2024-03-03 13:24:07-08:00,2024-03-03 13:24:07-08:00,bradley45,bradley45,455,1510402151,Suggesting
2024-03-03 13:24:07-08:00,2024-03-03 13:24:07-08:00,bradley45,bradley45,455,1913124148,Empty
2024-03-08 14:55:54-08:00,2024-03-08 14:55:54-08:00,bradley45,bradley45,455,1925982618,Empty
2024-03-08 14:55:55-08:00,2024-03-08 14:55:54-08:00,bradley45,bradley45,455,1518393179,Directing
2024-03-09 09:59:13-08:00,2024-03-02 08:46:06-08:00,rsmall,bradley45,455,1510003510,Directing
2024-03-09 09:59:13-08:00,2024-03-02 08:46:23-08:00,rsmall,bradley45,455,1510003578,Directing
2024-03-09 09:59:13-08:00,2024-03-02 08:51:00-08:00,rsmall,bradley45,455,1510004253,Criticizing
2024-03-09 09:59:13-08:00,2024-03-09 09:55:49-08:00,rsmall,bradley45,455,1518634233,Directing
2024-03-09 09:59:13-08:00,2024-03-09 09:57:25-08:00,rsmall,bradley45,455,1518634488,Directing
2024-03-09 09:59:13-08:00,2024-03-09 09:59:13-08:00,rsmall,bradley45,455,1912690901,Empty
2024-03-10 18:06:56-07:00,2024-03-10 18:06:56-07:00,bradley45,bradley45,455,1926772515,Empty
2024-03-10 18:06:56-07:00,2024-03-10 18:06:56-07:00,bradley45,bradley45,455,1519041310,Disagreeing
2024-03-10 18:07:28-07:00,2024-03-10 18:07:28-07:00,bradley45,bradley45,455,1926772741,Empty
2024-03-10 18:07:29-07:00,2024-03-10 18:07:28-07:00,bradley45,bradley45,455,1519041426,Directing
2024-03-10 18:33:54-07:00,2024-03-10 18:16:40-07:00,robertcarr,bradley45,455,1519044949,Directing
2024-03-10 18:33:54-07:00,2024-03-10 18:18:34-07:00,robertcarr,bradley45,455,1519045596,Directing
2024-03-10 18:33:54-07:00,2024-03-10 18:32:27-07:00,robertcarr,bradley45,455,1519050018,Directing
2024-03-10 18:33:54-07:00,2024-03-10 18:33:10-07:00,robertcarr,bradley45,455,1519050287,Directing
2024-03-10 18:33:54-07:00,2024-03-10 18:33:54-07:00,robertcarr,bradley45,455,1926777887,Criticizing
2024-03-10 18:34:46-07:00,2024-03-02 08:48:04-08:00,rsmall,bradley45,455,1510003817,Directing
2024-03-10 18:36:33-07:00,2024-03-10 18:36:20-07:00,robertcarr,bradley45,455,1519051274,Disagreeing
2024-03-10 18:36:33-07:00,2024-03-10 18:36:28-07:00,robertcarr,bradley45,455,1519051307,Disagreeing
2024-03-10 18:36:33-07:00,2024-03-10 18:36:33-07:00,robertcarr,bradley45,455,1926786956,Empty
2024-03-10 18:40:40-07:00,2024-03-10 18:40:40-07:00,bradley45,bradley45,455,1519052965,Directing
2024-03-10 18:40:40-07:00,2024-03-10 18:40:40-07:00,bradley45,bradley45,455,1926789280,Empty
2024-03-10 18:55:54-07:00,2024-03-10 18:55:54-07:00,rsmall,bradley45,455,1926799133,Approving
2024-03-10 19:32:35-07:00,2024-03-10 19:32:35-07:00,robertcarr,bradley45,455,1926822915,Approving
2024-03-10 20:13:22-07:00,2024-03-10 20:13:22-07:00,hlawrence,bradley45,455,1926846859,Empty
2024-03-10 20:18:48-07:00,2024-03-10 20:18:48-07:00,robertcarr,bradley45,455,1926849927,Thanking
2024-03-02 18:19:14-08:00,2024-03-02 18:19:14-08:00,hlawrence,oarellano,456,1912815614,Approving
2024-03-02 18:50:29-08:00,2024-03-02 18:50:29-08:00,robertcarr,oarellano,456,1912827697,Approving
2024-03-03 14:35:27-08:00,2024-03-03 14:35:27-08:00,bradley45,bradley45,458,1913137983,Empty
2024-03-03 14:35:27-08:00,2024-03-03 14:35:27-08:00,bradley45,bradley45,458,1510415651,Updating
2024-03-03 15:30:16-08:00,2024-03-03 15:30:09-08:00,rsmall,bradley45,458,1510427214,Directing
2024-03-03 15:30:16-08:00,2024-03-03 15:30:09-08:00,rsmall,bradley45,458,1510427214,Directing
2024-03-03 15:30:16-08:00,2024-03-03 15:30:16-08:00,rsmall,bradley45,458,1913150277,Empty
2024-03-03 15:33:15-08:00,2024-03-03 15:33:14-08:00,bradley45,bradley45,458,1510428384,Directing
2024-03-03 15:33:15-08:00,2024-03-03 15:33:15-08:00,bradley45,bradley45,458,1913151503,Empty
2024-03-03 16:50:06-08:00,2024-03-03 16:50:06-08:00,rsmall,bradley45,458,1913188596,Complimenting
2024-03-03 16:50:06-08:00,2024-03-03 16:50:06-08:00,rsmall,bradley45,458,1913188596,Thanking
2024-03-03 19:07:55-08:00,2024-03-03 19:07:55-08:00,hlawrence,bradley45,458,1913308253,Approving
2024-03-03 18:59:41-08:00,2024-03-03 18:59:41-08:00,hlawrence,bradley45,460,1913303462,Approving
2024-03-03 19:14:30-08:00,2024-03-03 19:14:30-08:00,robertcarr,bradley45,460,1913311991,Empty
2024-03-03 17:33:03-08:00,2024-03-03 17:33:03-08:00,hlawrence,rsmall,462,1913243147,Approving
2024-03-03 17:33:03-08:00,2024-03-03 17:33:03-08:00,hlawrence,rsmall,462,1913243147,Complimenting
2024-03-03 18:30:35-08:00,2024-03-03 18:30:35-08:00,oarellano,rsmall,462,1913279124,Approving
2024-03-03 18:30:35-08:00,2024-03-03 18:30:35-08:00,oarellano,rsmall,462,1913279124,Thanking
2024-03-15 15:29:51-07:00,2024-03-15 15:29:51-07:00,robertcarr,robertcarr,463,1940758851,Empty
2024-03-15 15:29:51-07:00,2024-03-15 15:29:51-07:00,robertcarr,robertcarr,463,1526917655,Updating
2024-03-15 15:29:51-07:00,2024-03-15 15:29:51-07:00,robertcarr,robertcarr,463,1526917655,Updating
2024-03-17 16:51:46-07:00,2024-03-17 16:51:46-07:00,rsmall,robertcarr,463,1941621027,Approving
2024-03-17 16:51:46-07:00,2024-03-17 16:51:46-07:00,rsmall,robertcarr,463,1941621027,Criticizing
2024-03-17 18:01:10-07:00,2024-03-17 18:01:10-07:00,rsmall,robertcarr,463,1941693501,Empty
2024-03-17 18:13:48-07:00,2024-03-17 18:13:48-07:00,oarellano,robertcarr,463,1941720578,Thanking
2024-03-17 18:13:48-07:00,2024-03-17 18:13:48-07:00,oarellano,robertcarr,463,1941720578,Approving
2024-03-03 18:59:01-08:00,2024-03-03 18:58:41-08:00,hlawrence,rsmall,464,1510539893,Directing
2024-03-03 18:59:01-08:00,2024-03-03 18:59:01-08:00,hlawrence,rsmall,464,1913302851,Updating
2024-03-03 19:14:21-08:00,2024-03-03 19:14:21-08:00,robertcarr,rsmall,464,1913311894,Empty
2024-03-03 19:18:51-08:00,2024-03-03 19:18:51-08:00,hlawrence,rsmall,464,1913314327,Approving
2024-03-03 19:18:56-08:00,2024-03-03 19:18:56-08:00,robertcarr,rsmall,464,1913314378,Empty
2024-03-03 19:17:46-08:00,2024-03-03 19:17:46-08:00,hlawrence,robertcarr,465,1913313741,Thanking
2024-03-03 19:19:39-08:00,2024-03-03 19:19:39-08:00,rsmall,robertcarr,465,1913314812,Complimenting
2024-03-03 19:17:44-08:00,2024-03-03 19:17:44-08:00,robertcarr,hlawrence,466,1913313727,Empty
2024-03-03 19:21:45-08:00,2024-03-03 19:21:45-08:00,rsmall,hlawrence,466,1913315928,Thanking
2024-03-03 19:18:31-08:00,2024-03-03 19:18:31-08:00,robertcarr,rsmall,467,1913314161,Empty
2024-03-03 19:19:29-08:00,2024-03-03 19:19:29-08:00,hlawrence,rsmall,467,1913314692,Approving
2024-03-03 19:34:43-08:00,2024-03-03 19:34:43-08:00,hlawrence,oarellano,468,1913322981,Approving
2024-03-03 19:35:35-08:00,2024-03-03 19:35:35-08:00,rsmall,oarellano,468,1913323453,Updating
2024-03-05 15:09:24-08:00,2024-03-05 15:09:23-08:00,oarellano,hlawrence,469,1513608460,Directing
2024-03-05 15:09:24-08:00,2024-03-05 15:09:24-08:00,oarellano,hlawrence,469,1918302853,Empty
2024-03-05 15:16:39-08:00,2024-03-05 15:16:39-08:00,rsmall,hlawrence,469,1918309711,Updating
2024-03-05 15:22:01-08:00,2024-03-05 15:22:01-08:00,rsmall,hlawrence,469,1918314810,Approving
2024-03-05 15:35:40-08:00,2024-03-05 15:35:40-08:00,oarellano,hlawrence,469,1918328029,Approving
2024-03-08 08:10:58-08:00,2024-03-08 08:05:29-08:00,rsmall,hlawrence,479,1517920847,Directing
2024-03-08 08:10:58-08:00,2024-03-08 08:05:29-08:00,rsmall,hlawrence,479,1517920847,Directing
2024-03-08 08:10:58-08:00,2024-03-08 08:05:29-08:00,rsmall,hlawrence,479,1517920847,Criticizing
2024-03-08 08:10:58-08:00,2024-03-08 08:10:58-08:00,rsmall,hlawrence,479,1925214758,Empty
2024-03-09 14:25:51-08:00,2024-03-09 14:17:41-08:00,robertcarr,hlawrence,479,1518673180,Directing
2024-03-09 14:25:51-08:00,2024-03-09 14:19:53-08:00,robertcarr,hlawrence,479,1518673405,Directing
2024-03-09 14:25:51-08:00,2024-03-09 14:25:09-08:00,robertcarr,hlawrence,479,1518673928,Directing
2024-03-09 14:25:51-08:00,2024-03-09 14:25:37-08:00,robertcarr,hlawrence,479,1518673968,Directing
2024-03-09 14:25:51-08:00,2024-03-09 14:25:51-08:00,robertcarr,hlawrence,479,1926324297,Empty
2024-03-10 16:13:45-07:00,2024-03-10 16:13:45-07:00,rsmall,hlawrence,479,1926722230,Empty
2024-03-10 18:08:10-07:00,2024-03-10 18:08:10-07:00,robertcarr,hlawrence,479,1926773024,Thanking
2024-03-08 15:26:27-08:00,2024-03-08 15:26:27-08:00,bradley45,rsmall,481,1926004823,Complimenting
2024-03-09 11:14:38-08:00,2024-03-09 11:14:38-08:00,robertcarr,rsmall,481,1926292906,Approving
2024-03-09 11:14:38-08:00,2024-03-09 11:14:38-08:00,robertcarr,rsmall,481,1926292906,Thanking
2024-03-09 09:40:36-08:00,2024-03-09 09:40:36-08:00,rsmall,bradley45,483,1926274529,Approving
2024-03-09 11:12:58-08:00,2024-03-09 11:12:58-08:00,robertcarr,bradley45,483,1926292721,Criticizing
2024-03-09 11:12:58-08:00,2024-03-09 11:12:58-08:00,robertcarr,bradley45,483,1926292721,Directing
2024-03-09 14:32:35-08:00,2024-03-09 14:32:30-08:00,robertcarr,bradley45,483,1518674759,Directing
2024-03-09 14:32:35-08:00,2024-03-09 14:32:35-08:00,robertcarr,bradley45,483,1926325800,Empty
2024-03-09 19:20:36-08:00,2024-03-09 19:20:36-08:00,bradley45,bradley45,483,1926370255,Empty
2024-03-09 19:20:36-08:00,2024-03-09 19:20:36-08:00,bradley45,bradley45,483,1518713221,Disagreeing
2024-03-10 18:15:28-07:00,2024-03-10 18:13:03-07:00,robertcarr,bradley45,483,1519043157,Directing
2024-03-10 18:15:28-07:00,2024-03-10 18:15:28-07:00,robertcarr,bradley45,483,1926775070,Empty
2024-03-10 18:22:34-07:00,2024-03-10 18:22:34-07:00,rsmall,bradley45,483,1926780559,Empty
2024-03-10 18:23:25-07:00,2024-03-10 18:23:25-07:00,robertcarr,bradley45,483,1926780960,Empty
2024-03-10 18:39:37-07:00,2024-03-10 18:39:37-07:00,robertcarr,rsmall,484,1926788621,Empty
2024-03-10 18:40:04-07:00,2024-03-10 18:40:04-07:00,hlawrence,rsmall,484,1926788949,Thanking
2024-03-10 18:40:04-07:00,2024-03-10 18:40:04-07:00,hlawrence,rsmall,484,1926788949,Approving
2024-03-10 19:06:55-07:00,2024-03-10 19:06:55-07:00,robertcarr,rsmall,484,1926806074,Empty
2024-03-10 19:14:03-07:00,2024-03-10 19:14:03-07:00,hlawrence,rsmall,484,1926812952,Empty
2024-03-10 18:36:53-07:00,2024-03-10 18:36:53-07:00,rsmall,hlawrence,485,1926787224,Approving
2024-03-10 18:37:31-07:00,2024-03-10 18:37:31-07:00,robertcarr,hlawrence,485,1926787545,Approving
2024-03-10 18:37:58-07:00,2024-03-10 18:37:58-07:00,robertcarr,hlawrence,485,1926787741,Criticizing
2024-03-10 19:07:08-07:00,2024-03-10 19:07:08-07:00,bradley45,hlawrence,485,1926806208,Approving
2024-03-10 19:27:31-07:00,2024-03-10 19:27:31-07:00,robertcarr,hlawrence,485,1926820103,Approving
2024-03-10 19:06:51-07:00,2024-03-10 19:06:32-07:00,rsmall,robertcarr,486,1519064717,Directing
2024-03-10 19:06:51-07:00,2024-03-10 19:06:51-07:00,rsmall,robertcarr,486,1926805857,Encouraging
2024-03-10 19:08:57-07:00,2024-03-10 19:08:56-07:00,bradley45,robertcarr,486,1519066417,Criticizing
2024-03-10 19:08:57-07:00,2024-03-10 19:08:57-07:00,bradley45,robertcarr,486,1926808227,Empty
2024-03-10 19:12:44-07:00,2024-03-10 19:12:44-07:00,hlawrence,robertcarr,486,1926812275,Approving
2024-03-10 19:17:14-07:00,2024-03-10 19:17:14-07:00,rsmall,robertcarr,486,1926814549,Empty
2024-03-10 19:04:29-07:00,2024-03-10 19:04:29-07:00,robertcarr,bradley45,487,1926804623,Empty
2024-03-10 19:13:25-07:00,2024-03-10 19:13:25-07:00,hlawrence,bradley45,487,1926812655,Approving
2024-03-10 19:28:25-07:00,2024-03-10 19:28:25-07:00,bradley45,hlawrence,488,1926820596,Approving
2024-03-10 19:28:53-07:00,2024-03-10 19:28:53-07:00,oarellano,hlawrence,488,1926820821,Approving
2024-03-10 19:28:58-07:00,2024-03-10 19:28:58-07:00,robertcarr,hlawrence,488,1926820866,Empty
2024-03-10 19:32:19-07:00,2024-03-10 19:32:19-07:00,hlawrence,oarellano,489,1926822799,Approving
2024-03-10 19:32:49-07:00,2024-03-10 19:32:49-07:00,robertcarr,oarellano,489,1926823061,Empty
2024-03-10 19:44:41-07:00,2024-03-10 19:44:41-07:00,hlawrence,rsmall,490,1926830535,Empty
2024-03-10 19:44:41-07:00,2024-03-10 19:44:41-07:00,hlawrence,rsmall,490,1519081783,Updating
2024-03-10 19:45:00-07:00,2024-03-10 19:45:00-07:00,hlawrence,rsmall,490,1926831107,Empty
2024-03-10 19:45:00-07:00,2024-03-10 19:45:00-07:00,hlawrence,rsmall,490,1519081995,Directing
2024-03-10 19:45:59-07:00,2024-03-10 19:45:59-07:00,hlawrence,rsmall,490,1926831700,Empty
2024-03-10 19:45:59-07:00,2024-03-10 19:45:59-07:00,hlawrence,rsmall,490,1519082444,Directing
2024-03-10 19:46:23-07:00,2024-03-10 19:46:23-07:00,hlawrence,rsmall,490,1926831960,Criticizing
2024-03-10 19:46:23-07:00,2024-03-10 19:46:23-07:00,hlawrence,rsmall,490,1926831960,Thanking
2024-03-10 19:47:18-07:00,2024-03-10 19:47:18-07:00,hlawrence,rsmall,490,1926832475,Approving
2024-03-10 19:47:18-07:00,2024-03-10 19:47:18-07:00,hlawrence,rsmall,490,1926832475,Thanking
2024-03-10 19:47:45-07:00,2024-03-10 19:47:45-07:00,oarellano,rsmall,490,1926832699,Empty
2024-03-15 12:58:28-07:00,2024-03-15 12:54:18-07:00,robertcarr,rsmall,491,1526773582,Complimenting
2024-03-15 12:58:28-07:00,2024-03-15 12:57:00-07:00,robertcarr,rsmall,491,1526775553,Criticizing
2024-03-15 12:58:28-07:00,2024-03-15 12:58:28-07:00,robertcarr,rsmall,491,1940379602,Empty
2024-03-15 13:45:00-07:00,2024-03-15 13:45:00-07:00,oarellano,rsmall,491,1940552359,Complimenting
2024-03-15 13:45:00-07:00,2024-03-15 13:45:00-07:00,oarellano,rsmall,491,1940552359,Approving
2024-03-16 09:38:56-07:00,2024-03-16 09:38:56-07:00,robertcarr,rsmall,491,1941146633,Approving
2024-03-16 11:59:43-07:00,2024-03-16 11:17:47-07:00,oarellano,hlawrence,493,1527211624,Asking
2024-03-16 11:59:43-07:00,2024-03-16 11:24:06-07:00,oarellano,hlawrence,493,1527212450,Asking
2024-03-16 11:59:43-07:00,2024-03-16 11:59:43-07:00,oarellano,hlawrence,493,1941278122,Empty
2024-03-16 14:12:44-07:00,2024-03-16 14:12:44-07:00,hlawrence,hlawrence,493,1527264525,Updating
2024-03-16 14:12:44-07:00,2024-03-16 14:12:44-07:00,hlawrence,hlawrence,493,1527264525,Updating
2024-03-16 14:12:44-07:00,2024-03-16 14:12:44-07:00,hlawrence,hlawrence,493,1941320890,Empty
2024-03-17 17:20:02-07:00,2024-03-17 17:18:09-07:00,bradley45,hlawrence,493,1527653478,Directing
2024-03-17 17:20:02-07:00,2024-03-17 17:18:56-07:00,bradley45,hlawrence,493,1527653645,Directing
2024-03-17 17:20:02-07:00,2024-03-17 17:19:15-07:00,bradley45,hlawrence,493,1527653690,Directing
2024-03-17 17:20:02-07:00,2024-03-17 17:20:02-07:00,bradley45,hlawrence,493,1941630176,Empty
2024-03-17 18:06:08-07:00,2024-03-17 16:28:19-07:00,robertcarr,hlawrence,493,1527641575,Updating
2024-03-17 18:06:08-07:00,2024-03-17 18:06:01-07:00,robertcarr,hlawrence,493,1527666569,Directing
2024-03-17 18:06:08-07:00,2024-03-17 18:06:08-07:00,robertcarr,hlawrence,493,1941615615,Empty
2024-03-17 18:46:17-07:00,2024-03-17 18:46:17-07:00,bradley45,hlawrence,493,1941793116,Complimenting
2024-03-17 19:08:50-07:00,2024-03-17 19:08:50-07:00,robertcarr,hlawrence,493,1941845041,Empty
2024-03-17 19:40:18-07:00,2024-03-17 19:40:18-07:00,robertcarr,hlawrence,493,1941886203,Empty
2024-03-17 19:41:51-07:00,2024-03-17 19:41:51-07:00,oarellano,hlawrence,493,1941887224,Approving
2024-03-17 19:43:00-07:00,2024-03-17 19:43:00-07:00,hlawrence,hlawrence,493,1527712094,Updating
2024-03-17 19:43:00-07:00,2024-03-17 19:43:00-07:00,hlawrence,hlawrence,493,1941887923,Empty
2024-03-17 19:43:14-07:00,2024-03-17 19:43:14-07:00,hlawrence,hlawrence,493,1527712276,Updating
2024-03-17 19:43:14-07:00,2024-03-17 19:43:14-07:00,hlawrence,hlawrence,493,1941888057,Empty
2024-03-23 12:21:57-07:00,2024-03-23 12:21:57-07:00,hlawrence,rsmall,496,1536680242,Asking
2024-03-23 12:21:57-07:00,2024-03-23 12:21:57-07:00,hlawrence,rsmall,496,1536680242,Updating
2024-03-23 12:21:57-07:00,2024-03-23 12:21:57-07:00,hlawrence,rsmall,496,1956424581,Empty
2024-03-23 12:22:13-07:00,2024-03-23 12:22:13-07:00,hlawrence,rsmall,496,1956424598,Approving
2024-03-23 12:22:13-07:00,2024-03-23 12:22:13-07:00,hlawrence,rsmall,496,1956424598,Thanking
2024-03-23 12:23:06-07:00,2024-03-23 11:26:15-07:00,robertcarr,rsmall,496,1536673399,Thanking
2024-03-23 12:23:06-07:00,2024-03-23 12:23:06-07:00,robertcarr,rsmall,496,1956418251,Empty
2024-03-23 12:31:53-07:00,2024-03-23 12:31:53-07:00,rsmall,rsmall,496,1536681462,Explaining
2024-03-23 12:31:53-07:00,2024-03-23 12:31:53-07:00,rsmall,rsmall,496,1536681462,Explaining
2024-03-23 12:31:53-07:00,2024-03-23 12:31:53-07:00,rsmall,rsmall,496,1536681462,Explaining
2024-03-23 12:31:53-07:00,2024-03-23 12:31:53-07:00,rsmall,rsmall,496,1536681462,Explaining
2024-03-23 12:31:53-07:00,2024-03-23 12:31:53-07:00,rsmall,rsmall,496,1536681462,Explaining
2024-03-23 12:31:53-07:00,2024-03-23 12:31:53-07:00,rsmall,rsmall,496,1536681462,Explaining
2024-03-23 12:31:53-07:00,2024-03-23 12:31:53-07:00,rsmall,rsmall,496,1956425563,Empty
2024-03-23 13:29:20-07:00,2024-03-23 13:29:20-07:00,hlawrence,rsmall,496,1536688575,Thanking
2024-03-23 13:29:20-07:00,2024-03-23 13:29:20-07:00,hlawrence,rsmall,496,1956432065,Empty
2024-03-17 16:26:22-07:00,2024-03-17 16:25:56-07:00,rsmall,robertcarr,498,1527641106,Thanking
2024-03-17 16:26:22-07:00,2024-03-17 16:26:22-07:00,rsmall,robertcarr,498,1941615127,Thanking
2024-03-17 16:45:51-07:00,2024-03-17 16:45:51-07:00,bradley45,robertcarr,498,1941619720,Encouraging
2024-03-17 16:45:51-07:00,2024-03-17 16:45:51-07:00,bradley45,robertcarr,498,1941619720,Updating
2024-03-17 17:01:06-07:00,2024-03-17 17:01:06-07:00,rsmall,oarellano,499,1941624740,Empty
2024-03-17 17:01:06-07:00,2024-03-17 17:01:06-07:00,rsmall,oarellano,499,1527649681,Asking
2024-03-24 16:29:13-07:00,2024-03-24 16:27:45-07:00,rsmall,oarellano,499,1536936161,Directing
2024-03-24 16:29:13-07:00,2024-03-24 16:27:45-07:00,rsmall,oarellano,499,1536936161,Explaining
2024-03-24 16:29:13-07:00,2024-03-24 16:28:28-07:00,rsmall,oarellano,499,1536936295,Suggesting
2024-03-24 16:29:13-07:00,2024-03-24 16:29:13-07:00,rsmall,oarellano,499,1956685494,Empty
2024-03-24 18:08:58-07:00,2024-03-24 18:08:58-07:00,rsmall,oarellano,499,1956721089,Approving
2024-03-24 18:20:42-07:00,2024-03-24 18:20:32-07:00,robertcarr,oarellano,499,1536964920,Updating
2024-03-24 18:20:42-07:00,2024-03-24 18:20:32-07:00,robertcarr,oarellano,499,1536964920,Updating
2024-03-24 18:20:42-07:00,2024-03-24 18:20:32-07:00,robertcarr,oarellano,499,1536964920,Updating
2024-03-24 18:20:42-07:00,2024-03-24 18:20:42-07:00,robertcarr,oarellano,499,1956726659,Empty
2024-03-17 16:54:29-07:00,2024-03-17 16:54:29-07:00,rsmall,bradley45,501,1941621651,Updating
2024-03-17 16:54:29-07:00,2024-03-17 16:54:29-07:00,rsmall,bradley45,501,1941621651,Updating
2024-03-17 18:07:41-07:00,2024-03-17 18:07:41-07:00,robertcarr,bradley45,501,1941707578,Empty
2024-03-17 18:26:29-07:00,2024-03-17 18:26:29-07:00,robertcarr,bradley45,503,1941748645,Empty
2024-03-17 18:26:45-07:00,2024-03-17 18:26:45-07:00,robertcarr,bradley45,503,1941749200,Approving
2024-03-17 18:26:45-07:00,2024-03-17 18:26:45-07:00,robertcarr,bradley45,503,1941749200,Thanking
2024-03-17 18:32:48-07:00,2024-03-17 18:32:48-07:00,hlawrence,bradley45,503,1941762529,Empty
2024-03-17 18:18:58-07:00,2024-03-17 18:18:58-07:00,robertcarr,rsmall,504,1941731949,Empty
2024-03-17 18:21:06-07:00,2024-03-17 18:21:06-07:00,hlawrence,rsmall,504,1941736641,Approving
2024-03-17 18:21:18-07:00,2024-03-17 18:21:18-07:00,bradley45,rsmall,504,1941737051,Updating
2024-03-30 19:21:26-07:00,2024-03-30 19:17:56-07:00,bradley45,oarellano,505,1545525723,Directing
2024-03-30 19:21:26-07:00,2024-03-30 19:20:24-07:00,bradley45,oarellano,505,1545525903,Directing
2024-03-30 19:21:26-07:00,2024-03-30 19:21:26-07:00,bradley45,oarellano,505,1970080876,Explaining
2024-03-30 20:55:19-07:00,2024-03-30 20:53:22-07:00,robertcarr,oarellano,505,1545535830,Agreeing
2024-03-30 20:55:19-07:00,2024-03-30 20:54:52-07:00,robertcarr,oarellano,505,1545536205,Directing
2024-03-30 20:55:19-07:00,2024-03-30 20:55:17-07:00,robertcarr,oarellano,505,1545536220,Asking
2024-03-30 20:55:19-07:00,2024-03-30 20:55:19-07:00,robertcarr,oarellano,505,1970089672,Empty
2024-03-30 21:35:37-07:00,2024-03-30 21:35:37-07:00,bradley45,oarellano,505,1545541253,Directing
2024-03-30 21:35:37-07:00,2024-03-30 21:35:37-07:00,bradley45,oarellano,505,1970096037,Empty
2024-03-30 21:39:29-07:00,2024-03-30 21:39:29-07:00,bradley45,oarellano,505,1970096348,Empty
2024-03-30 21:39:29-07:00,2024-03-30 21:39:29-07:00,bradley45,oarellano,505,1545541625,Directing
2024-04-01 10:48:26-07:00,2024-04-01 10:48:26-07:00,oarellano,oarellano,505,1971795304,Empty
2024-04-01 10:48:26-07:00,2024-04-01 10:48:26-07:00,oarellano,oarellano,505,1546642691,Disagreeing
2024-04-02 12:26:57-07:00,2024-04-02 12:26:57-07:00,bradley45,oarellano,505,1974835256,Approving
2024-04-05 10:45:54-07:00,2024-04-05 10:45:54-07:00,bradley45,oarellano,505,1983796452,Approving
2024-04-05 10:53:54-07:00,2024-04-05 10:53:54-07:00,robertcarr,oarellano,505,1983807927,Approving
2024-03-17 18:29:14-07:00,2024-03-17 18:29:14-07:00,robertcarr,bradley45,506,1941754797,Approving
2024-03-17 18:54:08-07:00,2024-03-17 18:54:08-07:00,oarellano,bradley45,506,1941811163,Approving
2024-03-17 19:09:50-07:00,2024-03-17 19:09:50-07:00,hlawrence,robertcarr,507,1941847367,Approving
2024-03-17 19:10:51-07:00,2024-03-17 19:10:51-07:00,oarellano,robertcarr,507,1941849731,Approving
2024-03-17 19:40:44-07:00,2024-03-17 19:40:44-07:00,robertcarr,oarellano,508,1941886507,Empty
2024-03-17 19:52:25-07:00,2024-03-17 19:52:25-07:00,hlawrence,oarellano,508,1941894526,Empty
2024-03-17 19:52:26-07:00,2024-03-17 19:52:21-07:00,hlawrence,oarellano,508,1527720176,Suggesting
2024-03-17 19:53:11-07:00,2024-03-17 19:53:11-07:00,hlawrence,oarellano,508,1527720947,Directing
2024-03-17 19:53:11-07:00,2024-03-17 19:53:11-07:00,hlawrence,oarellano,508,1941895046,Empty
2024-03-17 19:55:05-07:00,2024-03-17 19:55:05-07:00,robertcarr,oarellano,508,1941896178,Empty
2024-03-17 19:55:12-07:00,2024-03-17 19:55:12-07:00,hlawrence,oarellano,508,1941896252,Encouraging
2024-03-17 19:35:54-07:00,2024-03-17 19:35:54-07:00,hlawrence,oarellano,509,1941883452,Approving
2024-03-17 19:40:53-07:00,2024-03-17 19:40:53-07:00,robertcarr,oarellano,509,1941886610,Empty
2024-03-17 19:53:08-07:00,2024-03-17 19:53:08-07:00,oarellano,hlawrence,510,1941895015,Approving
2024-03-17 19:54:38-07:00,2024-03-17 19:54:38-07:00,robertcarr,hlawrence,510,1941895905,Empty
2024-03-23 10:02:27-07:00,2024-03-23 08:59:54-07:00,rsmall,robertcarr,511,1536653998,Criticizing
2024-03-23 10:02:27-07:00,2024-03-23 08:59:54-07:00,rsmall,robertcarr,511,1536653998,Directing
2024-03-23 10:02:27-07:00,2024-03-23 09:01:22-07:00,rsmall,robertcarr,511,1536654214,Directing
2024-03-23 10:02:27-07:00,2024-03-23 09:29:00-07:00,rsmall,robertcarr,511,1536657992,Updating
2024-03-23 10:02:27-07:00,2024-03-23 09:55:03-07:00,rsmall,robertcarr,511,1536661491,Directing
2024-03-23 10:02:27-07:00,2024-03-23 09:58:35-07:00,rsmall,robertcarr,511,1536661905,Criticizing
2024-03-23 10:02:27-07:00,2024-03-23 10:02:27-07:00,rsmall,robertcarr,511,1956399864,Empty
2024-03-23 10:58:21-07:00,2024-03-23 10:58:21-07:00,rsmall,robertcarr,511,1956414659,Approving
2024-03-23 12:01:41-07:00,2024-03-23 11:42:21-07:00,hlawrence,robertcarr,511,1536675527,Directing
2024-03-23 12:01:41-07:00,2024-03-23 11:49:08-07:00,hlawrence,robertcarr,511,1536676451,Criticizing
2024-03-23 12:01:41-07:00,2024-03-23 11:52:57-07:00,hlawrence,robertcarr,511,1536676871,Directing
2024-03-23 12:01:41-07:00,2024-03-23 11:52:57-07:00,hlawrence,robertcarr,511,1536676871,Directing
2024-03-23 12:01:41-07:00,2024-03-23 11:55:53-07:00,hlawrence,robertcarr,511,1536677253,Criticizing
2024-03-23 12:01:41-07:00,2024-03-23 11:55:53-07:00,hlawrence,robertcarr,511,1536677253,Directing
2024-03-23 12:01:41-07:00,2024-03-23 12:00:29-07:00,hlawrence,robertcarr,511,1536677851,Asking
2024-03-23 12:01:41-07:00,2024-03-23 12:01:41-07:00,hlawrence,robertcarr,511,1956420464,Directing
2024-03-23 12:01:41-07:00,2024-03-23 12:01:41-07:00,hlawrence,robertcarr,511,1956420464,Asking
2024-03-23 12:05:06-07:00,2024-03-23 12:05:06-07:00,hlawrence,robertcarr,511,1536678356,Directing
2024-03-23 12:05:06-07:00,2024-03-23 12:05:06-07:00,hlawrence,robertcarr,511,1956422858,Empty
2024-03-23 12:07:09-07:00,2024-03-23 12:07:09-07:00,hlawrence,robertcarr,511,1956423057,Empty
2024-03-23 12:09:43-07:00,2024-03-23 12:07:08-07:00,hlawrence,robertcarr,511,1536678593,Directing
2024-03-23 12:09:43-07:00,2024-03-23 12:07:08-07:00,hlawrence,robertcarr,511,1536678593,Criticizing
2024-03-23 12:24:17-07:00,2024-03-23 12:24:17-07:00,robertcarr,robertcarr,511,1536680542,Disagreeing
2024-03-23 12:24:17-07:00,2024-03-23 12:24:17-07:00,robertcarr,robertcarr,511,1956424776,Empty
2024-03-23 12:24:47-07:00,2024-03-23 12:24:47-07:00,robertcarr,robertcarr,511,1536680600,Agreeing
2024-03-23 12:24:47-07:00,2024-03-23 12:24:47-07:00,robertcarr,robertcarr,511,1956424834,Empty
2024-03-23 12:29:16-07:00,2024-03-23 12:29:16-07:00,robertcarr,robertcarr,511,1536681111,Disagreeing
2024-03-23 12:29:16-07:00,2024-03-23 12:29:16-07:00,robertcarr,robertcarr,511,1536681111,Explaining
2024-03-23 12:29:16-07:00,2024-03-23 12:29:16-07:00,robertcarr,robertcarr,511,1956425270,Empty
2024-03-23 12:30:46-07:00,2024-03-23 12:30:46-07:00,robertcarr,robertcarr,511,1536681361,Suggesting
2024-03-23 12:30:46-07:00,2024-03-23 12:30:46-07:00,robertcarr,robertcarr,511,1956425454,Empty
2024-03-24 17:29:42-07:00,2024-03-24 17:29:42-07:00,robertcarr,robertcarr,511,1536949608,Criticizing
2024-03-24 17:29:42-07:00,2024-03-24 17:29:42-07:00,robertcarr,robertcarr,511,1956703436,Empty
2024-03-24 17:29:54-07:00,2024-03-24 17:29:54-07:00,robertcarr,robertcarr,511,1536949703,Criticizing
2024-03-24 17:29:54-07:00,2024-03-24 17:29:54-07:00,robertcarr,robertcarr,511,1956703836,Empty
2024-03-24 18:19:16-07:00,2024-03-24 18:19:16-07:00,rsmall,robertcarr,511,1956726053,Approving
2024-03-24 18:29:06-07:00,2024-03-24 18:29:06-07:00,oarellano,robertcarr,511,1956731458,Empty
2024-03-24 18:29:07-07:00,2024-03-24 18:29:06-07:00,oarellano,robertcarr,511,1536968215,Criticizing
2024-03-24 18:30:59-07:00,2024-03-24 18:30:59-07:00,robertcarr,robertcarr,511,1956732446,Empty
2024-03-24 18:31:14-07:00,2024-03-24 18:30:59-07:00,robertcarr,robertcarr,511,1536969066,Agreeing
2024-03-24 18:37:30-07:00,2024-03-24 18:37:30-07:00,oarellano,robertcarr,511,1956744530,Approving
2024-03-24 18:41:10-07:00,2024-03-24 18:41:10-07:00,rsmall,robertcarr,511,1956749638,Empty
2024-03-24 10:05:51-07:00,2024-03-24 10:05:35-07:00,robertcarr,hlawrence,513,1536864380,Directing
2024-03-24 10:05:51-07:00,2024-03-24 10:05:51-07:00,robertcarr,hlawrence,513,1956607033,Approving
2024-03-24 19:13:05-07:00,2024-03-24 19:13:05-07:00,hlawrence,hlawrence,513,1536985967,Updating
2024-03-24 19:13:05-07:00,2024-03-24 19:13:05-07:00,hlawrence,hlawrence,513,1956767981,Empty
2024-03-24 19:19:57-07:00,2024-03-24 19:19:54-07:00,robertcarr,hlawrence,513,1536988516,Agreeing
2024-03-24 19:19:57-07:00,2024-03-24 19:19:57-07:00,robertcarr,hlawrence,513,1956772102,Empty
2024-03-24 19:20:05-07:00,2024-03-24 19:20:05-07:00,rsmall,hlawrence,513,1956772230,Empty
2024-03-24 18:51:04-07:00,2024-03-24 18:51:04-07:00,robertcarr,rsmall,515,1956755128,Empty
2024-03-24 19:17:09-07:00,2024-03-24 19:17:09-07:00,oarellano,rsmall,515,1956770384,Empty
2024-03-24 18:50:53-07:00,2024-03-24 18:50:53-07:00,rsmall,robertcarr,516,1956755040,Updating
2024-03-24 19:18:14-07:00,2024-03-24 19:18:14-07:00,oarellano,robertcarr,516,1956771063,Updating
2024-03-24 19:18:18-07:00,2024-03-24 19:18:18-07:00,rsmall,oarellano,517,1956771114,Empty
2024-03-24 19:22:12-07:00,2024-03-24 19:22:12-07:00,robertcarr,oarellano,517,1956773559,Empty
2024-03-24 19:26:26-07:00,2024-03-24 19:26:26-07:00,robertcarr,hlawrence,518,1956776454,Empty
2024-03-24 19:26:57-07:00,2024-03-24 19:26:57-07:00,oarellano,hlawrence,518,1956776770,Approving
2024-03-24 19:25:44-07:00,2024-03-24 19:25:44-07:00,robertcarr,rsmall,519,1956776035,Empty
2024-03-24 19:25:55-07:00,2024-03-24 19:25:55-07:00,hlawrence,rsmall,519,1956776126,Thanking
2024-03-26 17:35:04-07:00,2024-03-26 17:33:23-07:00,robertcarr,rsmall,520,1540286606,Directing
2024-03-26 17:35:04-07:00,2024-03-26 17:33:23-07:00,robertcarr,rsmall,520,1540286606,Criticizing
2024-03-26 17:35:04-07:00,2024-03-26 17:34:55-07:00,robertcarr,rsmall,520,1540287443,Criticizing
2024-03-26 17:35:04-07:00,2024-03-26 17:34:55-07:00,robertcarr,rsmall,520,1540287443,Directing
2024-03-26 17:35:04-07:00,2024-03-26 17:34:55-07:00,robertcarr,rsmall,520,1540287443,Directing
2024-03-26 17:35:04-07:00,2024-03-26 17:35:04-07:00,robertcarr,rsmall,520,1962019051,Criticizing
2024-03-26 19:03:17-07:00,2024-03-26 19:03:17-07:00,robertcarr,rsmall,520,1962119992,Approving
2024-03-26 19:03:17-07:00,2024-03-26 19:03:17-07:00,robertcarr,rsmall,520,1962119992,Complimenting
2024-03-27 09:53:47-07:00,2024-03-27 09:53:47-07:00,hlawrence,rsmall,520,1963932142,Approving
2024-03-26 19:44:31-07:00,2024-03-26 19:31:11-07:00,rsmall,hlawrence,521,1540375270,Criticizing
2024-03-26 19:44:31-07:00,2024-03-26 19:31:11-07:00,rsmall,hlawrence,521,1540375270,Suggesting
2024-03-26 19:44:31-07:00,2024-03-26 19:38:01-07:00,rsmall,hlawrence,521,1540378663,Asking
2024-03-26 19:44:31-07:00,2024-03-26 19:44:31-07:00,rsmall,hlawrence,521,1962140711,Empty
2024-03-27 09:54:55-07:00,2024-03-27 09:54:55-07:00,hlawrence,hlawrence,521,1963934560,Empty
2024-03-27 09:54:56-07:00,2024-03-27 09:54:55-07:00,hlawrence,hlawrence,521,1541492715,Updating
2024-03-27 09:55:11-07:00,2024-03-27 09:55:11-07:00,hlawrence,hlawrence,521,1963935128,Empty
2024-03-27 09:55:12-07:00,2024-03-27 09:55:11-07:00,hlawrence,hlawrence,521,1541493067,Agreeing
2024-03-27 11:06:47-07:00,2024-03-27 11:06:47-07:00,rsmall,hlawrence,521,1964140483,Thanking
2024-03-27 13:07:23-07:00,2024-03-27 13:07:23-07:00,robertcarr,hlawrence,521,1964640806,Approving
2024-03-30 16:12:51-07:00,2024-03-30 15:59:12-07:00,robertcarr,rsmall,523,1545508189,Explaining
2024-03-30 16:12:51-07:00,2024-03-30 15:59:12-07:00,robertcarr,rsmall,523,1545508189,Explaining
2024-03-30 16:12:51-07:00,2024-03-30 16:02:00-07:00,robertcarr,rsmall,523,1545508483,Criticizing
2024-03-30 16:12:51-07:00,2024-03-30 16:03:30-07:00,robertcarr,rsmall,523,1545508577,Asking
2024-03-30 16:12:51-07:00,2024-03-30 16:04:09-07:00,robertcarr,rsmall,523,1545508604,Directing
2024-03-30 16:12:51-07:00,2024-03-30 16:07:09-07:00,robertcarr,rsmall,523,1545508868,Directing
2024-03-30 16:12:51-07:00,2024-03-30 16:07:56-07:00,robertcarr,rsmall,523,1545508938,Criticizing
2024-03-30 16:12:51-07:00,2024-03-30 16:08:24-07:00,robertcarr,rsmall,523,1545508971,Approving
2024-03-30 16:12:51-07:00,2024-03-30 16:10:31-07:00,robertcarr,rsmall,523,1545509087,Asking
2024-03-30 16:12:51-07:00,2024-03-30 16:11:02-07:00,robertcarr,rsmall,523,1545509152,Directing
2024-03-30 16:12:51-07:00,2024-03-30 16:12:08-07:00,robertcarr,rsmall,523,1545509236,Directing
2024-03-30 16:12:51-07:00,2024-03-30 16:12:51-07:00,robertcarr,rsmall,523,1970066934,Approving
2024-03-30 16:12:51-07:00,2024-03-30 16:12:51-07:00,robertcarr,rsmall,523,1970066934,Criticizing
2024-03-30 16:23:09-07:00,2024-03-30 16:18:30-07:00,hlawrence,rsmall,523,1545509867,Agreeing
2024-03-30 16:23:09-07:00,2024-03-30 16:22:49-07:00,hlawrence,rsmall,523,1545510369,Directing
2024-03-30 16:23:09-07:00,2024-03-30 16:22:49-07:00,hlawrence,rsmall,523,1545510369,Directing
2024-03-30 16:23:09-07:00,2024-03-30 16:23:09-07:00,hlawrence,rsmall,523,1970068664,Approving
2024-03-30 19:24:12-07:00,2024-03-30 19:24:12-07:00,bradley45,rsmall,523,1970081291,Approving
2024-03-30 19:24:12-07:00,2024-03-30 19:24:12-07:00,bradley45,rsmall,523,1970081291,Criticizing
2024-03-31 12:15:26-07:00,2024-03-31 12:15:26-07:00,rsmall,rsmall,523,1545788119,Criticizing
2024-03-31 12:15:26-07:00,2024-03-31 12:15:26-07:00,rsmall,rsmall,523,1970394898,Empty
2024-03-31 12:17:30-07:00,2024-03-31 12:17:30-07:00,rsmall,rsmall,523,1970395167,Empty
2024-03-31 12:17:30-07:00,2024-03-31 12:17:30-07:00,rsmall,rsmall,523,1545788333,Explaining
2024-03-31 12:23:53-07:00,2024-03-31 12:23:53-07:00,rsmall,rsmall,523,1970395886,Empty
2024-03-31 12:23:53-07:00,2024-03-31 12:23:53-07:00,rsmall,rsmall,523,1545789168,Updating
2024-03-31 13:43:51-07:00,2024-03-31 13:43:51-07:00,rsmall,rsmall,523,1545799573,Complimenting
2024-03-31 13:43:51-07:00,2024-03-31 13:43:51-07:00,rsmall,rsmall,523,1970405025,Empty
2024-03-31 13:46:03-07:00,2024-03-31 13:46:03-07:00,rsmall,rsmall,523,1970405276,Empty
2024-03-31 13:46:04-07:00,2024-03-31 13:46:03-07:00,rsmall,rsmall,523,1545799809,Approving
2024-03-31 13:47:13-07:00,2024-03-31 13:47:13-07:00,rsmall,rsmall,523,1545799967,Updating
2024-03-31 13:47:13-07:00,2024-03-31 13:47:13-07:00,rsmall,rsmall,523,1970405449,Empty
2024-03-31 14:18:40-07:00,2024-03-31 14:18:40-07:00,rsmall,rsmall,523,1970408725,Empty
2024-03-31 14:18:54-07:00,2024-03-31 14:18:40-07:00,rsmall,rsmall,523,1545803796,Updating
2024-03-31 14:22:10-07:00,2024-03-31 14:22:10-07:00,rsmall,rsmall,523,1970409054,Empty
2024-03-31 14:22:21-07:00,2024-03-31 14:22:10-07:00,rsmall,rsmall,523,1545804171,Updating
2024-03-31 14:58:13-07:00,2024-03-31 14:58:13-07:00,robertcarr,rsmall,523,1970443955,Approving
2024-03-31 14:58:13-07:00,2024-03-31 14:58:13-07:00,robertcarr,rsmall,523,1970443955,Thanking
2024-03-31 15:46:14-07:00,2024-03-31 15:46:14-07:00,robertcarr,rsmall,523,1970500415,Empty
2024-03-31 21:10:58-07:00,2024-03-31 21:10:58-07:00,hlawrence,rsmall,523,1970629456,Approving
2024-03-30 20:56:44-07:00,2024-03-30 20:56:26-07:00,robertcarr,bradley45,526,1545536352,Directing
2024-03-30 20:56:44-07:00,2024-03-30 20:56:26-07:00,robertcarr,bradley45,526,1545536352,Criticizing
2024-03-30 20:56:44-07:00,2024-03-30 20:56:44-07:00,robertcarr,bradley45,526,1970090216,Empty
2024-03-31 21:28:32-07:00,2024-03-31 21:13:44-07:00,rsmall,bradley45,526,1545945671,Criticizing
2024-03-31 21:28:32-07:00,2024-03-31 21:28:23-07:00,rsmall,bradley45,526,1545950754,Explaining
2024-03-31 21:28:32-07:00,2024-03-31 21:28:23-07:00,rsmall,bradley45,526,1545950754,Explaining
2024-03-31 21:28:32-07:00,2024-03-31 21:28:32-07:00,rsmall,bradley45,526,1970630806,Empty
2024-03-31 21:28:58-07:00,2024-03-31 21:28:54-07:00,rsmall,bradley45,526,1545951004,Asking
2024-03-31 21:28:58-07:00,2024-03-31 21:28:58-07:00,rsmall,bradley45,526,1970638590,Empty
2024-04-02 11:56:19-07:00,2024-04-02 11:56:19-07:00,bradley45,bradley45,526,1548418176,Apologizing
2024-04-02 11:56:19-07:00,2024-04-02 11:56:19-07:00,bradley45,bradley45,526,1974684590,Empty
2024-04-02 11:56:32-07:00,2024-04-02 11:56:32-07:00,bradley45,bradley45,526,1548418689,Disagreeing
2024-04-02 11:56:32-07:00,2024-04-02 11:56:32-07:00,bradley45,bradley45,526,1974685343,Empty
2024-04-02 12:31:36-07:00,2024-04-02 12:31:36-07:00,robertcarr,bradley45,526,1974859708,Approving
2024-04-02 12:32:32-07:00,2024-04-02 12:32:32-07:00,rsmall,bradley45,526,1974864021,Empty
2024-04-02 13:11:27-07:00,2024-04-02 13:11:27-07:00,robertcarr,bradley45,526,1974935019,Directing
2024-04-02 13:52:56-07:00,2024-04-02 13:52:56-07:00,robertcarr,bradley45,526,1975006878,Thanking
2024-03-31 09:40:22-07:00,2024-03-31 09:36:23-07:00,robertcarr,hlawrence,527,1545732147,Criticizing
2024-03-31 09:40:22-07:00,2024-03-31 09:39:30-07:00,robertcarr,hlawrence,527,1545733214,Directing
2024-03-31 09:40:22-07:00,2024-03-31 09:40:20-07:00,robertcarr,hlawrence,527,1545733370,Directing
2024-03-31 09:40:22-07:00,2024-03-31 09:40:22-07:00,robertcarr,hlawrence,527,1970324713,Empty
2024-04-01 22:40:10-07:00,2024-04-01 22:40:10-07:00,oarellano,hlawrence,527,1972654842,Thanking
2024-04-01 22:40:10-07:00,2024-04-01 22:40:10-07:00,oarellano,hlawrence,527,1972654842,Complimenting
2024-04-02 09:39:38-07:00,2024-04-02 09:39:38-07:00,robertcarr,hlawrence,527,1974375212,Approving
2024-03-31 14:57:23-07:00,2024-03-31 14:50:41-07:00,rsmall,oarellano,528,1545810300,Directing
2024-03-31 14:57:23-07:00,2024-03-31 14:57:23-07:00,rsmall,oarellano,528,1970417816,Approving
2024-03-31 14:57:23-07:00,2024-03-31 14:57:23-07:00,rsmall,oarellano,528,1970417816,Criticizing
2024-03-31 15:02:22-07:00,2024-03-31 15:02:17-07:00,rsmall,oarellano,528,1545831396,Directing
2024-03-31 15:02:22-07:00,2024-03-31 15:02:22-07:00,rsmall,oarellano,528,1970459375,Empty
2024-03-31 15:57:31-07:00,2024-03-31 15:55:25-07:00,robertcarr,oarellano,528,1545859771,Asking
2024-03-31 15:57:31-07:00,2024-03-31 15:56:31-07:00,robertcarr,oarellano,528,1545859935,Directing
2024-03-31 15:57:31-07:00,2024-03-31 15:57:31-07:00,robertcarr,oarellano,528,1970501473,Empty
2024-04-01 11:38:20-07:00,2024-04-01 11:38:20-07:00,oarellano,oarellano,528,1546699898,Updating
2024-04-01 11:38:20-07:00,2024-04-01 11:38:20-07:00,oarellano,oarellano,528,1971893718,Empty
2024-04-01 11:57:15-07:00,2024-04-01 11:57:15-07:00,rsmall,oarellano,528,1971919604,Approving
2024-04-01 12:09:30-07:00,2024-04-01 12:09:15-07:00,robertcarr,oarellano,528,1546731982,Asking
2024-04-01 12:09:30-07:00,2024-04-01 12:09:28-07:00,robertcarr,oarellano,528,1546732285,Directing
2024-04-01 12:09:30-07:00,2024-04-01 12:09:30-07:00,robertcarr,oarellano,528,1971938467,Empty
2024-04-01 12:14:27-07:00,2024-04-01 12:14:26-07:00,oarellano,oarellano,528,1546737317,Disagreeing
2024-04-01 12:14:27-07:00,2024-04-01 12:14:27-07:00,oarellano,oarellano,528,1971946877,Empty
2024-04-01 12:18:54-07:00,2024-04-01 12:18:54-07:00,robertcarr,oarellano,528,1971955007,Empty
2024-04-01 12:19:00-07:00,2024-04-01 12:18:54-07:00,robertcarr,oarellano,528,1546742395,Updating
2024-04-01 16:41:27-07:00,2024-04-01 16:41:27-07:00,robertcarr,oarellano,528,1972351736,Approving
2024-04-01 16:41:27-07:00,2024-04-01 16:41:27-07:00,robertcarr,oarellano,528,1972351736,Complimenting
2024-04-01 16:43:36-07:00,2024-04-01 16:43:36-07:00,rsmall,oarellano,528,1972353292,Empty
2024-04-01 18:24:32-07:00,2024-04-01 18:24:32-07:00,hlawrence,oarellano,528,1972458908,Approving
2024-03-31 15:51:43-07:00,2024-03-31 15:51:43-07:00,robertcarr,rsmall,529,1970501084,Approving
2024-03-31 17:26:27-07:00,2024-03-31 17:26:27-07:00,oarellano,rsmall,529,1970514944,Approving
2024-03-31 17:27:21-07:00,2024-03-31 17:27:21-07:00,oarellano,robertcarr,530,1970515147,Empty
2024-03-31 19:30:52-07:00,2024-03-31 19:30:52-07:00,bradley45,robertcarr,530,1970562440,Approving
2024-03-31 19:30:22-07:00,2024-03-31 19:30:22-07:00,bradley45,oarellano,531,1970562208,Approving
2024-03-31 21:04:33-07:00,2024-03-31 21:04:33-07:00,rsmall,oarellano,531,1970626176,Empty
2024-03-31 21:29:55-07:00,2024-03-31 21:29:55-07:00,rsmall,bradley45,532,1970639146,Approving
2024-03-31 21:52:50-07:00,2024-03-31 21:52:50-07:00,hlawrence,bradley45,532,1970651972,Approving
2024-03-31 22:26:42-07:00,2024-03-31 22:26:42-07:00,oarellano,hlawrence,534,1970678556,Empty
2024-03-31 22:26:42-07:00,2024-03-31 22:26:42-07:00,oarellano,hlawrence,534,1545974153,Approving
2024-03-31 22:27:39-07:00,2024-03-31 22:27:39-07:00,oarellano,hlawrence,534,1970679269,Empty
2024-03-31 22:27:39-07:00,2024-03-31 22:27:39-07:00,oarellano,hlawrence,534,1545974590,Approving
2024-03-31 22:27:55-07:00,2024-03-31 22:27:55-07:00,rsmall,hlawrence,534,1970679517,Updating
2024-03-31 22:27:55-07:00,2024-03-31 22:27:55-07:00,oarellano,hlawrence,534,1970679519,Apologizing
2024-03-31 22:28:44-07:00,2024-03-31 22:28:41-07:00,robertcarr,hlawrence,534,1545975148,Directing
2024-03-31 22:28:44-07:00,2024-03-31 22:28:44-07:00,robertcarr,hlawrence,534,1970680067,Empty
2024-03-31 22:29:19-07:00,2024-03-31 22:28:37-07:00,hlawrence,hlawrence,534,1545975112,Directing
2024-03-31 22:29:19-07:00,2024-03-31 22:28:55-07:00,hlawrence,hlawrence,534,1545975261,Directing
2024-03-31 22:29:19-07:00,2024-03-31 22:29:19-07:00,hlawrence,hlawrence,534,1970680005,Empty
2024-03-31 22:30:53-07:00,2024-03-31 22:30:53-07:00,robertcarr,hlawrence,534,1970683670,Empty
2024-03-31 22:31:19-07:00,2024-03-31 22:31:19-07:00,oarellano,hlawrence,534,1970684495,Complimenting
2024-03-31 22:27:18-07:00,2024-03-31 22:27:18-07:00,hlawrence,robertcarr,535,1970678995,Thanking
2024-03-31 22:28:59-07:00,2024-03-31 22:28:59-07:00,rsmall,robertcarr,535,1970680276,Empty
2024-04-03 16:45:58-07:00,2024-04-03 15:50:20-07:00,rsmall,hlawrence,537,1550612866,Suggesting
2024-04-03 16:45:58-07:00,2024-04-03 15:52:16-07:00,rsmall,hlawrence,537,1550614436,Directing
2024-04-03 16:45:58-07:00,2024-04-03 15:53:13-07:00,rsmall,hlawrence,537,1550614928,Directing
2024-04-03 16:45:58-07:00,2024-04-03 16:00:28-07:00,rsmall,hlawrence,537,1550619964,Directing
2024-04-03 16:45:58-07:00,2024-04-03 16:00:28-07:00,rsmall,hlawrence,537,1550619964,Directing
2024-04-03 16:45:58-07:00,2024-04-03 16:04:10-07:00,rsmall,hlawrence,537,1550624514,Directing
2024-04-03 16:45:58-07:00,2024-04-03 16:05:08-07:00,rsmall,hlawrence,537,1550625472,Criticizing
2024-04-03 16:45:58-07:00,2024-04-03 16:08:02-07:00,rsmall,hlawrence,537,1550630650,Suggesting
2024-04-03 16:45:58-07:00,2024-04-03 16:08:02-07:00,rsmall,hlawrence,537,1550630650,Directing
2024-04-03 16:45:58-07:00,2024-04-03 16:08:02-07:00,rsmall,hlawrence,537,1550630650,Directing
2024-04-03 16:45:58-07:00,2024-04-03 16:43:36-07:00,rsmall,hlawrence,537,1550649909,Updating
2024-04-03 16:45:58-07:00,2024-04-03 16:43:36-07:00,rsmall,hlawrence,537,1550649909,Updating
2024-04-03 16:45:58-07:00,2024-04-03 16:43:36-07:00,rsmall,hlawrence,537,1550649909,Suggesting
2024-04-03 16:45:58-07:00,2024-04-03 16:45:58-07:00,rsmall,hlawrence,537,1978237273,Empty
2024-04-03 16:49:40-07:00,2024-04-03 16:49:40-07:00,hlawrence,hlawrence,537,1978305036,Empty
2024-04-03 16:49:40-07:00,2024-04-03 16:49:40-07:00,hlawrence,hlawrence,537,1550652833,Agreeing
2024-04-03 16:50:18-07:00,2024-04-03 16:50:18-07:00,hlawrence,hlawrence,537,1978305484,Empty
2024-04-03 16:50:19-07:00,2024-04-03 16:50:18-07:00,hlawrence,hlawrence,537,1550653172,Updating
2024-04-03 16:51:06-07:00,2024-04-03 16:51:06-07:00,hlawrence,hlawrence,537,1978305975,Empty
2024-04-03 16:51:06-07:00,2024-04-03 16:51:06-07:00,hlawrence,hlawrence,537,1550653557,Agreeing
2024-04-03 16:52:02-07:00,2024-04-03 16:52:01-07:00,hlawrence,hlawrence,537,1550653955,Updating
2024-04-03 16:52:02-07:00,2024-04-03 16:52:02-07:00,hlawrence,hlawrence,537,1978306554,Empty
2024-04-03 16:52:33-07:00,2024-04-03 16:52:33-07:00,hlawrence,hlawrence,537,1550654236,Asking
2024-04-03 16:52:33-07:00,2024-04-03 16:52:33-07:00,hlawrence,hlawrence,537,1978306894,Empty
2024-04-03 17:10:09-07:00,2024-04-03 17:10:09-07:00,rsmall,hlawrence,537,1978319172,Empty
2024-04-03 17:10:10-07:00,2024-04-03 17:10:09-07:00,rsmall,hlawrence,537,1550662998,Disagreeing
2024-04-04 23:24:15-07:00,2024-04-04 23:24:15-07:00,rsmall,hlawrence,537,1552988824,Disagreeing
2024-04-04 23:24:15-07:00,2024-04-04 23:24:15-07:00,rsmall,hlawrence,537,1552988824,Suggesting
2024-04-04 23:24:15-07:00,2024-04-04 23:24:15-07:00,rsmall,hlawrence,537,1552988824,Directing
2024-04-04 23:24:15-07:00,2024-04-04 23:24:15-07:00,rsmall,hlawrence,537,1982034887,Empty
2024-04-06 10:18:22-07:00,2024-04-06 10:18:22-07:00,oarellano,hlawrence,537,1984589188,Updating
2024-04-06 10:46:20-07:00,2024-04-06 10:46:20-07:00,bradley45,hlawrence,537,1984592306,Thanking
2024-04-06 11:30:53-07:00,2024-04-06 11:30:53-07:00,robertcarr,hlawrence,537,1984598482,Empty
2024-04-06 11:59:35-07:00,2024-04-06 11:59:35-07:00,rsmall,hlawrence,537,1984601493,Empty
2024-04-05 11:22:09-07:00,2024-04-05 11:12:16-07:00,robertcarr,rsmall,538,1554078689,Directing
2024-04-05 11:22:09-07:00,2024-04-05 11:14:39-07:00,robertcarr,rsmall,538,1554080967,Directing
2024-04-05 11:22:09-07:00,2024-04-05 11:15:01-07:00,robertcarr,rsmall,538,1554081292,Directing
2024-04-05 11:22:09-07:00,2024-04-05 11:16:27-07:00,robertcarr,rsmall,538,1554082461,Explaining
2024-04-05 11:22:09-07:00,2024-04-05 11:16:27-07:00,robertcarr,rsmall,538,1554082461,Directing
2024-04-05 11:22:09-07:00,2024-04-05 11:16:27-07:00,robertcarr,rsmall,538,1554082461,Directing
2024-04-05 11:22:09-07:00,2024-04-05 11:16:44-07:00,robertcarr,rsmall,538,1554082696,Directing
2024-04-05 11:22:09-07:00,2024-04-05 11:17:24-07:00,robertcarr,rsmall,538,1554083346,Explaining
2024-04-05 11:22:09-07:00,2024-04-05 11:17:24-07:00,robertcarr,rsmall,538,1554083346,Explaining
2024-04-05 11:22:09-07:00,2024-04-05 11:17:51-07:00,robertcarr,rsmall,538,1554083737,Directing
2024-04-05 11:22:09-07:00,2024-04-05 11:18:24-07:00,robertcarr,rsmall,538,1554084230,Criticizing
2024-04-05 11:22:09-07:00,2024-04-05 11:21:48-07:00,robertcarr,rsmall,538,1554088202,Criticizing
2024-04-05 11:22:09-07:00,2024-04-05 11:21:48-07:00,robertcarr,rsmall,538,1554088202,Explaining
2024-04-05 11:22:09-07:00,2024-04-05 11:22:09-07:00,robertcarr,rsmall,538,1983837464,Empty
2024-04-05 13:02:18-07:00,2024-04-05 13:02:17-07:00,rsmall,rsmall,538,1554225100,Agreeing
2024-04-05 13:02:18-07:00,2024-04-05 13:02:17-07:00,rsmall,rsmall,538,1554225100,Updating
2024-04-05 13:02:18-07:00,2024-04-05 13:02:18-07:00,rsmall,rsmall,538,1984077452,Empty
2024-04-06 10:01:27-07:00,2024-04-06 10:01:26-07:00,hlawrence,rsmall,538,1554640736,Asking
2024-04-06 10:01:27-07:00,2024-04-06 10:01:27-07:00,hlawrence,rsmall,538,1984586890,Empty
2024-04-06 10:02:22-07:00,2024-04-06 10:02:22-07:00,hlawrence,rsmall,538,1984586984,Approving
2024-04-05 22:21:18-07:00,2024-04-05 22:21:18-07:00,rsmall,hlawrence,539,1984444221,Empty
2024-04-05 22:23:15-07:00,2024-04-05 22:23:15-07:00,oarellano,hlawrence,539,1984444422,Empty
2024-04-06 11:51:53-07:00,2024-04-06 11:51:53-07:00,rsmall,robertcarr,541,1984600724,Approving
2024-04-06 12:16:29-07:00,2024-04-06 12:16:19-07:00,hlawrence,robertcarr,541,1554656997,Directing
2024-04-06 12:16:29-07:00,2024-04-06 12:16:29-07:00,hlawrence,robertcarr,541,1984603215,Empty
2024-04-06 14:11:08-07:00,2024-04-06 14:11:06-07:00,rsmall,robertcarr,541,1554714780,Criticizing
2024-04-06 14:11:08-07:00,2024-04-06 14:11:08-07:00,rsmall,robertcarr,541,1984698372,Empty
2024-04-06 15:00:12-07:00,2024-04-06 15:00:12-07:00,hlawrence,robertcarr,541,1984703729,Empty
2024-04-06 15:00:40-07:00,2024-04-06 15:00:40-07:00,hlawrence,robertcarr,543,1984703769,Thanking
2024-04-06 15:02:39-07:00,2024-04-06 15:02:39-07:00,bradley45,robertcarr,543,1984704231,Empty
2024-04-06 17:05:42-07:00,2024-04-06 17:05:42-07:00,bradley45,robertcarr,545,1984741939,Complimenting
2024-04-06 17:21:53-07:00,2024-04-06 17:21:53-07:00,rsmall,robertcarr,545,1984778272,Approving
2024-04-06 18:01:06-07:00,2024-04-06 18:01:06-07:00,hlawrence,robertcarr,545,1984780947,Thanking
2024-04-07 19:31:21-07:00,2024-04-07 19:31:21-07:00,robertcarr,rsmall,546,1985353119,Empty
2024-04-07 19:48:39-07:00,2024-04-07 19:48:39-07:00,oarellano,rsmall,546,1985362526,Empty
2024-04-07 20:30:13-07:00,2024-04-07 20:30:13-07:00,bradley45,rsmall,546,1985385495,Empty
2024-04-07 21:12:12-07:00,2024-04-07 21:12:12-07:00,hlawrence,rsmall,546,1985408730,Approving
2024-04-07 21:12:24-07:00,2024-04-07 21:12:24-07:00,hlawrence,rsmall,546,1985408859,Empty
2024-04-07 19:31:29-07:00,2024-04-07 19:31:29-07:00,robertcarr,oarellano,547,1985353177,Empty
2024-04-07 20:30:38-07:00,2024-04-07 20:30:38-07:00,bradley45,oarellano,547,1985385711,Encouraging
2024-04-07 21:11:10-07:00,2024-04-07 21:11:10-07:00,hlawrence,oarellano,547,1985408138,Empty
2024-04-07 21:11:10-07:00,2024-04-07 21:11:10-07:00,hlawrence,oarellano,547,1555200265,Encouraging
2024-04-07 21:11:40-07:00,2024-04-07 21:11:40-07:00,hlawrence,oarellano,547,1985408448,Encouraging
2024-04-07 19:49:33-07:00,2024-04-07 19:49:33-07:00,oarellano,robertcarr,548,1985362991,Empty
2024-04-07 20:29:52-07:00,2024-04-07 20:29:52-07:00,bradley45,robertcarr,548,1985385326,Empty
2024-04-07 20:46:22-07:00,2024-04-07 20:46:22-07:00,hlawrence,bradley45,549,1985394104,Complimenting
2024-04-07 22:16:39-07:00,2024-04-07 22:16:39-07:00,robertcarr,bradley45,549,1985459214,Empty
2024-04-07 21:37:38-07:00,2024-04-07 21:37:38-07:00,bradley45,hlawrence,550,1985424627,Complimenting
2024-04-07 22:16:45-07:00,2024-04-07 22:16:45-07:00,robertcarr,hlawrence,550,1985459305,Empty
2024-04-07 21:36:41-07:00,2024-04-07 21:36:41-07:00,bradley45,hlawrence,551,1985424031,Encouraging
2024-04-07 22:16:52-07:00,2024-04-07 22:16:52-07:00,robertcarr,hlawrence,551,1985459402,Empty
