updated_at,created_at,commenter,pr_author,pr_id,comment_id,Code
2023-10-11 19:34:59-07:00,2023-10-11 19:34:59-07:00,anthonyjohnson,hwhite,15,1355976816,Criticizing
2023-10-11 19:34:59-07:00,2023-10-11 19:34:59-07:00,anthonyjohnson,hwhite,15,1672911697,Empty
2023-10-11 19:36:44-07:00,2023-10-11 19:36:44-07:00,anthonyjohnson,hwhite,15,1672914990,Empty
2023-10-11 19:36:44-07:00,2023-10-11 19:36:44-07:00,anthonyjohnson,hwhite,15,1355977561,Criticizing
2023-10-11 19:36:44-07:00,2023-10-11 19:36:44-07:00,anthonyjohnson,hwhite,15,1355977561,Explaining
2023-10-11 19:37:38-07:00,2023-10-11 19:37:38-07:00,anthonyjohnson,hwhite,15,1355977984,Directing
2023-10-11 19:37:38-07:00,2023-10-11 19:37:38-07:00,anthonyjohnson,hwhite,15,1672916713,Empty
2023-10-11 19:39:30-07:00,2023-10-11 19:39:30-07:00,anthonyjohnson,hwhite,15,1355978801,Directing
2023-10-11 19:39:30-07:00,2023-10-11 19:39:30-07:00,anthonyjohnson,hwhite,15,1672920246,Empty
2023-10-11 19:42:39-07:00,2023-10-11 19:42:39-07:00,anthonyjohnson,hwhite,15,1355980240,Directing
2023-10-11 19:42:39-07:00,2023-10-11 19:42:39-07:00,anthonyjohnson,hwhite,15,1672926257,Empty
2023-10-11 19:43:00-07:00,2023-10-11 19:43:00-07:00,anthonyjohnson,hwhite,15,1672926907,Empty
2023-10-11 19:43:00-07:00,2023-10-11 19:43:00-07:00,anthonyjohnson,hwhite,15,1355980407,Directing
2023-10-11 19:43:00-07:00,2023-10-11 19:43:00-07:00,anthonyjohnson,hwhite,15,1355980407,Directing
2023-10-11 19:52:06-07:00,2023-10-11 19:52:06-07:00,anthonyjohnson,hwhite,15,1672936820,Empty
2023-10-11 19:52:06-07:00,2023-10-11 19:52:06-07:00,anthonyjohnson,hwhite,15,1355988153,Asking
2023-10-11 19:58:16-07:00,2023-10-11 19:58:15-07:00,anthonyjohnson,hwhite,15,1355994733,Criticizing
2023-10-11 19:58:16-07:00,2023-10-11 19:58:15-07:00,anthonyjohnson,hwhite,15,1355994733,Explaining
2023-10-11 19:58:16-07:00,2023-10-11 19:58:16-07:00,anthonyjohnson,hwhite,15,1672940931,Empty
2023-10-11 19:58:33-07:00,2023-10-11 19:58:32-07:00,anthonyjohnson,hwhite,15,1355995005,Explaining
2023-10-11 19:58:33-07:00,2023-10-11 19:58:33-07:00,anthonyjohnson,hwhite,15,1672941120,Empty
2023-10-11 19:59:00-07:00,2023-10-11 19:58:59-07:00,anthonyjohnson,hwhite,15,1355995399,Asking
2023-10-11 19:59:00-07:00,2023-10-11 19:59:00-07:00,anthonyjohnson,hwhite,15,1672941390,Empty
2023-10-11 19:59:58-07:00,2023-10-11 19:59:58-07:00,anthonyjohnson,hwhite,15,1355996647,Criticizing
2023-10-11 19:59:58-07:00,2023-10-11 19:59:58-07:00,anthonyjohnson,hwhite,15,1355996647,Criticizing
2023-10-11 19:59:58-07:00,2023-10-11 19:59:58-07:00,anthonyjohnson,hwhite,15,1672942322,Empty
2023-10-11 20:00:26-07:00,2023-10-11 20:00:26-07:00,anthonyjohnson,hwhite,15,1672943025,Empty
2023-10-11 20:00:27-07:00,2023-10-11 20:00:26-07:00,anthonyjohnson,hwhite,15,1355997469,Explaining
2023-10-11 20:00:52-07:00,2023-10-11 20:00:52-07:00,anthonyjohnson,hwhite,15,1672943376,Empty
2023-10-11 20:00:52-07:00,2023-10-11 20:00:52-07:00,anthonyjohnson,hwhite,15,1355997987,Directing
2023-10-11 20:10:30-07:00,2023-10-11 20:10:30-07:00,anthonyjohnson,hwhite,15,1672951366,Empty
2023-10-11 20:10:30-07:00,2023-10-11 20:10:30-07:00,anthonyjohnson,hwhite,15,1356004371,Suggesting
2023-10-11 20:10:30-07:00,2023-10-11 20:10:30-07:00,anthonyjohnson,hwhite,15,1356004371,Explaining
2023-10-11 20:10:30-07:00,2023-10-11 20:10:30-07:00,anthonyjohnson,hwhite,15,1356004371,Directing
2023-10-11 20:12:35-07:00,2023-10-11 20:12:35-07:00,anthonyjohnson,hwhite,15,1356005212,Criticizing
2023-10-11 20:12:35-07:00,2023-10-11 20:12:35-07:00,anthonyjohnson,hwhite,15,1672952579,Empty
2023-10-11 20:13:14-07:00,2023-10-11 20:13:14-07:00,anthonyjohnson,hwhite,15,1672952986,Empty
2023-10-11 20:13:15-07:00,2023-10-11 20:13:14-07:00,anthonyjohnson,hwhite,15,1356005473,Directing
2023-10-11 20:16:06-07:00,2023-10-11 20:16:06-07:00,anthonyjohnson,hwhite,15,1356009388,Directing
2023-10-11 20:16:06-07:00,2023-10-11 20:16:06-07:00,anthonyjohnson,hwhite,15,1356009388,Explaining
2023-10-11 20:16:06-07:00,2023-10-11 20:16:06-07:00,anthonyjohnson,hwhite,15,1356009388,Directing
2023-10-11 20:16:06-07:00,2023-10-11 20:16:06-07:00,anthonyjohnson,hwhite,15,1672957579,Empty
2023-10-11 20:16:31-07:00,2023-10-11 20:16:31-07:00,anthonyjohnson,hwhite,15,1672957783,Approving
2023-10-11 20:16:31-07:00,2023-10-11 20:16:31-07:00,anthonyjohnson,hwhite,15,1672957783,Explaining
2023-10-12 10:44:05-07:00,2023-10-12 10:44:04-07:00,hwhite,hwhite,15,1357182580,Updating
2023-10-12 10:44:05-07:00,2023-10-12 10:44:04-07:00,hwhite,hwhite,15,1357182580,Criticizing
2023-10-12 10:44:05-07:00,2023-10-12 10:44:04-07:00,hwhite,hwhite,15,1357182580,Criticizing
2023-10-12 10:44:05-07:00,2023-10-12 10:44:04-07:00,hwhite,hwhite,15,1357182580,Disagreeing
2023-10-12 10:44:05-07:00,2023-10-12 10:44:04-07:00,hwhite,hwhite,15,1357182580,Criticizing
2023-10-12 10:44:05-07:00,2023-10-12 10:44:04-07:00,hwhite,hwhite,15,1357182580,Updating
2023-10-12 10:44:05-07:00,2023-10-12 10:44:04-07:00,hwhite,hwhite,15,1357182580,Explaining
2023-10-12 10:44:05-07:00,2023-10-12 10:44:05-07:00,hwhite,hwhite,15,1674796602,Empty
2023-10-12 10:48:09-07:00,2023-10-12 10:48:09-07:00,hwhite,hwhite,15,1357187452,Explaining
2023-10-12 10:48:09-07:00,2023-10-12 10:48:09-07:00,hwhite,hwhite,15,1357187452,Updating
2023-10-12 10:48:09-07:00,2023-10-12 10:48:09-07:00,hwhite,hwhite,15,1674804998,Empty
2023-10-12 10:48:49-07:00,2023-10-12 10:48:49-07:00,hwhite,hwhite,15,1357188111,Explaining
2023-10-12 10:48:49-07:00,2023-10-12 10:48:49-07:00,hwhite,hwhite,15,1357188111,Explaining
2023-10-12 10:48:49-07:00,2023-10-12 10:48:49-07:00,hwhite,hwhite,15,1674806251,Empty
2023-10-12 10:49:27-07:00,2023-10-12 10:49:26-07:00,hwhite,hwhite,15,1357188726,Explaining
2023-10-12 10:49:27-07:00,2023-10-12 10:49:27-07:00,hwhite,hwhite,15,1674807267,Empty
2023-10-12 11:01:52-07:00,2023-10-12 11:01:51-07:00,hwhite,hwhite,15,1357202647,Complimenting
2023-10-12 11:01:52-07:00,2023-10-12 11:01:51-07:00,hwhite,hwhite,15,1357202647,Explaining
2023-10-12 11:01:52-07:00,2023-10-12 11:01:51-07:00,hwhite,hwhite,15,1357202647,Agreeing
2023-10-12 11:01:52-07:00,2023-10-12 11:01:51-07:00,hwhite,hwhite,15,1357202647,Directing
2023-10-12 11:01:52-07:00,2023-10-12 11:01:51-07:00,hwhite,hwhite,15,1357202647,Explaining
2023-10-12 11:01:52-07:00,2023-10-12 11:01:52-07:00,hwhite,hwhite,15,1674829219,Empty
2023-10-12 11:02:25-07:00,2023-10-12 11:02:25-07:00,hwhite,hwhite,15,1357203607,Agreeing
2023-10-12 11:02:25-07:00,2023-10-12 11:02:25-07:00,hwhite,hwhite,15,1674831047,Empty
2023-10-12 11:07:34-07:00,2023-10-12 11:07:34-07:00,hwhite,hwhite,15,1674841237,Empty
2023-10-12 11:07:34-07:00,2023-10-12 11:07:34-07:00,hwhite,hwhite,15,1357209877,Explaining
2023-10-12 11:18:19-07:00,2023-10-12 11:18:19-07:00,hwhite,hwhite,15,1674860501,Empty
2023-10-12 11:18:20-07:00,2023-10-12 11:18:19-07:00,hwhite,hwhite,15,1357221839,Agreeing
2023-10-12 11:18:20-07:00,2023-10-12 11:18:19-07:00,hwhite,hwhite,15,1357221839,Explaining
2023-10-12 14:09:08-07:00,2023-10-12 14:09:07-07:00,anthonyjohnson,hwhite,15,1357426408,Agreeing
2023-10-12 14:09:08-07:00,2023-10-12 14:09:08-07:00,anthonyjohnson,hwhite,15,1675206768,Empty
2023-10-12 14:10:00-07:00,2023-10-12 14:10:00-07:00,anthonyjohnson,hwhite,15,1675207883,Empty
2023-10-12 14:10:01-07:00,2023-10-12 14:10:00-07:00,anthonyjohnson,hwhite,15,1357427095,Agreeing
2023-10-12 14:14:58-07:00,2023-10-12 14:14:58-07:00,anthonyjohnson,hwhite,15,1675217959,Complimenting
2023-10-12 14:14:58-07:00,2023-10-12 14:14:58-07:00,anthonyjohnson,hwhite,15,1675217959,Directing
2023-10-12 14:14:58-07:00,2023-10-12 14:14:58-07:00,anthonyjohnson,hwhite,15,1675217959,Explaining
2023-10-12 14:17:04-07:00,2023-10-12 14:17:04-07:00,anthonyjohnson,hwhite,15,1357435169,Asking
2023-10-12 14:17:04-07:00,2023-10-12 14:17:04-07:00,anthonyjohnson,hwhite,15,1357435169,Criticizing
2023-10-12 14:17:04-07:00,2023-10-12 14:17:04-07:00,anthonyjohnson,hwhite,15,1675221057,Empty
2023-10-12 14:17:18-07:00,2023-10-12 14:17:18-07:00,anthonyjohnson,hwhite,15,1675221259,Empty
2023-10-12 14:17:19-07:00,2023-10-12 14:17:18-07:00,anthonyjohnson,hwhite,15,1357435319,Asking
2023-10-12 18:00:19-07:00,2023-10-12 18:00:19-07:00,hwhite,hwhite,15,1675508203,Empty
2023-10-12 18:00:19-07:00,2023-10-12 18:00:19-07:00,hwhite,hwhite,15,1357620023,Asking
2023-10-12 18:00:19-07:00,2023-10-12 18:00:19-07:00,hwhite,hwhite,15,1357620023,Disagreeing
2023-10-12 18:00:19-07:00,2023-10-12 18:00:19-07:00,hwhite,hwhite,15,1357620023,Explaining
2023-10-12 18:00:19-07:00,2023-10-12 18:00:19-07:00,hwhite,hwhite,15,1357620023,Explaining
2023-10-12 18:00:19-07:00,2023-10-12 18:00:19-07:00,hwhite,hwhite,15,1357620023,Agreeing
2023-10-12 18:00:19-07:00,2023-10-12 18:00:19-07:00,hwhite,hwhite,15,1357620023,Complimenting
2023-10-12 20:29:23-07:00,2023-10-12 20:29:22-07:00,anthonyjohnson,hwhite,15,1357717273,Agreeing
2023-10-12 20:29:23-07:00,2023-10-12 20:29:23-07:00,anthonyjohnson,hwhite,15,1675632774,Empty
2023-10-16 21:43:18-07:00,2023-10-16 21:43:18-07:00,anthonyjohnson,hwhite,15,1681350027,Empty
2023-10-16 23:28:29-07:00,2023-10-16 23:28:28-07:00,hwhite,anthonyjohnson,19,1361566823,Explaining
2023-10-16 23:28:29-07:00,2023-10-16 23:28:28-07:00,hwhite,anthonyjohnson,19,1361566823,Directing
2023-10-16 23:28:29-07:00,2023-10-16 23:28:29-07:00,hwhite,anthonyjohnson,19,1681454956,Empty
2023-10-16 23:30:31-07:00,2023-10-16 23:30:31-07:00,hwhite,anthonyjohnson,19,1681458057,Empty
2023-10-16 23:30:31-07:00,2023-10-16 23:30:31-07:00,hwhite,anthonyjohnson,19,1361568587,Updating
2023-10-16 23:31:50-07:00,2023-10-16 23:31:49-07:00,anthonyjohnson,anthonyjohnson,19,1361569829,Asking
2023-10-16 23:31:50-07:00,2023-10-16 23:31:50-07:00,anthonyjohnson,anthonyjohnson,19,1681459858,Empty
2023-10-16 23:33:43-07:00,2023-10-16 23:33:43-07:00,hwhite,anthonyjohnson,19,1681462339,Empty
2023-10-16 23:33:44-07:00,2023-10-16 23:33:43-07:00,hwhite,anthonyjohnson,19,1361571393,Asking
2023-10-16 23:35:30-07:00,2023-10-16 23:35:30-07:00,anthonyjohnson,anthonyjohnson,19,1361573043,Explaining
2023-10-16 23:35:30-07:00,2023-10-16 23:35:30-07:00,anthonyjohnson,anthonyjohnson,19,1361573043,Explaining
2023-10-16 23:35:30-07:00,2023-10-16 23:35:30-07:00,anthonyjohnson,anthonyjohnson,19,1681464994,Empty
2023-10-16 23:39:14-07:00,2023-10-16 23:39:14-07:00,hwhite,anthonyjohnson,19,1361576270,Updating
2023-10-16 23:39:14-07:00,2023-10-16 23:39:14-07:00,hwhite,anthonyjohnson,19,1361576270,Explaining
2023-10-16 23:39:14-07:00,2023-10-16 23:39:14-07:00,hwhite,anthonyjohnson,19,1681470257,Empty
2023-10-16 23:42:19-07:00,2023-10-16 23:42:19-07:00,hwhite,anthonyjohnson,19,1681474491,Empty
2023-10-16 23:44:30-07:00,2023-10-16 23:44:30-07:00,anthonyjohnson,anthonyjohnson,19,1681477480,Empty
2023-10-16 23:44:31-07:00,2023-10-16 23:44:30-07:00,anthonyjohnson,anthonyjohnson,19,1361580860,Agreeing
2023-10-21 20:30:22-07:00,2023-10-21 20:30:22-07:00,anthonyjohnson,hortiz,24,1691365350,Empty
2023-10-21 20:30:23-07:00,2023-10-21 20:30:22-07:00,anthonyjohnson,hortiz,24,1367830038,Approving
2023-10-21 20:30:23-07:00,2023-10-21 20:30:22-07:00,anthonyjohnson,hortiz,24,1367830038,Disagreeing
2023-10-21 20:30:23-07:00,2023-10-21 20:30:22-07:00,anthonyjohnson,hortiz,24,1367830038,Suggesting
2023-10-21 20:30:23-07:00,2023-10-21 20:30:22-07:00,anthonyjohnson,hortiz,24,1367830038,Directing
2023-10-21 20:30:23-07:00,2023-10-21 20:30:22-07:00,anthonyjohnson,hortiz,24,1367830038,Explaining
2023-10-21 20:30:23-07:00,2023-10-21 20:30:22-07:00,anthonyjohnson,hortiz,24,1367830038,Explaining
2023-10-21 20:30:23-07:00,2023-10-21 20:30:22-07:00,anthonyjohnson,hortiz,24,1367830038,Directing
2023-10-21 20:30:23-07:00,2023-10-21 20:30:22-07:00,anthonyjohnson,hortiz,24,1367830038,Explaining
2023-10-21 20:30:23-07:00,2023-10-21 20:30:22-07:00,anthonyjohnson,hortiz,24,1367830038,Explaining
2023-10-21 20:30:23-07:00,2023-10-21 20:30:22-07:00,anthonyjohnson,hortiz,24,1367830038,Explaining
2023-10-21 20:30:58-07:00,2023-10-21 20:30:58-07:00,anthonyjohnson,hortiz,24,1691365402,Empty
2023-10-21 20:30:58-07:00,2023-10-21 20:30:58-07:00,anthonyjohnson,hortiz,24,1367830088,Explaining
2023-10-21 20:30:58-07:00,2023-10-21 20:30:58-07:00,anthonyjohnson,hortiz,24,1367830088,Explaining
2023-10-21 20:40:08-07:00,2023-10-21 20:40:08-07:00,hortiz,hortiz,24,1691365908,Empty
2023-10-21 20:40:09-07:00,2023-10-21 20:40:08-07:00,hortiz,hortiz,24,1367830779,Agreeing
2023-10-21 20:40:09-07:00,2023-10-21 20:40:08-07:00,hortiz,hortiz,24,1367830779,Explaining
2023-10-21 21:04:47-07:00,2023-10-21 21:04:47-07:00,anthonyjohnson,hortiz,24,1367832726,Asking
2023-10-21 21:04:47-07:00,2023-10-21 21:04:47-07:00,anthonyjohnson,hortiz,24,1367832726,Asking
2023-10-21 21:04:47-07:00,2023-10-21 21:04:47-07:00,anthonyjohnson,hortiz,24,1691367260,Empty
2023-10-21 21:05:53-07:00,2023-10-21 21:05:53-07:00,anthonyjohnson,hortiz,24,1691367350,Empty
2023-10-21 21:05:53-07:00,2023-10-21 21:05:53-07:00,anthonyjohnson,hortiz,24,1367832819,Directing
2023-10-21 21:05:53-07:00,2023-10-21 21:05:53-07:00,anthonyjohnson,hortiz,24,1367832819,Suggesting
2023-10-21 21:11:47-07:00,2023-10-21 21:11:46-07:00,hortiz,hortiz,24,1367833327,Explaining
2023-10-21 21:11:47-07:00,2023-10-21 21:11:46-07:00,hortiz,hortiz,24,1367833327,Explaining
2023-10-21 21:11:47-07:00,2023-10-21 21:11:46-07:00,hortiz,hortiz,24,1367833327,Explaining
2023-10-21 21:11:47-07:00,2023-10-21 21:11:47-07:00,hortiz,hortiz,24,1691367770,Empty
2023-10-21 21:15:33-07:00,2023-10-21 21:15:33-07:00,anthonyjohnson,hortiz,24,1367833494,Agreeing
2023-10-21 21:15:33-07:00,2023-10-21 21:15:33-07:00,anthonyjohnson,hortiz,24,1367833494,Directing
2023-10-21 21:15:33-07:00,2023-10-21 21:15:33-07:00,anthonyjohnson,hortiz,24,1691367935,Empty
2023-10-21 21:15:49-07:00,2023-10-21 21:15:49-07:00,anthonyjohnson,hortiz,24,1691367954,Empty
2023-10-21 21:16:46-07:00,2023-10-21 21:15:48-07:00,anthonyjohnson,hortiz,24,1367833545,Directing
2023-10-21 21:16:46-07:00,2023-10-21 21:15:48-07:00,anthonyjohnson,hortiz,24,1367833545,Updating
2023-10-21 21:17:03-07:00,2023-10-21 21:17:03-07:00,hortiz,hortiz,24,1691368018,Empty
2023-10-21 21:17:03-07:00,2023-10-21 21:17:03-07:00,hortiz,hortiz,24,1367833630,Explaining
2023-10-21 21:20:17-07:00,2023-10-21 21:20:16-07:00,anthonyjohnson,hortiz,24,1367833936,Explaining
2023-10-21 21:20:17-07:00,2023-10-21 21:20:16-07:00,anthonyjohnson,hortiz,24,1367833936,Explaining
2023-10-21 21:20:17-07:00,2023-10-21 21:20:17-07:00,anthonyjohnson,hortiz,24,1691368160,Empty
2023-10-21 22:00:25-07:00,2023-10-21 22:00:24-07:00,hortiz,hortiz,24,1367837548,Updating
2023-10-21 22:00:25-07:00,2023-10-21 22:00:25-07:00,hortiz,hortiz,24,1691372139,Empty
2023-10-21 22:00:48-07:00,2023-10-21 22:00:47-07:00,hortiz,hortiz,24,1367837579,Updating
2023-10-21 22:00:48-07:00,2023-10-21 22:00:48-07:00,hortiz,hortiz,24,1691372165,Empty
2023-10-21 23:45:08-07:00,2023-10-21 23:45:08-07:00,anthonyjohnson,hortiz,24,1367847978,Complimenting
2023-10-21 23:45:08-07:00,2023-10-21 23:45:08-07:00,anthonyjohnson,hortiz,24,1367847978,Directing
2023-10-21 23:45:08-07:00,2023-10-21 23:45:08-07:00,anthonyjohnson,hortiz,24,1367847978,Updating
2023-10-21 23:45:08-07:00,2023-10-21 23:45:08-07:00,anthonyjohnson,hortiz,24,1691379903,Empty
2023-10-22 00:04:36-07:00,2023-10-22 00:04:36-07:00,hortiz,hortiz,24,1367850221,Updating
2023-10-22 00:04:36-07:00,2023-10-22 00:04:36-07:00,hortiz,hortiz,24,1691382144,Empty
2023-10-22 00:06:25-07:00,2023-10-22 00:06:25-07:00,hortiz,hortiz,24,1691382394,Empty
2023-10-22 00:06:25-07:00,2023-10-22 00:06:25-07:00,hortiz,hortiz,24,1367850408,Updating
2023-10-22 11:41:55-07:00,2023-10-22 11:41:55-07:00,hwhite,hortiz,24,1691475804,Empty
2023-10-22 11:41:55-07:00,2023-10-22 11:41:55-07:00,hwhite,hortiz,24,1367951584,Asking
2023-10-22 11:49:35-07:00,2023-10-22 11:49:35-07:00,hortiz,hortiz,24,1691476646,Empty
2023-10-22 11:49:36-07:00,2023-10-22 11:49:35-07:00,hortiz,hortiz,24,1367952587,Explaining
2023-10-22 11:49:36-07:00,2023-10-22 11:49:35-07:00,hortiz,hortiz,24,1367952587,Explaining
2023-10-22 11:49:36-07:00,2023-10-22 11:49:35-07:00,hortiz,hortiz,24,1367952587,Explaining
2023-10-22 11:50:39-07:00,2023-10-22 11:50:39-07:00,hortiz,hortiz,24,1691476759,Empty
2023-10-22 11:50:39-07:00,2023-10-22 11:50:39-07:00,hortiz,hortiz,24,1367952732,Explaining
2023-10-22 11:51:24-07:00,2023-10-22 11:51:24-07:00,hwhite,hortiz,24,1691476856,Empty
2023-10-22 11:54:42-07:00,2023-10-22 11:54:42-07:00,hwhite,hortiz,24,1691477233,Empty
2023-10-22 11:54:42-07:00,2023-10-22 11:54:42-07:00,hwhite,hortiz,24,1367953198,Agreeing
2023-10-22 11:54:42-07:00,2023-10-22 11:54:42-07:00,hwhite,hortiz,24,1367953198,Complimenting
2023-10-22 11:54:42-07:00,2023-10-22 11:54:42-07:00,hwhite,hortiz,24,1367953198,Complimenting
2023-10-22 15:23:34-07:00,2023-10-22 15:23:34-07:00,anthonyjohnson,hortiz,24,1691499438,Empty
2023-10-22 15:23:34-07:00,2023-10-22 15:23:34-07:00,anthonyjohnson,hortiz,24,1367979050,Directing
2023-10-22 15:24:24-07:00,2023-10-22 15:24:24-07:00,anthonyjohnson,hortiz,24,1367979181,Directing
2023-10-22 15:24:24-07:00,2023-10-22 15:24:24-07:00,anthonyjohnson,hortiz,24,1367979181,Directing
2023-10-22 15:24:24-07:00,2023-10-22 15:24:24-07:00,anthonyjohnson,hortiz,24,1691499544,Empty
2023-10-22 15:25:11-07:00,2023-10-22 15:25:10-07:00,anthonyjohnson,hortiz,24,1367979305,Criticizing
2023-10-22 15:25:11-07:00,2023-10-22 15:25:11-07:00,anthonyjohnson,hortiz,24,1691499643,Empty
2023-10-22 15:25:37-07:00,2023-10-22 15:25:37-07:00,anthonyjohnson,hortiz,24,1367979370,Criticizing
2023-10-22 15:25:37-07:00,2023-10-22 15:25:37-07:00,anthonyjohnson,hortiz,24,1367979370,Directing
2023-10-22 15:25:37-07:00,2023-10-22 15:25:37-07:00,anthonyjohnson,hortiz,24,1691499702,Empty
2023-10-22 15:26:35-07:00,2023-10-22 15:26:35-07:00,anthonyjohnson,hortiz,24,1691499870,Empty
2023-10-22 15:26:48-07:00,2023-10-22 15:26:34-07:00,anthonyjohnson,hortiz,24,1367979478,Suggesting
2023-10-22 15:26:48-07:00,2023-10-22 15:26:34-07:00,anthonyjohnson,hortiz,24,1367979478,Asking
2023-10-22 15:29:29-07:00,2023-10-22 15:29:29-07:00,anthonyjohnson,hortiz,24,1691500302,Empty
2023-10-22 15:29:29-07:00,2023-10-22 15:29:29-07:00,anthonyjohnson,hortiz,24,1367979871,Explaining
2023-10-22 15:29:29-07:00,2023-10-22 15:29:29-07:00,anthonyjohnson,hortiz,24,1367979871,Directing
2023-10-22 15:31:13-07:00,2023-10-22 15:31:13-07:00,anthonyjohnson,hortiz,24,1691500540,Empty
2023-10-22 15:31:13-07:00,2023-10-22 15:31:13-07:00,anthonyjohnson,hortiz,24,1367980075,Explaining
2023-10-22 15:31:13-07:00,2023-10-22 15:31:13-07:00,anthonyjohnson,hortiz,24,1367980075,Directing
2023-10-22 15:31:51-07:00,2023-10-22 15:31:51-07:00,anthonyjohnson,hortiz,24,1691500655,Empty
2023-10-22 15:31:51-07:00,2023-10-22 15:31:51-07:00,anthonyjohnson,hortiz,24,1367980144,Directing
2023-10-22 15:31:51-07:00,2023-10-22 15:31:51-07:00,anthonyjohnson,hortiz,24,1367980144,Directing
2023-10-22 15:33:57-07:00,2023-10-22 15:33:57-07:00,anthonyjohnson,hortiz,24,1691500970,Empty
2023-10-22 15:33:57-07:00,2023-10-22 15:33:57-07:00,anthonyjohnson,hortiz,24,1367980461,Criticizing
2023-10-22 15:33:57-07:00,2023-10-22 15:33:57-07:00,anthonyjohnson,hortiz,24,1367980461,Directing
2023-10-22 15:36:04-07:00,2023-10-22 15:36:04-07:00,anthonyjohnson,hortiz,24,1367980685,Directing
2023-10-22 15:36:04-07:00,2023-10-22 15:36:04-07:00,anthonyjohnson,hortiz,24,1367980685,Updating
2023-10-22 15:36:04-07:00,2023-10-22 15:36:04-07:00,anthonyjohnson,hortiz,24,1367980685,Asking
2023-10-22 15:36:04-07:00,2023-10-22 15:36:04-07:00,anthonyjohnson,hortiz,24,1691501240,Empty
2023-10-22 16:07:58-07:00,2023-10-22 16:07:58-07:00,hortiz,hortiz,24,1367986364,Agreeing
2023-10-22 16:07:58-07:00,2023-10-22 16:07:58-07:00,hortiz,hortiz,24,1367986364,Explaining
2023-10-22 16:07:58-07:00,2023-10-22 16:07:58-07:00,hortiz,hortiz,24,1367986364,Explaining
2023-10-22 16:07:58-07:00,2023-10-22 16:07:58-07:00,hortiz,hortiz,24,1691509865,Empty
2023-10-22 16:11:11-07:00,2023-10-22 16:11:10-07:00,hortiz,hortiz,24,1367986957,Agreeing
2023-10-22 16:11:11-07:00,2023-10-22 16:11:10-07:00,hortiz,hortiz,24,1367986957,Agreeing
2023-10-22 16:11:11-07:00,2023-10-22 16:11:10-07:00,hortiz,hortiz,24,1367986957,Updating
2023-10-22 16:11:11-07:00,2023-10-22 16:11:11-07:00,hortiz,hortiz,24,1691510472,Empty
2023-10-22 16:11:43-07:00,2023-10-22 16:11:43-07:00,hortiz,hortiz,24,1691510611,Empty
2023-10-22 16:11:44-07:00,2023-10-22 16:11:43-07:00,hortiz,hortiz,24,1367987069,Agreeing
2023-10-22 16:11:47-07:00,2023-10-22 16:11:47-07:00,hortiz,hortiz,24,1367987177,Explaining
2023-10-22 16:11:47-07:00,2023-10-22 16:11:47-07:00,hortiz,hortiz,24,1691510751,Empty
2023-10-22 17:55:24-07:00,2023-10-22 17:55:24-07:00,anthonyjohnson,hortiz,24,1368026825,Agreeing
2023-10-22 17:55:24-07:00,2023-10-22 17:55:24-07:00,anthonyjohnson,hortiz,24,1368026825,Directing
2023-10-22 17:55:24-07:00,2023-10-22 17:55:24-07:00,anthonyjohnson,hortiz,24,1691555554,Empty
2023-10-22 17:55:56-07:00,2023-10-22 17:55:56-07:00,anthonyjohnson,hortiz,24,1368027041,Agreeing
2023-10-22 17:55:56-07:00,2023-10-22 17:55:56-07:00,anthonyjohnson,hortiz,24,1368027041,Suggesting
2023-10-22 17:55:56-07:00,2023-10-22 17:55:56-07:00,anthonyjohnson,hortiz,24,1691555789,Empty
2023-10-22 18:05:02-07:00,2023-10-22 18:05:01-07:00,anthonyjohnson,hortiz,24,1368029540,Criticizing
2023-10-22 18:05:02-07:00,2023-10-22 18:05:01-07:00,anthonyjohnson,hortiz,24,1368029540,Suggesting
2023-10-22 18:05:02-07:00,2023-10-22 18:05:02-07:00,anthonyjohnson,hortiz,24,1691559522,Empty
2023-10-22 18:05:24-07:00,2023-10-22 18:05:24-07:00,anthonyjohnson,hortiz,24,1691559668,Empty
2023-10-22 18:05:24-07:00,2023-10-22 18:05:24-07:00,anthonyjohnson,hortiz,24,1368029620,Directing
2023-10-22 18:10:18-07:00,2023-10-22 18:10:18-07:00,anthonyjohnson,hortiz,24,1691562506,Explaining
2023-10-22 18:10:18-07:00,2023-10-22 18:10:18-07:00,anthonyjohnson,hortiz,24,1691562506,Directing
2023-10-22 18:10:18-07:00,2023-10-22 18:10:18-07:00,anthonyjohnson,hortiz,24,1691562506,Directing
2023-10-22 18:10:18-07:00,2023-10-22 18:10:18-07:00,anthonyjohnson,hortiz,24,1691562506,Updating
2023-10-22 18:14:49-07:00,2023-10-22 18:14:49-07:00,hortiz,hortiz,24,1691564284,Empty
2023-10-22 18:14:49-07:00,2023-10-22 18:14:49-07:00,hortiz,hortiz,24,1368032899,Suggesting
2023-10-22 18:29:01-07:00,2023-10-22 18:29:01-07:00,anthonyjohnson,hortiz,24,1691571029,Empty
2023-10-22 18:29:01-07:00,2023-10-22 18:29:01-07:00,anthonyjohnson,hortiz,24,1368036861,Agreeing
2023-10-22 20:34:54-07:00,2023-10-22 20:34:53-07:00,anthonyjohnson,hortiz,24,1368090389,Explaining
2023-10-22 20:34:54-07:00,2023-10-22 20:34:53-07:00,anthonyjohnson,hortiz,24,1368090389,Asking
2023-10-22 20:34:54-07:00,2023-10-22 20:34:53-07:00,anthonyjohnson,hortiz,24,1368090389,Explaining
2023-10-22 20:34:54-07:00,2023-10-22 20:34:54-07:00,anthonyjohnson,hortiz,24,1691660288,Empty
2023-10-22 20:57:23-07:00,2023-10-22 20:57:23-07:00,anthonyjohnson,hortiz,24,1691670819,Empty
2023-10-22 21:35:15-07:00,2023-10-22 20:57:23-07:00,anthonyjohnson,hortiz,24,1368097753,Criticizing
2023-10-22 21:35:15-07:00,2023-10-22 20:57:23-07:00,anthonyjohnson,hortiz,24,1368097753,Criticizing
2023-10-22 21:35:15-07:00,2023-10-22 20:57:23-07:00,anthonyjohnson,hortiz,24,1368097753,Explaining
2023-10-22 21:36:45-07:00,2023-10-22 21:36:45-07:00,hortiz,hortiz,24,1691699142,Empty
2023-10-22 21:36:46-07:00,2023-10-22 21:36:45-07:00,hortiz,hortiz,24,1368124231,Agreeing
2023-10-22 21:36:46-07:00,2023-10-22 21:36:45-07:00,hortiz,hortiz,24,1368124231,Explaining
2023-10-22 21:36:46-07:00,2023-10-22 21:36:45-07:00,hortiz,hortiz,24,1368124231,Explaining
2023-10-22 21:40:39-07:00,2023-10-22 21:40:39-07:00,anthonyjohnson,hortiz,24,1691701241,Empty
2023-10-22 21:40:40-07:00,2023-10-22 21:40:39-07:00,anthonyjohnson,hortiz,24,1368125688,Agreeing
2023-10-22 21:40:40-07:00,2023-10-22 21:40:39-07:00,anthonyjohnson,hortiz,24,1368125688,Directing
2023-10-22 22:00:34-07:00,2023-10-22 22:00:34-07:00,anthonyjohnson,hortiz,24,1691712870,Empty
2023-10-22 22:00:35-07:00,2023-10-22 22:00:34-07:00,anthonyjohnson,hortiz,24,1368133487,Directing
2023-10-22 22:01:30-07:00,2023-10-22 22:01:30-07:00,anthonyjohnson,hortiz,24,1691713466,Empty
2023-10-22 22:01:31-07:00,2023-10-22 22:01:30-07:00,anthonyjohnson,hortiz,24,1368133893,Explaining
2023-10-23 00:41:00-07:00,2023-10-23 00:41:00-07:00,anthonyjohnson,hortiz,24,1691889385,Empty
2023-10-23 00:42:49-07:00,2023-10-23 00:42:49-07:00,anthonyjohnson,hortiz,24,1691892791,Empty
2023-10-23 00:43:11-07:00,2023-10-23 00:42:48-07:00,anthonyjohnson,hortiz,24,1368246469,Suggesting
2023-10-23 00:43:48-07:00,2023-10-23 00:43:48-07:00,anthonyjohnson,hortiz,24,1691894454,Empty
2023-10-23 00:44:35-07:00,2023-10-23 00:40:59-07:00,anthonyjohnson,hortiz,24,1368243856,Asking
2023-10-23 00:45:16-07:00,2023-10-23 00:43:47-07:00,anthonyjohnson,hortiz,24,1368247534,Directing
2023-10-23 00:47:40-07:00,2023-10-23 00:47:39-07:00,anthonyjohnson,hortiz,24,1368251569,Directing
2023-10-23 00:47:40-07:00,2023-10-23 00:47:39-07:00,anthonyjohnson,hortiz,24,1368251569,Updating
2023-10-23 00:47:40-07:00,2023-10-23 00:47:40-07:00,anthonyjohnson,hortiz,24,1691900602,Empty
2023-10-23 14:32:54-07:00,2023-10-23 14:32:54-07:00,anthonyjohnson,hortiz,24,1693556318,Approving
2023-10-22 18:55:35-07:00,2023-10-22 18:55:35-07:00,anthonyjohnson,hwhite,28,1691593078,Empty
2023-10-22 18:55:35-07:00,2023-10-22 18:55:35-07:00,anthonyjohnson,hwhite,28,1368046580,Suggesting
2023-10-22 18:55:35-07:00,2023-10-22 18:55:35-07:00,anthonyjohnson,hwhite,28,1368046580,Directing
2023-10-22 18:55:35-07:00,2023-10-22 18:55:35-07:00,anthonyjohnson,hwhite,28,1368046580,Suggesting
2023-10-22 18:59:28-07:00,2023-10-22 18:59:28-07:00,anthonyjohnson,hwhite,28,1368048199,Suggesting
2023-10-22 18:59:28-07:00,2023-10-22 18:59:28-07:00,anthonyjohnson,hwhite,28,1691595270,Empty
2023-10-22 18:59:57-07:00,2023-10-22 18:59:56-07:00,anthonyjohnson,hwhite,28,1368048374,Asking
2023-10-22 18:59:57-07:00,2023-10-22 18:59:57-07:00,anthonyjohnson,hwhite,28,1691595535,Empty
2023-10-22 19:01:54-07:00,2023-10-22 19:01:54-07:00,anthonyjohnson,hwhite,28,1368049138,Suggesting
2023-10-22 19:01:54-07:00,2023-10-22 19:01:54-07:00,anthonyjohnson,hwhite,28,1691596559,Empty
2023-10-22 19:05:33-07:00,2023-10-22 19:05:33-07:00,anthonyjohnson,hwhite,28,1368050473,Explaining
2023-10-22 19:05:33-07:00,2023-10-22 19:05:33-07:00,anthonyjohnson,hwhite,28,1368050473,Asking
2023-10-22 19:05:33-07:00,2023-10-22 19:05:33-07:00,anthonyjohnson,hwhite,28,1368050473,Asking
2023-10-22 19:05:33-07:00,2023-10-22 19:05:33-07:00,anthonyjohnson,hwhite,28,1691598453,Empty
2023-10-22 19:08:46-07:00,2023-10-22 19:08:46-07:00,hwhite,hwhite,28,1368051516,Criticizing
2023-10-22 19:08:46-07:00,2023-10-22 19:08:46-07:00,hwhite,hwhite,28,1368051516,Updating
2023-10-22 19:08:46-07:00,2023-10-22 19:08:46-07:00,hwhite,hwhite,28,1691600253,Empty
2023-10-22 19:09:50-07:00,2023-10-22 19:09:50-07:00,hwhite,hwhite,28,1691600929,Empty
2023-10-22 19:09:50-07:00,2023-10-22 19:09:50-07:00,hwhite,hwhite,28,1368051969,Explaining
2023-10-22 19:09:50-07:00,2023-10-22 19:09:50-07:00,hwhite,hwhite,28,1368051969,Explaining
2023-10-22 19:09:50-07:00,2023-10-22 19:09:50-07:00,hwhite,hwhite,28,1368051969,Explaining
2023-10-22 19:11:18-07:00,2023-10-22 19:11:18-07:00,hwhite,hwhite,28,1691601671,Empty
2023-10-22 19:11:18-07:00,2023-10-22 19:11:18-07:00,hwhite,hwhite,28,1368052462,Disagreeing
2023-10-22 19:11:18-07:00,2023-10-22 19:11:18-07:00,hwhite,hwhite,28,1368052462,Complimenting
2023-10-22 19:12:59-07:00,2023-10-22 19:12:59-07:00,anthonyjohnson,hwhite,28,1368053083,Agreeing
2023-10-22 19:12:59-07:00,2023-10-22 19:12:59-07:00,anthonyjohnson,hwhite,28,1691602813,Empty
2023-10-22 19:17:30-07:00,2023-10-22 19:17:29-07:00,anthonyjohnson,hwhite,28,1368055113,Suggesting
2023-10-22 19:17:30-07:00,2023-10-22 19:17:30-07:00,anthonyjohnson,hwhite,28,1691606408,Empty
2023-10-22 19:20:55-07:00,2023-10-22 19:20:54-07:00,anthonyjohnson,hwhite,28,1368056616,Suggesting
2023-10-22 19:20:55-07:00,2023-10-22 19:20:55-07:00,anthonyjohnson,hwhite,28,1691608670,Empty
2023-10-22 19:23:49-07:00,2023-10-22 19:23:49-07:00,anthonyjohnson,hwhite,28,1368058016,Suggesting
2023-10-22 19:23:49-07:00,2023-10-22 19:23:49-07:00,anthonyjohnson,hwhite,28,1691611729,Empty
2023-10-22 19:24:28-07:00,2023-10-22 19:24:28-07:00,hwhite,hwhite,28,1691612185,Empty
2023-10-22 19:24:29-07:00,2023-10-22 19:24:28-07:00,hwhite,hwhite,28,1368058353,Agreeing
2023-10-22 19:24:29-07:00,2023-10-22 19:24:28-07:00,hwhite,hwhite,28,1368058353,Criticizing
2023-10-22 19:24:29-07:00,2023-10-22 19:24:28-07:00,hwhite,hwhite,28,1368058353,Updating
2023-10-22 19:25:00-07:00,2023-10-22 19:24:59-07:00,hwhite,hwhite,28,1368058606,Updating
2023-10-22 19:25:00-07:00,2023-10-22 19:24:59-07:00,hwhite,hwhite,28,1368058606,Updating
2023-10-22 19:25:00-07:00,2023-10-22 19:25:00-07:00,hwhite,hwhite,28,1691612456,Empty
2023-10-22 20:44:56-07:00,2023-10-22 20:44:56-07:00,anthonyjohnson,hwhite,28,1691665070,Complimenting
2023-10-23 00:49:32-07:00,2023-10-23 00:49:32-07:00,anthonyjohnson,hwhite,33,1691903759,Empty
2023-10-23 00:49:33-07:00,2023-10-23 00:49:32-07:00,anthonyjohnson,hwhite,33,1368253658,Directing
2023-10-23 00:49:33-07:00,2023-10-23 00:49:32-07:00,anthonyjohnson,hwhite,33,1368253658,Explaining
2023-10-23 00:51:30-07:00,2023-10-23 00:51:30-07:00,anthonyjohnson,hwhite,33,1368255864,Asking
2023-10-23 00:51:30-07:00,2023-10-23 00:51:30-07:00,anthonyjohnson,hwhite,33,1368255864,Criticizing
2023-10-23 00:51:30-07:00,2023-10-23 00:51:30-07:00,anthonyjohnson,hwhite,33,1368255864,Explaining
2023-10-23 00:51:30-07:00,2023-10-23 00:51:30-07:00,anthonyjohnson,hwhite,33,1691907030,Empty
2023-10-23 00:59:07-07:00,2023-10-23 00:59:07-07:00,anthonyjohnson,hwhite,33,1368267913,Criticizing
2023-10-23 00:59:07-07:00,2023-10-23 00:59:07-07:00,anthonyjohnson,hwhite,33,1368267913,Criticizing
2023-10-23 00:59:07-07:00,2023-10-23 00:59:07-07:00,anthonyjohnson,hwhite,33,1368267913,Directing
2023-10-23 00:59:07-07:00,2023-10-23 00:59:07-07:00,anthonyjohnson,hwhite,33,1691922521,Empty
2023-10-23 00:59:51-07:00,2023-10-23 00:59:51-07:00,anthonyjohnson,hwhite,33,1691923787,Empty
2023-10-23 00:59:51-07:00,2023-10-23 00:59:51-07:00,anthonyjohnson,hwhite,33,1368268695,Explaining
2023-10-23 01:24:47-07:00,2023-10-23 01:24:47-07:00,anthonyjohnson,hwhite,33,1691973440,Empty
2023-10-23 01:24:47-07:00,2023-10-23 01:24:47-07:00,anthonyjohnson,hwhite,33,1368300582,Agreeing
2023-10-23 01:24:47-07:00,2023-10-23 01:24:47-07:00,anthonyjohnson,hwhite,33,1368300582,Explaining
2023-10-23 01:29:40-07:00,2023-10-23 01:29:40-07:00,anthonyjohnson,hwhite,33,1691982711,Empty
2023-10-23 01:29:41-07:00,2023-10-23 01:29:40-07:00,anthonyjohnson,hwhite,33,1368306595,Explaining
2023-10-23 01:29:41-07:00,2023-10-23 01:29:40-07:00,anthonyjohnson,hwhite,33,1368306595,Explaining
2023-10-23 02:00:09-07:00,2023-10-23 02:00:09-07:00,anthonyjohnson,hwhite,33,1692041274,Empty
2023-10-23 02:00:09-07:00,2023-10-23 02:00:09-07:00,anthonyjohnson,hwhite,33,1368345214,Criticizing
2023-10-23 02:00:09-07:00,2023-10-23 02:00:09-07:00,anthonyjohnson,hwhite,33,1368345214,Criticizing
2023-10-23 02:00:41-07:00,2023-10-23 02:00:41-07:00,anthonyjohnson,hwhite,33,1692042381,Empty
2023-10-23 02:00:42-07:00,2023-10-23 02:00:41-07:00,anthonyjohnson,hwhite,33,1368345867,Directing
2023-10-23 02:00:42-07:00,2023-10-23 02:00:41-07:00,anthonyjohnson,hwhite,33,1368345867,Directing
2023-10-23 02:00:42-07:00,2023-10-23 02:00:41-07:00,anthonyjohnson,hwhite,33,1368345867,Directing
2023-10-23 02:16:09-07:00,2023-10-23 02:16:09-07:00,anthonyjohnson,hwhite,33,1692072045,Empty
2023-10-23 02:18:46-07:00,2023-10-23 02:18:46-07:00,anthonyjohnson,hwhite,33,1692076668,Thanking
2023-10-23 02:18:46-07:00,2023-10-23 02:18:46-07:00,anthonyjohnson,hwhite,33,1692076668,Updating
2023-10-23 02:43:57-07:00,2023-10-23 02:16:09-07:00,anthonyjohnson,hwhite,33,1368365119,Criticizing
2023-10-23 02:43:57-07:00,2023-10-23 02:16:09-07:00,anthonyjohnson,hwhite,33,1368365119,Explaining
2023-10-23 02:43:57-07:00,2023-10-23 02:16:09-07:00,anthonyjohnson,hwhite,33,1368365119,Criticizing
2023-10-23 02:43:57-07:00,2023-10-23 02:16:09-07:00,anthonyjohnson,hwhite,33,1368365119,Suggesting
2023-10-23 02:49:19-07:00,2023-10-23 02:49:19-07:00,anthonyjohnson,hwhite,33,1692134977,Empty
2023-10-23 02:49:19-07:00,2023-10-23 02:49:19-07:00,anthonyjohnson,hwhite,33,1368406275,Criticizing
2023-10-23 04:32:28-07:00,2023-10-23 04:32:27-07:00,anthonyjohnson,hwhite,33,1368519626,Criticizing
2023-10-23 04:32:28-07:00,2023-10-23 04:32:27-07:00,anthonyjohnson,hwhite,33,1368519626,Asking
2023-10-23 04:32:28-07:00,2023-10-23 04:32:28-07:00,anthonyjohnson,hwhite,33,1692308495,Empty
2023-10-23 21:05:39-07:00,2023-10-23 21:05:39-07:00,hwhite,hwhite,33,1369609504,Agreeing
2023-10-23 21:05:39-07:00,2023-10-23 21:05:39-07:00,hwhite,hwhite,33,1369609504,Explaining
2023-10-23 21:05:39-07:00,2023-10-23 21:05:39-07:00,hwhite,hwhite,33,1694002189,Empty
2023-10-23 21:51:14-07:00,2023-10-23 21:51:14-07:00,hwhite,hwhite,33,1694028601,Empty
2023-10-23 21:51:14-07:00,2023-10-23 21:51:14-07:00,hwhite,hwhite,33,1369627385,Explaining
2023-10-23 21:52:59-07:00,2023-10-23 21:52:58-07:00,hwhite,hwhite,33,1369628074,Updating
2023-10-23 21:52:59-07:00,2023-10-23 21:52:59-07:00,hwhite,hwhite,33,1694029637,Empty
2023-10-24 11:19:21-07:00,2023-10-24 11:19:21-07:00,hwhite,hwhite,33,1695606131,Empty
2023-10-24 11:19:21-07:00,2023-10-24 11:19:21-07:00,hwhite,hwhite,33,1370647022,Explaining
2023-10-24 11:19:21-07:00,2023-10-24 11:19:21-07:00,hwhite,hwhite,33,1370647022,Explaining
2023-10-24 12:56:00-07:00,2023-10-24 12:56:00-07:00,anthonyjohnson,hwhite,33,1370746698,Agreeing
2023-10-24 12:56:00-07:00,2023-10-24 12:56:00-07:00,anthonyjohnson,hwhite,33,1695773704,Empty
2023-10-24 14:05:29-07:00,2023-10-24 14:05:29-07:00,anthonyjohnson,hwhite,33,1370812034,Thanking
2023-10-24 14:05:29-07:00,2023-10-24 14:05:29-07:00,anthonyjohnson,hwhite,33,1695878667,Empty
2023-10-24 14:06:20-07:00,2023-10-24 14:06:20-07:00,anthonyjohnson,hwhite,33,1695879722,Empty
2023-10-24 14:06:21-07:00,2023-10-24 14:06:20-07:00,anthonyjohnson,hwhite,33,1370812692,Disagreeing
2023-10-24 14:06:21-07:00,2023-10-24 14:06:20-07:00,anthonyjohnson,hwhite,33,1370812692,Directing
2023-10-24 14:06:21-07:00,2023-10-24 14:06:20-07:00,anthonyjohnson,hwhite,33,1370812692,Explaining
2023-10-24 14:07:43-07:00,2023-10-24 14:07:43-07:00,anthonyjohnson,hwhite,33,1370813762,Updating
2023-10-24 14:07:43-07:00,2023-10-24 14:07:43-07:00,anthonyjohnson,hwhite,33,1370813762,Explaining
2023-10-24 14:07:43-07:00,2023-10-24 14:07:43-07:00,anthonyjohnson,hwhite,33,1695881524,Empty
2023-10-24 14:10:17-07:00,2023-10-24 14:10:17-07:00,anthonyjohnson,hwhite,33,1695885743,Empty
2023-10-24 14:10:18-07:00,2023-10-24 14:10:17-07:00,anthonyjohnson,hwhite,33,1370816196,Directing
2023-10-24 14:10:18-07:00,2023-10-24 14:10:17-07:00,anthonyjohnson,hwhite,33,1370816196,Directing
2023-10-24 14:16:20-07:00,2023-10-24 14:16:20-07:00,anthonyjohnson,hwhite,33,1370820765,Agreeing
2023-10-24 14:16:20-07:00,2023-10-24 14:16:20-07:00,anthonyjohnson,hwhite,33,1695897047,Empty
2023-10-24 14:49:23-07:00,2023-10-24 14:49:23-07:00,anthonyjohnson,hwhite,33,1695942767,Empty
2023-10-24 14:49:23-07:00,2023-10-24 14:49:23-07:00,anthonyjohnson,hwhite,33,1370852003,Criticizing
2023-10-24 14:49:23-07:00,2023-10-24 14:49:23-07:00,anthonyjohnson,hwhite,33,1370852003,Directing
2023-10-24 14:49:23-07:00,2023-10-24 14:49:23-07:00,anthonyjohnson,hwhite,33,1370852003,Directing
2023-10-24 14:49:23-07:00,2023-10-24 14:49:23-07:00,anthonyjohnson,hwhite,33,1370852003,Directing
2023-10-24 14:49:23-07:00,2023-10-24 14:49:23-07:00,anthonyjohnson,hwhite,33,1370852003,Directing
2023-10-24 14:49:23-07:00,2023-10-24 14:49:23-07:00,anthonyjohnson,hwhite,33,1370852003,Directing
2023-10-24 14:50:32-07:00,2023-10-24 14:50:32-07:00,anthonyjohnson,hwhite,33,1695943889,Empty
2023-10-24 14:50:32-07:00,2023-10-24 14:50:32-07:00,anthonyjohnson,hwhite,33,1370852759,Directing
2023-10-24 14:50:32-07:00,2023-10-24 14:50:32-07:00,anthonyjohnson,hwhite,33,1370852759,Directing
2023-10-24 15:32:20-07:00,2023-10-24 15:32:20-07:00,anthonyjohnson,hwhite,33,1695999466,Empty
2023-10-24 15:34:50-07:00,2023-10-24 15:34:50-07:00,anthonyjohnson,hwhite,33,1696005030,Empty
2023-10-24 15:38:18-07:00,2023-10-24 15:32:20-07:00,anthonyjohnson,hwhite,33,1370884768,Criticizing
2023-10-24 15:38:18-07:00,2023-10-24 15:32:20-07:00,anthonyjohnson,hwhite,33,1370884768,Directing
2023-10-24 15:38:18-07:00,2023-10-24 15:32:20-07:00,anthonyjohnson,hwhite,33,1370884768,Directing
2023-10-24 15:38:18-07:00,2023-10-24 15:32:20-07:00,anthonyjohnson,hwhite,33,1370884768,Directing
2023-10-24 15:38:18-07:00,2023-10-24 15:32:20-07:00,anthonyjohnson,hwhite,33,1370884768,Directing
2023-10-24 15:38:18-07:00,2023-10-24 15:32:20-07:00,anthonyjohnson,hwhite,33,1370884768,Directing
2023-10-24 16:30:11-07:00,2023-10-24 15:34:49-07:00,anthonyjohnson,hwhite,33,1370887514,Directing
2023-10-24 16:30:11-07:00,2023-10-24 15:34:49-07:00,anthonyjohnson,hwhite,33,1370887514,Directing
2023-10-24 16:30:11-07:00,2023-10-24 15:34:49-07:00,anthonyjohnson,hwhite,33,1370887514,Directing
2023-10-24 16:59:52-07:00,2023-10-24 16:59:52-07:00,anthonyjohnson,hwhite,33,1696108859,Suggesting
2023-10-24 16:59:52-07:00,2023-10-24 16:59:52-07:00,anthonyjohnson,hwhite,33,1696108859,Explaining
2023-10-24 16:59:52-07:00,2023-10-24 16:59:52-07:00,anthonyjohnson,hwhite,33,1696108859,Explaining
2023-10-24 16:59:52-07:00,2023-10-24 16:59:52-07:00,anthonyjohnson,hwhite,33,1696108859,Explaining
2023-10-24 16:59:52-07:00,2023-10-24 16:59:52-07:00,anthonyjohnson,hwhite,33,1696108859,Explaining
2023-10-27 17:22:25-07:00,2023-10-27 17:07:26-07:00,campbellrachel,hwhite,33,1375128057,Directing
2023-10-27 17:22:25-07:00,2023-10-27 17:22:25-07:00,campbellrachel,hwhite,33,1702655053,Updating
2023-10-27 17:22:25-07:00,2023-10-27 17:22:25-07:00,campbellrachel,hwhite,33,1702655053,Directing
2023-10-29 19:27:39-07:00,2023-10-29 19:27:39-07:00,hwhite,hwhite,33,1703156234,Empty
2023-10-29 19:27:39-07:00,2023-10-29 19:27:39-07:00,hwhite,hwhite,33,1375603732,Updating
2023-10-29 19:27:39-07:00,2023-10-29 19:27:39-07:00,hwhite,hwhite,33,1375603732,Updating
2023-10-30 12:05:08-07:00,2023-10-30 12:05:07-07:00,anthonyjohnson,hwhite,33,1376689220,Directing
2023-10-30 12:05:08-07:00,2023-10-30 12:05:07-07:00,anthonyjohnson,hwhite,33,1376689220,Updating
2023-10-30 12:05:08-07:00,2023-10-30 12:05:08-07:00,anthonyjohnson,hwhite,33,1704886014,Empty
2023-10-30 12:10:05-07:00,2023-10-30 12:10:05-07:00,anthonyjohnson,hwhite,33,1704893742,Empty
2023-10-30 12:10:06-07:00,2023-10-30 12:10:05-07:00,anthonyjohnson,hwhite,33,1376693818,Directing
2023-10-30 12:12:21-07:00,2023-10-30 12:12:21-07:00,anthonyjohnson,hwhite,33,1704897119,Empty
2023-10-30 12:12:21-07:00,2023-10-30 12:12:21-07:00,anthonyjohnson,hwhite,33,1376695932,Directing
2023-10-30 12:12:21-07:00,2023-10-30 12:12:21-07:00,anthonyjohnson,hwhite,33,1376695932,Explaining
2023-10-30 12:12:37-07:00,2023-10-30 12:12:37-07:00,hwhite,hwhite,33,1376696159,Updating
2023-10-30 12:12:37-07:00,2023-10-30 12:12:37-07:00,hwhite,hwhite,33,1704897513,Empty
2023-10-30 12:12:58-07:00,2023-10-30 12:12:57-07:00,hwhite,hwhite,33,1376696467,Updating
2023-10-30 12:12:58-07:00,2023-10-30 12:12:58-07:00,hwhite,hwhite,33,1704898020,Empty
2023-10-30 12:16:04-07:00,2023-10-30 12:16:04-07:00,anthonyjohnson,hwhite,33,1376699262,Agreeing
2023-10-30 12:16:04-07:00,2023-10-30 12:16:04-07:00,anthonyjohnson,hwhite,33,1704902471,Empty
2023-10-30 12:18:12-07:00,2023-10-30 12:18:12-07:00,anthonyjohnson,hwhite,33,1704905596,Empty
2023-10-30 12:18:12-07:00,2023-10-30 12:18:12-07:00,anthonyjohnson,hwhite,33,1376701186,Updating
2023-10-30 12:19:58-07:00,2023-10-30 12:19:57-07:00,anthonyjohnson,hwhite,33,1376702882,Directing
2023-10-30 12:19:58-07:00,2023-10-30 12:19:58-07:00,anthonyjohnson,hwhite,33,1704908253,Empty
2023-10-30 12:22:45-07:00,2023-10-30 12:22:45-07:00,hwhite,hwhite,33,1376705823,Criticizing
2023-10-30 12:22:45-07:00,2023-10-30 12:22:45-07:00,hwhite,hwhite,33,1704912634,Empty
2023-10-30 12:28:54-07:00,2023-10-30 12:28:54-07:00,anthonyjohnson,hwhite,33,1704924565,Complimenting
2023-10-30 12:36:35-07:00,2023-10-30 12:36:35-07:00,hortiz,hwhite,33,1376719311,Approving
2023-10-30 12:36:35-07:00,2023-10-30 12:36:35-07:00,hortiz,hwhite,33,1376719311,Criticizing
2023-10-30 12:36:35-07:00,2023-10-30 12:36:35-07:00,hortiz,hwhite,33,1376719311,Asking
2023-10-30 12:36:35-07:00,2023-10-30 12:36:35-07:00,hortiz,hwhite,33,1704935553,Empty
2023-10-30 12:36:59-07:00,2023-10-30 12:36:59-07:00,hortiz,hwhite,33,1704936072,Approving
2023-10-30 12:36:59-07:00,2023-10-30 12:36:59-07:00,hortiz,hwhite,33,1704936072,Complimenting
2023-10-30 12:38:50-07:00,2023-10-30 12:38:50-07:00,hwhite,hwhite,33,1704938713,Empty
2023-10-30 12:38:51-07:00,2023-10-30 12:38:50-07:00,hwhite,hwhite,33,1376721287,Apologizing
2023-10-30 12:38:51-07:00,2023-10-30 12:38:50-07:00,hwhite,hwhite,33,1376721287,Updating
2023-10-30 12:38:51-07:00,2023-10-30 12:38:50-07:00,hwhite,hwhite,33,1376721287,Updating
2023-10-25 20:41:05-07:00,2023-10-25 20:41:05-07:00,hwhite,campbellrachel,37,1698668116,Empty
2023-10-25 20:41:05-07:00,2023-10-25 20:41:05-07:00,hwhite,campbellrachel,37,1372542439,Asking
2023-10-25 20:41:39-07:00,2023-10-25 20:41:39-07:00,hwhite,campbellrachel,37,1698669105,Empty
2023-10-27 13:14:42-07:00,2023-10-27 13:14:42-07:00,hortiz,campbellrachel,37,1702480697,Empty
2023-10-27 18:58:01-07:00,2023-10-27 18:58:00-07:00,campbellrachel,campbellrachel,37,1375146467,Updating
2023-10-27 18:58:01-07:00,2023-10-27 18:58:01-07:00,campbellrachel,campbellrachel,37,1702677376,Empty
2023-10-29 13:07:19-07:00,2023-10-29 13:07:18-07:00,hwhite,campbellrachel,37,1375504276,Updating
2023-10-29 13:07:19-07:00,2023-10-29 13:07:18-07:00,hwhite,campbellrachel,37,1375504276,Updating
2023-10-29 13:07:19-07:00,2023-10-29 13:07:19-07:00,hwhite,campbellrachel,37,1703029477,Empty
2023-10-30 18:17:08-07:00,2023-10-30 18:17:08-07:00,campbellrachel,campbellrachel,37,1705290661,Empty
2023-10-30 18:17:25-07:00,2023-10-30 18:11:33-07:00,campbellrachel,campbellrachel,37,1376946492,Asking
2023-10-30 18:17:25-07:00,2023-10-30 18:11:33-07:00,campbellrachel,campbellrachel,37,1376946492,Criticizing
2023-10-30 18:19:02-07:00,2023-10-30 18:19:02-07:00,anthonyjohnson,campbellrachel,37,1376949922,Apologizing
2023-10-30 18:19:02-07:00,2023-10-30 18:19:02-07:00,anthonyjohnson,campbellrachel,37,1376949922,Apologizing
2023-10-30 18:19:02-07:00,2023-10-30 18:19:02-07:00,anthonyjohnson,campbellrachel,37,1705295116,Empty
2023-10-30 18:19:26-07:00,2023-10-30 18:19:26-07:00,anthonyjohnson,campbellrachel,37,1376950087,Directing
2023-10-30 18:19:26-07:00,2023-10-30 18:19:26-07:00,anthonyjohnson,campbellrachel,37,1376950087,Updating
2023-10-30 18:19:26-07:00,2023-10-30 18:19:26-07:00,anthonyjohnson,campbellrachel,37,1705295366,Empty
2023-10-31 01:28:47-07:00,2023-10-31 01:28:46-07:00,campbellrachel,campbellrachel,37,1377214825,Agreeing
2023-10-31 01:28:47-07:00,2023-10-31 01:28:47-07:00,campbellrachel,campbellrachel,37,1705699487,Empty
2023-10-31 12:47:32-07:00,2023-10-31 12:47:32-07:00,anthonyjohnson,campbellrachel,37,1707127117,Empty
2023-11-01 11:50:53-07:00,2023-10-31 12:47:32-07:00,anthonyjohnson,campbellrachel,37,1378095867,Explaining
2023-11-01 11:50:53-07:00,2023-10-31 12:47:32-07:00,anthonyjohnson,campbellrachel,37,1378095867,Explaining
2023-11-08 00:39:27-08:00,2023-11-08 00:39:27-08:00,hortiz,campbellrachel,37,1719686054,Approving
2023-11-08 00:39:27-08:00,2023-11-08 00:39:27-08:00,hortiz,campbellrachel,37,1719686054,Updating
2023-11-08 00:39:27-08:00,2023-11-08 00:39:27-08:00,hortiz,campbellrachel,37,1719686054,Complimenting
2023-10-24 17:57:31-07:00,2023-10-24 17:57:31-07:00,hwhite,anthonyjohnson,41,1696142134,Empty
2023-10-25 14:29:26-07:00,2023-10-25 14:29:26-07:00,hortiz,anthonyjohnson,42,1372345215,Criticizing
2023-10-25 14:29:26-07:00,2023-10-25 14:29:26-07:00,hortiz,anthonyjohnson,42,1698283430,Empty
2023-10-25 14:31:17-07:00,2023-10-25 14:31:17-07:00,hortiz,anthonyjohnson,42,1698285750,Empty
2023-10-25 14:31:17-07:00,2023-10-25 14:31:17-07:00,hortiz,anthonyjohnson,42,1372346692,Explaining
2023-10-25 14:34:50-07:00,2023-10-25 14:34:50-07:00,anthonyjohnson,anthonyjohnson,42,1372349372,Agreeing
2023-10-25 14:34:50-07:00,2023-10-25 14:34:50-07:00,anthonyjohnson,anthonyjohnson,42,1372349372,Explaining
2023-10-25 14:34:50-07:00,2023-10-25 14:34:50-07:00,anthonyjohnson,anthonyjohnson,42,1372349372,Updating
2023-10-25 14:34:50-07:00,2023-10-25 14:34:50-07:00,anthonyjohnson,anthonyjohnson,42,1698289745,Empty
2023-10-25 14:58:26-07:00,2023-10-25 14:58:25-07:00,anthonyjohnson,anthonyjohnson,42,1372365971,Explaining
2023-10-25 14:58:26-07:00,2023-10-25 14:58:25-07:00,anthonyjohnson,anthonyjohnson,42,1372365971,Agreeing
2023-10-25 14:58:26-07:00,2023-10-25 14:58:25-07:00,anthonyjohnson,anthonyjohnson,42,1372365971,Thanking
2023-10-25 14:58:26-07:00,2023-10-25 14:58:26-07:00,anthonyjohnson,anthonyjohnson,42,1698314588,Empty
2023-10-25 15:33:25-07:00,2023-10-25 15:33:25-07:00,anthonyjohnson,anthonyjohnson,42,1372387188,Directing
2023-10-25 15:33:25-07:00,2023-10-25 15:33:25-07:00,anthonyjohnson,anthonyjohnson,42,1372387188,Explaining
2023-10-25 15:33:25-07:00,2023-10-25 15:33:25-07:00,anthonyjohnson,anthonyjohnson,42,1372387188,Explaining
2023-10-25 15:33:25-07:00,2023-10-25 15:33:25-07:00,anthonyjohnson,anthonyjohnson,42,1698347124,Empty
2023-10-25 15:44:52-07:00,2023-10-25 15:44:52-07:00,hortiz,anthonyjohnson,42,1698356784,Empty
2023-10-25 15:44:52-07:00,2023-10-25 15:44:52-07:00,hortiz,anthonyjohnson,42,1372393827,Complimenting
2023-10-25 15:44:52-07:00,2023-10-25 15:44:52-07:00,hortiz,anthonyjohnson,42,1372393827,Updating
2023-10-26 13:24:33-07:00,2023-10-26 13:24:33-07:00,hwhite,anthonyjohnson,42,1700586602,Empty
2023-10-25 19:29:49-07:00,2023-10-25 19:29:49-07:00,anthonyjohnson,hortiz,44,1698622834,Empty
2023-10-29 20:23:38-07:00,2023-10-29 20:23:38-07:00,campbellrachel,hwhite,47,1703192330,Empty
2023-10-29 20:23:38-07:00,2023-10-29 20:23:38-07:00,campbellrachel,hwhite,47,1375628830,Explaining
2023-10-29 20:23:38-07:00,2023-10-29 20:23:38-07:00,campbellrachel,hwhite,47,1375628830,Directing
2023-10-29 21:44:28-07:00,2023-10-29 20:46:39-07:00,campbellrachel,hwhite,47,1375639014,Criticizing
2023-10-29 21:44:28-07:00,2023-10-29 20:57:59-07:00,campbellrachel,hwhite,47,1375643740,Directing
2023-10-29 21:44:28-07:00,2023-10-29 20:57:59-07:00,campbellrachel,hwhite,47,1375643740,Directing
2023-10-29 21:44:28-07:00,2023-10-29 21:44:28-07:00,campbellrachel,hwhite,47,1703209989,Empty
2023-10-29 22:14:10-07:00,2023-10-29 22:13:57-07:00,campbellrachel,hwhite,47,1375682429,Directing
2023-10-29 22:14:10-07:00,2023-10-29 22:13:57-07:00,campbellrachel,hwhite,47,1375682429,Directing
2023-10-29 22:14:10-07:00,2023-10-29 22:13:57-07:00,campbellrachel,hwhite,47,1375682429,Explaining
2023-10-29 22:14:10-07:00,2023-10-29 22:14:10-07:00,campbellrachel,hwhite,47,1703277747,Empty
2023-10-29 23:17:09-07:00,2023-10-29 20:56:37-07:00,campbellrachel,hwhite,47,1375643201,Directing
2023-10-30 11:03:48-07:00,2023-10-30 11:03:48-07:00,hwhite,hwhite,47,1704784924,Empty
2023-10-30 11:03:48-07:00,2023-10-30 11:03:48-07:00,hwhite,hwhite,47,1376623220,Updating
2023-10-30 11:03:48-07:00,2023-10-30 11:03:48-07:00,hwhite,hwhite,47,1376623220,Updating
2023-10-30 13:41:06-07:00,2023-10-30 13:41:06-07:00,campbellrachel,hwhite,47,1376777188,Criticizing
2023-10-30 13:41:06-07:00,2023-10-30 13:41:06-07:00,campbellrachel,hwhite,47,1376777188,Criticizing
2023-10-30 13:41:06-07:00,2023-10-30 13:41:06-07:00,campbellrachel,hwhite,47,1705027460,Empty
2023-10-30 13:41:30-07:00,2023-10-30 13:41:30-07:00,campbellrachel,hwhite,47,1705028038,Updating
2023-10-30 13:44:49-07:00,2023-10-30 13:44:49-07:00,hwhite,hwhite,47,1705032906,Empty
2023-10-30 13:44:49-07:00,2023-10-30 13:44:49-07:00,hwhite,hwhite,47,1376780465,Agreeing
2023-10-30 14:19:54-07:00,2023-10-30 14:19:54-07:00,anthonyjohnson,hwhite,47,1705095000,Empty
2023-10-30 14:19:54-07:00,2023-10-30 14:19:54-07:00,anthonyjohnson,hwhite,47,1376815343,Directing
2023-10-30 14:20:22-07:00,2023-10-30 14:20:22-07:00,anthonyjohnson,hwhite,47,1705095553,Empty
2023-10-30 14:20:22-07:00,2023-10-30 14:20:22-07:00,anthonyjohnson,hwhite,47,1376815719,Directing
2023-10-30 14:22:57-07:00,2023-10-30 14:22:56-07:00,anthonyjohnson,hwhite,47,1376817643,Directing
2023-10-30 14:22:57-07:00,2023-10-30 14:22:57-07:00,anthonyjohnson,hwhite,47,1705098680,Empty
2023-10-30 14:24:19-07:00,2023-10-30 14:24:19-07:00,anthonyjohnson,hwhite,47,1376818720,Updating
2023-10-30 14:24:19-07:00,2023-10-30 14:24:19-07:00,anthonyjohnson,hwhite,47,1376818720,Updating
2023-10-30 14:24:19-07:00,2023-10-30 14:24:19-07:00,anthonyjohnson,hwhite,47,1705100350,Empty
2023-10-30 14:25:19-07:00,2023-10-30 14:25:19-07:00,hwhite,hwhite,47,1705101579,Empty
2023-10-30 14:25:20-07:00,2023-10-30 14:25:19-07:00,hwhite,hwhite,47,1376819477,Asking
2023-10-30 14:29:11-07:00,2023-10-30 14:29:11-07:00,anthonyjohnson,hwhite,47,1705106278,Empty
2023-10-30 14:29:11-07:00,2023-10-30 14:29:11-07:00,anthonyjohnson,hwhite,47,1376822799,Disagreeing
2023-10-30 14:29:11-07:00,2023-10-30 14:29:11-07:00,anthonyjohnson,hwhite,47,1376822799,Directing
2023-10-30 14:30:30-07:00,2023-10-30 14:30:30-07:00,hwhite,hwhite,47,1705107791,Empty
2023-10-30 14:30:31-07:00,2023-10-30 14:30:30-07:00,hwhite,hwhite,47,1376823730,Agreeing
2023-10-30 14:40:12-07:00,2023-10-30 14:40:12-07:00,anthonyjohnson,hwhite,47,1705119337,Empty
2023-10-30 14:40:12-07:00,2023-10-30 14:40:12-07:00,anthonyjohnson,hwhite,47,1376831252,Disagreeing
2023-10-30 14:40:12-07:00,2023-10-30 14:40:12-07:00,anthonyjohnson,hwhite,47,1376831252,Directing
2023-10-30 14:42:31-07:00,2023-10-30 14:42:30-07:00,hwhite,hwhite,47,1376833008,Asking
2023-10-30 14:42:31-07:00,2023-10-30 14:42:30-07:00,hwhite,hwhite,47,1376833008,Asking
2023-10-30 14:42:31-07:00,2023-10-30 14:42:31-07:00,hwhite,hwhite,47,1705122018,Empty
2023-10-30 14:43:10-07:00,2023-10-30 14:43:09-07:00,anthonyjohnson,hwhite,47,1376833433,Asking
2023-10-30 14:43:10-07:00,2023-10-30 14:43:10-07:00,anthonyjohnson,hwhite,47,1705122678,Empty
2023-10-30 14:46:29-07:00,2023-10-30 14:46:28-07:00,hwhite,hwhite,47,1376835835,Explaining
2023-10-30 14:46:29-07:00,2023-10-30 14:46:28-07:00,hwhite,hwhite,47,1376835835,Updating
2023-10-30 14:46:29-07:00,2023-10-30 14:46:29-07:00,hwhite,hwhite,47,1705126115,Empty
2023-10-30 14:46:48-07:00,2023-10-30 14:46:48-07:00,anthonyjohnson,hwhite,47,1705126470,Empty
2023-10-30 14:46:48-07:00,2023-10-30 14:46:48-07:00,anthonyjohnson,hwhite,47,1376836077,Directing
2023-10-30 14:46:48-07:00,2023-10-30 14:46:48-07:00,anthonyjohnson,hwhite,47,1376836077,Directing
2023-10-30 14:48:28-07:00,2023-10-30 14:48:28-07:00,anthonyjohnson,hwhite,47,1376837234,Directing
2023-10-30 14:48:28-07:00,2023-10-30 14:48:28-07:00,anthonyjohnson,hwhite,47,1376837234,Directing
2023-10-30 14:48:28-07:00,2023-10-30 14:48:28-07:00,anthonyjohnson,hwhite,47,1705128154,Empty
2023-10-30 14:50:58-07:00,2023-10-30 14:50:58-07:00,anthonyjohnson,hwhite,47,1376839132,Agreeing
2023-10-30 14:50:58-07:00,2023-10-30 14:50:58-07:00,anthonyjohnson,hwhite,47,1376839132,Directing
2023-10-30 14:50:58-07:00,2023-10-30 14:50:58-07:00,anthonyjohnson,hwhite,47,1376839132,Directing
2023-10-30 14:50:58-07:00,2023-10-30 14:50:58-07:00,anthonyjohnson,hwhite,47,1376839132,Updating
2023-10-30 14:50:58-07:00,2023-10-30 14:50:58-07:00,anthonyjohnson,hwhite,47,1376839132,Updating
2023-10-30 14:50:58-07:00,2023-10-30 14:50:58-07:00,anthonyjohnson,hwhite,47,1705131814,Empty
2023-10-30 14:52:16-07:00,2023-10-30 14:52:16-07:00,hwhite,hwhite,47,1376840262,Criticizing
2023-10-30 14:52:16-07:00,2023-10-30 14:52:16-07:00,hwhite,hwhite,47,1376840262,Directing
2023-10-30 14:52:16-07:00,2023-10-30 14:52:16-07:00,hwhite,hwhite,47,1376840262,Directing
2023-10-30 14:52:16-07:00,2023-10-30 14:52:16-07:00,hwhite,hwhite,47,1705133812,Empty
2023-10-30 14:53:20-07:00,2023-10-30 14:53:20-07:00,anthonyjohnson,hwhite,47,1376840969,Directing
2023-10-30 14:53:20-07:00,2023-10-30 14:53:20-07:00,anthonyjohnson,hwhite,47,1705134910,Empty
2023-10-30 14:55:49-07:00,2023-10-30 14:55:49-07:00,hwhite,hwhite,47,1705137670,Empty
2023-10-30 14:55:49-07:00,2023-10-30 14:55:49-07:00,hwhite,hwhite,47,1376842794,Complimenting
2023-10-30 14:55:49-07:00,2023-10-30 14:55:49-07:00,hwhite,hwhite,47,1376842794,Updating
2023-10-30 14:56:25-07:00,2023-10-30 14:56:25-07:00,anthonyjohnson,hwhite,47,1705138267,Empty
2023-10-30 14:56:26-07:00,2023-10-30 14:56:25-07:00,anthonyjohnson,hwhite,47,1376843156,Asking
2023-10-30 15:01:34-07:00,2023-10-30 15:01:34-07:00,hwhite,hwhite,47,1376846653,Agreeing
2023-10-30 15:01:34-07:00,2023-10-30 15:01:34-07:00,hwhite,hwhite,47,1376846653,Updating
2023-10-30 15:01:34-07:00,2023-10-30 15:01:34-07:00,hwhite,hwhite,47,1376846653,Updating
2023-10-30 15:01:34-07:00,2023-10-30 15:01:34-07:00,hwhite,hwhite,47,1705143600,Empty
2023-10-30 15:02:12-07:00,2023-10-30 15:02:12-07:00,anthonyjohnson,hwhite,47,1705144240,Empty
2023-10-30 15:02:13-07:00,2023-10-30 15:02:12-07:00,anthonyjohnson,hwhite,47,1376847048,Disagreeing
2023-10-30 15:02:13-07:00,2023-10-30 15:02:12-07:00,anthonyjohnson,hwhite,47,1376847048,Updating
2023-10-30 15:03:38-07:00,2023-10-30 15:03:38-07:00,hwhite,hwhite,47,1705145645,Empty
2023-10-30 15:03:38-07:00,2023-10-30 15:03:38-07:00,hwhite,hwhite,47,1376847991,Updating
2023-10-30 15:03:38-07:00,2023-10-30 15:03:38-07:00,hwhite,hwhite,47,1376847991,Directing
2023-10-30 15:03:56-07:00,2023-10-30 15:03:56-07:00,anthonyjohnson,hwhite,47,1705145918,Empty
2023-10-30 15:03:56-07:00,2023-10-30 15:03:56-07:00,anthonyjohnson,hwhite,47,1376848189,Directing
2023-10-30 15:03:56-07:00,2023-10-30 15:03:56-07:00,anthonyjohnson,hwhite,47,1376848189,Directing
2023-10-30 15:07:11-07:00,2023-10-30 15:07:11-07:00,anthonyjohnson,hwhite,47,1705149282,Empty
2023-10-30 15:07:11-07:00,2023-10-30 15:07:11-07:00,anthonyjohnson,hwhite,47,1376850201,Approving
2023-10-30 15:07:15-07:00,2023-10-30 15:07:15-07:00,hwhite,hwhite,47,1705149398,Empty
2023-10-30 15:07:16-07:00,2023-10-30 15:07:15-07:00,hwhite,hwhite,47,1376850246,Asking
2023-10-30 15:08:57-07:00,2023-10-30 15:08:57-07:00,anthonyjohnson,hwhite,47,1705150982,Empty
2023-10-30 15:08:58-07:00,2023-10-30 15:08:57-07:00,anthonyjohnson,hwhite,47,1376851301,Updating
2023-10-30 15:08:58-07:00,2023-10-30 15:08:57-07:00,anthonyjohnson,hwhite,47,1376851301,Criticizing
2023-10-30 15:08:58-07:00,2023-10-30 15:08:57-07:00,anthonyjohnson,hwhite,47,1376851301,Directing
2023-10-30 15:09:43-07:00,2023-10-30 15:09:43-07:00,hwhite,hwhite,47,1705151786,Empty
2023-10-30 15:09:43-07:00,2023-10-30 15:09:43-07:00,hwhite,hwhite,47,1376851842,Agreeing
2023-10-30 15:11:33-07:00,2023-10-30 15:11:32-07:00,anthonyjohnson,hwhite,47,1376853979,Explaining
2023-10-30 15:11:33-07:00,2023-10-30 15:11:32-07:00,anthonyjohnson,hwhite,47,1376853979,Updating
2023-10-30 15:11:33-07:00,2023-10-30 15:11:32-07:00,anthonyjohnson,hwhite,47,1376853979,Directing
2023-10-30 15:11:33-07:00,2023-10-30 15:11:32-07:00,anthonyjohnson,hwhite,47,1376853979,Updating
2023-10-30 15:11:33-07:00,2023-10-30 15:11:33-07:00,anthonyjohnson,hwhite,47,1705155097,Empty
2023-10-30 15:27:20-07:00,2023-10-30 15:27:20-07:00,anthonyjohnson,hwhite,47,1705171436,Empty
2023-10-30 15:27:21-07:00,2023-10-30 15:27:20-07:00,anthonyjohnson,hwhite,47,1376864650,Asking
2023-10-30 15:33:14-07:00,2023-10-30 15:33:14-07:00,hwhite,hwhite,47,1705176341,Empty
2023-10-30 15:33:15-07:00,2023-10-30 15:33:14-07:00,hwhite,hwhite,47,1376868064,Updating
2023-10-30 15:33:15-07:00,2023-10-30 15:33:14-07:00,hwhite,hwhite,47,1376868064,Explaining
2023-10-30 15:33:15-07:00,2023-10-30 15:33:14-07:00,hwhite,hwhite,47,1376868064,Updating
2023-10-30 15:48:02-07:00,2023-10-30 15:48:01-07:00,anthonyjohnson,hwhite,47,1376876612,Asking
2023-10-30 15:48:02-07:00,2023-10-30 15:48:02-07:00,anthonyjohnson,hwhite,47,1705188934,Empty
2023-10-30 15:48:52-07:00,2023-10-30 15:48:52-07:00,anthonyjohnson,hwhite,47,1705189605,Empty
2023-10-30 15:48:52-07:00,2023-10-30 15:48:52-07:00,anthonyjohnson,hwhite,47,1376877088,Updating
2023-10-30 15:48:52-07:00,2023-10-30 15:48:52-07:00,anthonyjohnson,hwhite,47,1376877088,Directing
2023-10-30 15:48:52-07:00,2023-10-30 15:48:52-07:00,anthonyjohnson,hwhite,47,1376877088,Directing
2023-10-30 16:07:06-07:00,2023-10-30 16:07:06-07:00,anthonyjohnson,hwhite,47,1705208916,Empty
2023-10-30 16:07:06-07:00,2023-10-30 16:07:06-07:00,anthonyjohnson,hwhite,47,1376888908,Directing
2023-10-30 16:13:31-07:00,2023-10-30 16:13:31-07:00,anthonyjohnson,hwhite,47,1705213801,Approving
2023-10-30 16:13:31-07:00,2023-10-30 16:13:31-07:00,anthonyjohnson,hwhite,47,1705213801,Complimenting
2023-10-30 16:22:13-07:00,2023-10-30 16:22:13-07:00,anthonyjohnson,hwhite,47,1705220173,Empty
2023-10-30 16:22:13-07:00,2023-10-30 16:22:13-07:00,anthonyjohnson,hwhite,47,1376896597,Complimenting
2023-10-26 16:19:39-07:00,2023-10-26 16:19:39-07:00,anthonyjohnson,hortiz,49,1700776549,Empty
2023-10-26 16:20:53-07:00,2023-10-26 16:20:53-07:00,anthonyjohnson,hortiz,49,1373916144,Criticizing
2023-10-26 16:20:53-07:00,2023-10-26 16:20:53-07:00,anthonyjohnson,hortiz,49,1700777332,Empty
2023-10-26 16:21:40-07:00,2023-10-26 16:19:39-07:00,anthonyjohnson,hortiz,49,1373915558,Directing
2023-10-26 16:22:20-07:00,2023-10-26 16:22:20-07:00,anthonyjohnson,hortiz,49,1700778238,Empty
2023-10-26 16:22:20-07:00,2023-10-26 16:22:20-07:00,anthonyjohnson,hortiz,49,1373916788,Directing
2023-10-26 16:23:18-07:00,2023-10-26 16:23:17-07:00,anthonyjohnson,hortiz,49,1373917187,Criticizing
2023-10-26 16:23:18-07:00,2023-10-26 16:23:17-07:00,anthonyjohnson,hortiz,49,1373917187,Criticizing
2023-10-26 16:23:18-07:00,2023-10-26 16:23:18-07:00,anthonyjohnson,hortiz,49,1700778817,Empty
2023-10-26 16:23:19-07:00,2023-10-26 16:23:19-07:00,hwhite,hortiz,49,1373917200,Asking
2023-10-26 16:23:19-07:00,2023-10-26 16:23:19-07:00,hwhite,hortiz,49,1700778836,Empty
2023-10-26 16:24:16-07:00,2023-10-26 16:24:16-07:00,anthonyjohnson,hortiz,49,1700779378,Empty
2023-10-26 16:24:17-07:00,2023-10-26 16:24:16-07:00,anthonyjohnson,hortiz,49,1373917563,Updating
2023-10-26 16:24:17-07:00,2023-10-26 16:24:16-07:00,anthonyjohnson,hortiz,49,1373917563,Directing
2023-10-26 16:24:17-07:00,2023-10-26 16:24:17-07:00,hwhite,hortiz,49,1700779397,Empty
2023-10-26 16:25:01-07:00,2023-10-26 16:25:01-07:00,anthonyjohnson,hortiz,49,1700779854,Empty
2023-10-26 16:25:01-07:00,2023-10-26 16:25:01-07:00,anthonyjohnson,hortiz,49,1373917931,Updating
2023-10-26 16:25:01-07:00,2023-10-26 16:25:01-07:00,anthonyjohnson,hortiz,49,1373917931,Criticizing
2023-10-26 16:27:27-07:00,2023-10-26 16:27:27-07:00,anthonyjohnson,hortiz,49,1700781359,Empty
2023-10-26 16:27:27-07:00,2023-10-26 16:27:27-07:00,anthonyjohnson,hortiz,49,1373918914,Criticizing
2023-10-26 16:27:27-07:00,2023-10-26 16:27:27-07:00,anthonyjohnson,hortiz,49,1373918914,Directing
2023-10-26 16:29:53-07:00,2023-10-26 16:29:53-07:00,anthonyjohnson,hortiz,49,1700782851,Approving
2023-10-26 16:29:53-07:00,2023-10-26 16:29:53-07:00,anthonyjohnson,hortiz,49,1700782851,Directing
2023-10-26 16:29:53-07:00,2023-10-26 16:29:53-07:00,anthonyjohnson,hortiz,49,1700782851,Directing
2023-10-26 16:29:53-07:00,2023-10-26 16:29:53-07:00,anthonyjohnson,hortiz,49,1700782851,Directing
2023-10-26 16:29:53-07:00,2023-10-26 16:29:53-07:00,anthonyjohnson,hortiz,49,1700782851,Explaining
2023-10-26 16:52:59-07:00,2023-10-26 16:52:58-07:00,anthonyjohnson,hortiz,49,1373932774,Directing
2023-10-26 16:52:59-07:00,2023-10-26 16:52:59-07:00,anthonyjohnson,hortiz,49,1700800610,Empty
2023-10-26 16:54:15-07:00,2023-10-26 16:54:15-07:00,anthonyjohnson,hortiz,49,1700802055,Empty
2023-10-26 16:54:31-07:00,2023-10-26 16:54:15-07:00,anthonyjohnson,hortiz,49,1373934025,Agreeing
2023-10-26 16:54:31-07:00,2023-10-26 16:54:15-07:00,anthonyjohnson,hortiz,49,1373934025,Disagreeing
2023-10-26 16:54:31-07:00,2023-10-26 16:54:15-07:00,anthonyjohnson,hortiz,49,1373934025,Directing
2023-10-26 16:54:49-07:00,2023-10-26 16:54:49-07:00,anthonyjohnson,hortiz,49,1700802439,Empty
2023-10-26 16:54:49-07:00,2023-10-26 16:54:49-07:00,anthonyjohnson,hortiz,49,1373934314,Directing
2023-10-26 16:55:26-07:00,2023-10-26 16:55:25-07:00,anthonyjohnson,hortiz,49,1373934794,Directing
2023-10-26 16:55:26-07:00,2023-10-26 16:55:26-07:00,anthonyjohnson,hortiz,49,1700803199,Empty
2023-10-26 17:01:03-07:00,2023-10-26 17:01:02-07:00,anthonyjohnson,hortiz,49,1373938081,Directing
2023-10-26 17:01:03-07:00,2023-10-26 17:01:02-07:00,anthonyjohnson,hortiz,49,1373938081,Directing
2023-10-26 17:01:03-07:00,2023-10-26 17:01:03-07:00,anthonyjohnson,hortiz,49,1700807862,Empty
2023-10-26 17:06:23-07:00,2023-10-26 17:06:23-07:00,hortiz,hortiz,49,1373941643,Disagreeing
2023-10-26 17:06:23-07:00,2023-10-26 17:06:23-07:00,hortiz,hortiz,49,1700812683,Empty
2023-10-26 17:28:08-07:00,2023-10-26 17:28:08-07:00,anthonyjohnson,hortiz,49,1373955327,Explaining
2023-10-26 17:28:08-07:00,2023-10-26 17:28:08-07:00,anthonyjohnson,hortiz,49,1373955327,Explaining
2023-10-26 17:28:08-07:00,2023-10-26 17:28:08-07:00,anthonyjohnson,hortiz,49,1373955327,Explaining
2023-10-26 17:28:08-07:00,2023-10-26 17:28:08-07:00,anthonyjohnson,hortiz,49,1373955327,Explaining
2023-10-26 17:28:08-07:00,2023-10-26 17:28:08-07:00,anthonyjohnson,hortiz,49,1700829530,Empty
2023-10-26 17:29:17-07:00,2023-10-26 17:29:17-07:00,anthonyjohnson,hortiz,49,1700830321,Empty
2023-10-26 17:29:18-07:00,2023-10-26 17:29:17-07:00,anthonyjohnson,hortiz,49,1373955941,Directing
2023-10-26 17:29:18-07:00,2023-10-26 17:29:17-07:00,anthonyjohnson,hortiz,49,1373955941,Directing
2023-10-26 17:29:18-07:00,2023-10-26 17:29:17-07:00,anthonyjohnson,hortiz,49,1373955941,Directing
2023-10-26 17:31:52-07:00,2023-10-26 17:31:52-07:00,hortiz,hortiz,49,1700831724,Empty
2023-10-26 17:31:53-07:00,2023-10-26 17:31:52-07:00,hortiz,hortiz,49,1373956970,Updating
2023-10-26 17:31:53-07:00,2023-10-26 17:31:52-07:00,hortiz,hortiz,49,1373956970,Explaining
2023-10-26 17:32:31-07:00,2023-10-26 17:32:30-07:00,hortiz,hortiz,49,1373957284,Disagreeing
2023-10-26 17:32:31-07:00,2023-10-26 17:32:31-07:00,hortiz,hortiz,49,1700832090,Empty
2023-10-26 17:36:03-07:00,2023-10-26 17:36:03-07:00,hortiz,hortiz,49,1373958695,Updating
2023-10-26 17:36:03-07:00,2023-10-26 17:36:03-07:00,hortiz,hortiz,49,1700834071,Empty
2023-10-26 17:38:36-07:00,2023-10-26 17:38:36-07:00,anthonyjohnson,hortiz,49,1700835330,Empty
2023-10-26 17:38:36-07:00,2023-10-26 17:38:36-07:00,anthonyjohnson,hortiz,49,1373959635,Agreeing
2023-10-26 17:39:35-07:00,2023-10-26 17:39:35-07:00,anthonyjohnson,hortiz,49,1700835890,Empty
2023-10-26 17:39:36-07:00,2023-10-26 17:39:35-07:00,anthonyjohnson,hortiz,49,1373960011,Directing
2023-10-26 17:41:41-07:00,2023-10-26 17:41:41-07:00,anthonyjohnson,hortiz,49,1700836935,Empty
2023-10-26 17:41:52-07:00,2023-10-26 17:41:40-07:00,anthonyjohnson,hortiz,49,1373960756,Directing
2023-10-26 17:41:52-07:00,2023-10-26 17:41:40-07:00,anthonyjohnson,hortiz,49,1373960756,Directing
2023-10-26 17:43:42-07:00,2023-10-26 17:43:42-07:00,anthonyjohnson,hortiz,49,1700837973,Empty
2023-10-26 17:43:42-07:00,2023-10-26 17:43:42-07:00,anthonyjohnson,hortiz,49,1373961537,Updating
2023-10-26 17:43:42-07:00,2023-10-26 17:43:42-07:00,anthonyjohnson,hortiz,49,1373961537,Updating
2023-10-26 17:43:42-07:00,2023-10-26 17:43:42-07:00,anthonyjohnson,hortiz,49,1373961537,Updating
2023-10-26 17:44:33-07:00,2023-10-26 17:44:33-07:00,anthonyjohnson,hortiz,49,1700838433,Empty
2023-10-26 17:44:34-07:00,2023-10-26 17:44:33-07:00,anthonyjohnson,hortiz,49,1373961838,Directing
2023-10-26 17:44:45-07:00,2023-10-26 17:44:45-07:00,anthonyjohnson,hortiz,49,1700838537,Empty
2023-10-26 17:46:11-07:00,2023-10-26 17:46:11-07:00,anthonyjohnson,hortiz,49,1700839348,Empty
2023-10-26 17:46:12-07:00,2023-10-26 17:46:11-07:00,anthonyjohnson,hortiz,49,1373962593,Directing
2023-10-26 17:46:12-07:00,2023-10-26 17:46:11-07:00,anthonyjohnson,hortiz,49,1373962593,Explaining
2023-10-26 17:47:06-07:00,2023-10-26 17:47:06-07:00,anthonyjohnson,hortiz,49,1700839852,Empty
2023-10-26 17:47:06-07:00,2023-10-26 17:47:06-07:00,anthonyjohnson,hortiz,49,1373962941,Disagreeing
2023-10-26 17:48:35-07:00,2023-10-26 17:44:45-07:00,anthonyjohnson,hortiz,49,1373961924,Directing
2023-10-26 17:54:55-07:00,2023-10-26 17:54:55-07:00,anthonyjohnson,hortiz,49,1700843975,Empty
2023-10-26 17:54:55-07:00,2023-10-26 17:54:55-07:00,anthonyjohnson,hortiz,49,1373965930,Directing
2023-10-26 17:54:55-07:00,2023-10-26 17:54:55-07:00,anthonyjohnson,hortiz,49,1373965930,Explaining
2023-10-26 17:58:21-07:00,2023-10-26 17:58:21-07:00,anthonyjohnson,hortiz,49,1700848261,Empty
2023-10-26 17:58:21-07:00,2023-10-26 17:58:21-07:00,anthonyjohnson,hortiz,49,1373968509,Directing
2023-10-26 18:00:08-07:00,2023-10-26 18:00:08-07:00,anthonyjohnson,hortiz,49,1700849251,Empty
2023-10-26 18:00:53-07:00,2023-10-26 18:00:53-07:00,anthonyjohnson,hortiz,49,1700849622,Empty
2023-10-26 18:00:53-07:00,2023-10-26 18:00:53-07:00,anthonyjohnson,hortiz,49,1373969459,Directing
2023-10-26 18:02:06-07:00,2023-10-26 18:02:06-07:00,anthonyjohnson,hortiz,49,1700850266,Empty
2023-10-26 18:05:27-07:00,2023-10-26 18:05:27-07:00,anthonyjohnson,hortiz,49,1700851960,Empty
2023-10-26 18:05:27-07:00,2023-10-26 18:05:27-07:00,anthonyjohnson,hortiz,49,1373971475,Directing
2023-10-26 18:07:35-07:00,2023-10-26 18:07:35-07:00,anthonyjohnson,hortiz,49,1373972409,Directing
2023-10-26 18:07:35-07:00,2023-10-26 18:07:35-07:00,anthonyjohnson,hortiz,49,1700853132,Empty
2023-10-26 18:08:19-07:00,2023-10-26 18:08:19-07:00,anthonyjohnson,hortiz,49,1700853505,Empty
2023-10-26 18:08:20-07:00,2023-10-26 18:08:19-07:00,anthonyjohnson,hortiz,49,1373972759,Approving
2023-10-26 18:08:20-07:00,2023-10-26 18:08:19-07:00,anthonyjohnson,hortiz,49,1373972759,Directing
2023-10-26 18:09:46-07:00,2023-10-26 18:00:08-07:00,anthonyjohnson,hortiz,49,1373969166,Directing
2023-10-26 18:10:14-07:00,2023-10-26 18:02:06-07:00,anthonyjohnson,hortiz,49,1373970007,Directing
2023-10-26 18:10:14-07:00,2023-10-26 18:02:06-07:00,anthonyjohnson,hortiz,49,1373970007,Explaining
2023-10-26 18:13:03-07:00,2023-10-26 18:13:03-07:00,anthonyjohnson,hortiz,49,1700856138,Criticizing
2023-10-26 18:13:03-07:00,2023-10-26 18:13:03-07:00,anthonyjohnson,hortiz,49,1700856138,Updating
2023-10-26 18:13:03-07:00,2023-10-26 18:13:03-07:00,anthonyjohnson,hortiz,49,1700856138,Directing
2023-10-26 18:13:03-07:00,2023-10-26 18:13:03-07:00,anthonyjohnson,hortiz,49,1700856138,Updating
2023-10-26 18:13:43-07:00,2023-10-26 18:13:43-07:00,anthonyjohnson,hortiz,49,1373974881,Directing
2023-10-26 18:13:43-07:00,2023-10-26 18:13:43-07:00,anthonyjohnson,hortiz,49,1700856497,Empty
2023-10-26 18:15:11-07:00,2023-10-26 18:15:11-07:00,anthonyjohnson,hortiz,49,1373975386,Criticizing
2023-10-26 18:15:11-07:00,2023-10-26 18:15:11-07:00,anthonyjohnson,hortiz,49,1373975386,Directing
2023-10-26 18:15:11-07:00,2023-10-26 18:15:11-07:00,anthonyjohnson,hortiz,49,1700857283,Empty
2023-10-26 18:28:14-07:00,2023-10-26 18:28:13-07:00,anthonyjohnson,hortiz,49,1373980566,Criticizing
2023-10-26 18:28:14-07:00,2023-10-26 18:28:14-07:00,anthonyjohnson,hortiz,49,1700864841,Empty
2023-10-26 18:29:42-07:00,2023-10-26 18:29:42-07:00,anthonyjohnson,hortiz,49,1700866430,Empty
2023-10-26 18:30:52-07:00,2023-10-26 18:30:52-07:00,anthonyjohnson,hortiz,49,1700867128,Empty
2023-10-26 18:36:11-07:00,2023-10-26 18:29:42-07:00,anthonyjohnson,hortiz,49,1373981284,Directing
2023-10-26 18:37:11-07:00,2023-10-26 18:30:52-07:00,anthonyjohnson,hortiz,49,1373981759,Apologizing
2023-10-26 18:37:11-07:00,2023-10-26 18:30:52-07:00,anthonyjohnson,hortiz,49,1373981759,Updating
2023-10-26 18:37:11-07:00,2023-10-26 18:30:52-07:00,anthonyjohnson,hortiz,49,1373981759,Updating
2023-10-26 18:37:11-07:00,2023-10-26 18:30:52-07:00,anthonyjohnson,hortiz,49,1373981759,Updating
2023-10-26 18:37:11-07:00,2023-10-26 18:30:52-07:00,anthonyjohnson,hortiz,49,1373981759,Directing
2023-10-26 18:48:36-07:00,2023-10-26 18:48:36-07:00,anthonyjohnson,hortiz,49,1700880883,Empty
2023-10-26 18:48:57-07:00,2023-10-26 18:48:36-07:00,anthonyjohnson,hortiz,49,1373990119,Directing
2023-10-26 18:48:57-07:00,2023-10-26 18:48:36-07:00,anthonyjohnson,hortiz,49,1373990119,Directing
2023-10-26 18:51:53-07:00,2023-10-26 18:51:53-07:00,anthonyjohnson,hortiz,49,1700882739,Empty
2023-10-26 18:51:53-07:00,2023-10-26 18:51:53-07:00,anthonyjohnson,hortiz,49,1373991360,Updating
2023-10-26 18:51:53-07:00,2023-10-26 18:51:53-07:00,anthonyjohnson,hortiz,49,1373991360,Directing
2023-10-26 18:51:53-07:00,2023-10-26 18:51:53-07:00,anthonyjohnson,hortiz,49,1373991360,Directing
2023-10-26 19:21:57-07:00,2023-10-26 19:21:57-07:00,anthonyjohnson,hortiz,49,1374004272,Directing
2023-10-26 19:21:57-07:00,2023-10-26 19:21:57-07:00,anthonyjohnson,hortiz,49,1700900248,Empty
2023-10-26 19:22:25-07:00,2023-10-26 19:22:25-07:00,anthonyjohnson,hortiz,49,1374004474,Directing
2023-10-26 19:22:25-07:00,2023-10-26 19:22:25-07:00,anthonyjohnson,hortiz,49,1700900559,Empty
2023-10-26 19:22:38-07:00,2023-10-26 19:22:37-07:00,anthonyjohnson,hortiz,49,1374004577,Directing
2023-10-26 19:22:38-07:00,2023-10-26 19:22:38-07:00,anthonyjohnson,hortiz,49,1700900708,Empty
2023-10-26 19:37:01-07:00,2023-10-26 19:37:01-07:00,anthonyjohnson,hortiz,49,1700911008,Empty
2023-10-26 19:37:01-07:00,2023-10-26 19:37:01-07:00,anthonyjohnson,hortiz,49,1374010895,Directing
2023-10-26 19:38:31-07:00,2023-10-26 19:38:31-07:00,anthonyjohnson,hortiz,49,1374011527,Directing
2023-10-26 19:38:31-07:00,2023-10-26 19:38:31-07:00,anthonyjohnson,hortiz,49,1700911885,Empty
2023-10-26 19:41:42-07:00,2023-10-26 19:41:42-07:00,anthonyjohnson,hortiz,49,1700913886,Empty
2023-10-26 19:41:42-07:00,2023-10-26 19:41:42-07:00,anthonyjohnson,hortiz,49,1374013016,Directing
2023-10-26 19:41:42-07:00,2023-10-26 19:41:42-07:00,anthonyjohnson,hortiz,49,1374013016,Criticizing
2023-10-26 19:43:36-07:00,2023-10-26 19:43:36-07:00,anthonyjohnson,hortiz,49,1700915171,Approving
2023-10-26 18:55:03-07:00,2023-10-26 18:55:03-07:00,anthonyjohnson,hwhite,50,1700884525,Empty
2023-10-26 18:55:03-07:00,2023-10-26 18:55:03-07:00,anthonyjohnson,hwhite,50,1373992649,Criticizing
2023-10-26 18:56:10-07:00,2023-10-26 18:56:10-07:00,anthonyjohnson,hwhite,50,1700885136,Empty
2023-10-26 18:56:10-07:00,2023-10-26 18:56:10-07:00,anthonyjohnson,hwhite,50,1373993062,Directing
2023-10-26 18:56:10-07:00,2023-10-26 18:56:10-07:00,anthonyjohnson,hwhite,50,1373993062,Updating
2023-10-26 18:57:01-07:00,2023-10-26 18:57:00-07:00,anthonyjohnson,hwhite,50,1373993386,Criticizing
2023-10-26 18:57:01-07:00,2023-10-26 18:57:01-07:00,anthonyjohnson,hwhite,50,1700885621,Empty
2023-10-26 18:59:30-07:00,2023-10-26 18:59:30-07:00,anthonyjohnson,hwhite,50,1373994413,Asking
2023-10-26 18:59:30-07:00,2023-10-26 18:59:30-07:00,anthonyjohnson,hwhite,50,1700887149,Empty
2023-10-26 19:00:52-07:00,2023-10-26 19:00:52-07:00,anthonyjohnson,hwhite,50,1700887933,Approving
2023-10-26 19:00:52-07:00,2023-10-26 19:00:52-07:00,anthonyjohnson,hwhite,50,1700887933,Directing
2023-10-26 19:00:52-07:00,2023-10-26 19:00:52-07:00,anthonyjohnson,hwhite,50,1700887933,Directing
2023-10-26 19:12:06-07:00,2023-10-26 19:12:06-07:00,anthonyjohnson,hwhite,50,1374000015,Updating
2023-10-26 19:12:06-07:00,2023-10-26 19:12:06-07:00,anthonyjohnson,hwhite,50,1374000015,Directing
2023-10-26 19:12:06-07:00,2023-10-26 19:12:06-07:00,anthonyjohnson,hwhite,50,1374000015,Directing
2023-10-26 19:12:06-07:00,2023-10-26 19:12:06-07:00,anthonyjohnson,hwhite,50,1700894468,Empty
2023-10-26 20:16:56-07:00,2023-10-26 20:16:56-07:00,anthonyjohnson,hwhite,50,1700935271,Empty
2023-10-26 20:16:56-07:00,2023-10-26 20:16:56-07:00,anthonyjohnson,hwhite,50,1374028087,Directing
2023-10-26 20:16:56-07:00,2023-10-26 20:16:56-07:00,anthonyjohnson,hwhite,50,1374028087,Updating
2023-10-26 20:16:56-07:00,2023-10-26 20:16:56-07:00,anthonyjohnson,hwhite,50,1374028087,Approving
2023-10-26 22:33:35-07:00,2023-10-26 22:33:34-07:00,hortiz,hwhite,50,1374090410,Directing
2023-10-26 22:33:35-07:00,2023-10-26 22:33:35-07:00,hortiz,hwhite,50,1701024757,Empty
2023-10-27 10:24:40-07:00,2023-10-27 10:24:40-07:00,hwhite,hwhite,50,1702245928,Empty
2023-10-27 10:24:41-07:00,2023-10-27 10:24:40-07:00,hwhite,hwhite,50,1374862040,Agreeing
2023-10-27 10:24:41-07:00,2023-10-27 10:24:40-07:00,hwhite,hwhite,50,1374862040,Updating
2023-10-27 10:29:06-07:00,2023-10-27 10:29:05-07:00,hwhite,hwhite,50,1374865758,Complimenting
2023-10-27 10:29:06-07:00,2023-10-27 10:29:05-07:00,hwhite,hwhite,50,1374865758,Complimenting
2023-10-27 10:29:06-07:00,2023-10-27 10:29:05-07:00,hwhite,hwhite,50,1374865758,Thanking
2023-10-27 10:29:06-07:00,2023-10-27 10:29:06-07:00,hwhite,hwhite,50,1702251994,Empty
2023-10-27 13:13:10-07:00,2023-10-27 13:13:10-07:00,hortiz,hwhite,50,1702479058,Empty
2023-10-27 18:48:15-07:00,2023-10-27 18:48:15-07:00,campbellrachel,hwhite,50,1702675883,Approving
2023-10-27 19:47:09-07:00,2023-10-27 19:47:09-07:00,anthonyjohnson,hwhite,50,1702684483,Empty
2023-10-27 19:47:09-07:00,2023-10-27 19:47:09-07:00,anthonyjohnson,hwhite,50,1375152440,Encouraging
2023-10-27 10:21:32-07:00,2023-10-27 10:21:32-07:00,hwhite,anthonyjohnson,51,1702241465,Empty
2023-10-27 13:11:18-07:00,2023-10-27 13:11:18-07:00,hortiz,anthonyjohnson,51,1702476978,Empty
2023-10-29 13:03:10-07:00,2023-10-29 13:03:09-07:00,hwhite,hortiz,53,1375503766,Updating
2023-10-29 13:03:10-07:00,2023-10-29 13:03:10-07:00,hwhite,hortiz,53,1703028990,Empty
2023-10-29 19:31:46-07:00,2023-10-29 19:31:46-07:00,hwhite,hortiz,53,1703158413,Empty
2023-10-29 22:33:50-07:00,2023-10-29 22:33:50-07:00,campbellrachel,hortiz,53,1375692471,Directing
2023-10-29 22:33:50-07:00,2023-10-29 22:33:50-07:00,campbellrachel,hortiz,53,1375692471,Directing
2023-10-29 22:33:50-07:00,2023-10-29 22:33:50-07:00,campbellrachel,hortiz,53,1375692471,Directing
2023-10-29 22:33:50-07:00,2023-10-29 22:33:50-07:00,campbellrachel,hortiz,53,1703293354,Empty
2023-10-29 22:40:30-07:00,2023-10-29 22:35:58-07:00,campbellrachel,hortiz,53,1375693419,Directing
2023-10-29 22:40:30-07:00,2023-10-29 22:35:58-07:00,campbellrachel,hortiz,53,1375693419,Criticizing
2023-10-29 22:40:30-07:00,2023-10-29 22:36:35-07:00,campbellrachel,hortiz,53,1375693696,Directing
2023-10-29 22:40:30-07:00,2023-10-29 22:38:05-07:00,campbellrachel,hortiz,53,1375694312,Directing
2023-10-29 22:40:30-07:00,2023-10-29 22:39:44-07:00,campbellrachel,hortiz,53,1375695074,Asking
2023-10-29 22:40:30-07:00,2023-10-29 22:40:30-07:00,campbellrachel,hortiz,53,1703294861,Empty
2023-10-29 22:45:57-07:00,2023-10-29 22:45:57-07:00,hortiz,hortiz,53,1703302407,Empty
2023-10-29 22:45:57-07:00,2023-10-29 22:45:57-07:00,hortiz,hortiz,53,1375698038,Updating
2023-10-29 22:45:57-07:00,2023-10-29 22:45:57-07:00,hortiz,hortiz,53,1375698038,Asking
2023-10-29 23:25:42-07:00,2023-10-29 23:25:42-07:00,hwhite,hortiz,53,1703336618,Empty
2023-10-29 23:25:42-07:00,2023-10-29 23:25:42-07:00,hwhite,hortiz,53,1375720209,Explaining
2023-10-29 23:26:18-07:00,2023-10-29 23:26:18-07:00,hwhite,hortiz,53,1703337151,Empty
2023-10-29 23:26:18-07:00,2023-10-29 23:26:18-07:00,hwhite,hortiz,53,1375720548,Apologizing
2023-10-29 23:27:01-07:00,2023-10-29 23:27:01-07:00,hwhite,hortiz,53,1703337888,Empty
2023-10-30 14:01:39-07:00,2023-10-30 14:01:39-07:00,campbellrachel,hortiz,53,1705061025,Approving
2023-10-29 13:04:41-07:00,2023-10-29 13:04:41-07:00,hwhite,anthonyjohnson,54,1703029206,Empty
2023-10-29 17:59:11-07:00,2023-10-29 17:59:10-07:00,hwhite,hortiz,56,1375571006,Criticizing
2023-10-29 17:59:11-07:00,2023-10-29 17:59:10-07:00,hwhite,hortiz,56,1375571006,Directing
2023-10-29 17:59:11-07:00,2023-10-29 17:59:10-07:00,hwhite,hortiz,56,1375571006,Directing
2023-10-29 17:59:11-07:00,2023-10-29 17:59:11-07:00,hwhite,hortiz,56,1703108210,Empty
2023-10-29 19:52:42-07:00,2023-10-29 19:52:42-07:00,anthonyjohnson,hortiz,56,1375615030,Directing
2023-10-29 19:52:42-07:00,2023-10-29 19:52:42-07:00,anthonyjohnson,hortiz,56,1703173014,Empty
2023-10-29 19:53:08-07:00,2023-10-29 19:53:08-07:00,anthonyjohnson,hortiz,56,1703173245,Empty
2023-10-29 19:53:08-07:00,2023-10-29 19:53:08-07:00,anthonyjohnson,hortiz,56,1375615225,Directing
2023-10-29 19:53:40-07:00,2023-10-29 19:53:40-07:00,anthonyjohnson,hortiz,56,1703173521,Empty
2023-10-29 19:53:40-07:00,2023-10-29 19:53:40-07:00,anthonyjohnson,hortiz,56,1375615452,Directing
2023-10-29 19:55:10-07:00,2023-10-29 19:55:09-07:00,anthonyjohnson,hortiz,56,1375616248,Directing
2023-10-29 19:55:10-07:00,2023-10-29 19:55:09-07:00,anthonyjohnson,hortiz,56,1375616248,Criticizing
2023-10-29 19:55:10-07:00,2023-10-29 19:55:10-07:00,anthonyjohnson,hortiz,56,1703174770,Empty
2023-10-29 20:05:53-07:00,2023-10-29 20:05:53-07:00,anthonyjohnson,hortiz,56,1703181465,Empty
2023-10-29 20:05:53-07:00,2023-10-29 20:05:53-07:00,anthonyjohnson,hortiz,56,1375621206,Directing
2023-10-29 20:07:37-07:00,2023-10-29 20:07:37-07:00,anthonyjohnson,hortiz,56,1375621909,Criticizing
2023-10-29 20:07:37-07:00,2023-10-29 20:07:37-07:00,anthonyjohnson,hortiz,56,1375621909,Criticizing
2023-10-29 20:07:37-07:00,2023-10-29 20:07:37-07:00,anthonyjohnson,hortiz,56,1703182562,Empty
2023-10-29 20:09:30-07:00,2023-10-29 20:09:30-07:00,anthonyjohnson,hortiz,56,1703183652,Empty
2023-10-29 20:09:58-07:00,2023-10-29 20:09:58-07:00,anthonyjohnson,hortiz,56,1703183922,Empty
2023-10-29 20:09:58-07:00,2023-10-29 20:09:58-07:00,anthonyjohnson,hortiz,56,1375622781,Criticizing
2023-10-29 20:11:26-07:00,2023-10-29 20:09:30-07:00,anthonyjohnson,hortiz,56,1375622620,Directing
2023-10-29 20:11:26-07:00,2023-10-29 20:09:30-07:00,anthonyjohnson,hortiz,56,1375622620,Directing
2023-10-29 20:13:30-07:00,2023-10-29 20:13:30-07:00,anthonyjohnson,hortiz,56,1703186319,Empty
2023-10-29 20:13:30-07:00,2023-10-29 20:13:30-07:00,anthonyjohnson,hortiz,56,1375624506,Criticizing
2023-10-29 20:14:34-07:00,2023-10-29 20:14:34-07:00,anthonyjohnson,hortiz,56,1375624972,Directing
2023-10-29 20:14:34-07:00,2023-10-29 20:14:34-07:00,anthonyjohnson,hortiz,56,1375624972,Directing
2023-10-29 20:14:34-07:00,2023-10-29 20:14:34-07:00,anthonyjohnson,hortiz,56,1375624972,Updating
2023-10-29 20:14:34-07:00,2023-10-29 20:14:34-07:00,anthonyjohnson,hortiz,56,1703187043,Empty
2023-10-29 20:21:20-07:00,2023-10-29 20:21:20-07:00,hortiz,hortiz,56,1375627774,Asking
2023-10-29 20:21:20-07:00,2023-10-29 20:21:20-07:00,hortiz,hortiz,56,1375627774,Updating
2023-10-29 20:21:20-07:00,2023-10-29 20:21:20-07:00,hortiz,hortiz,56,1703190776,Empty
2023-10-29 20:21:57-07:00,2023-10-29 20:21:57-07:00,hortiz,hortiz,56,1703191089,Empty
2023-10-29 20:21:58-07:00,2023-10-29 20:21:57-07:00,hortiz,hortiz,56,1375627980,Updating
2023-10-29 20:22:21-07:00,2023-10-29 20:22:21-07:00,hortiz,hortiz,56,1375628230,Updating
2023-10-29 20:22:21-07:00,2023-10-29 20:22:21-07:00,hortiz,hortiz,56,1703191410,Empty
2023-10-29 20:22:29-07:00,2023-10-29 20:22:29-07:00,anthonyjohnson,hortiz,56,1703191574,Complimenting
2023-10-29 20:22:29-07:00,2023-10-29 20:22:29-07:00,anthonyjohnson,hortiz,56,1703191574,Criticizing
2023-10-29 20:22:29-07:00,2023-10-29 20:22:29-07:00,anthonyjohnson,hortiz,56,1703191574,Suggesting
2023-10-29 20:22:29-07:00,2023-10-29 20:22:29-07:00,anthonyjohnson,hortiz,56,1703191574,Suggesting
2023-10-29 20:22:29-07:00,2023-10-29 20:22:29-07:00,anthonyjohnson,hortiz,56,1703191574,Updating
2023-10-29 20:22:29-07:00,2023-10-29 20:22:29-07:00,anthonyjohnson,hortiz,56,1703191574,Suggesting
2023-10-29 20:22:29-07:00,2023-10-29 20:22:29-07:00,anthonyjohnson,hortiz,56,1703191574,Suggesting
2023-10-29 20:22:29-07:00,2023-10-29 20:22:29-07:00,anthonyjohnson,hortiz,56,1703191574,Directing
2023-10-29 20:22:29-07:00,2023-10-29 20:22:29-07:00,anthonyjohnson,hortiz,56,1703191574,Asking
2023-10-29 20:22:57-07:00,2023-10-29 20:22:57-07:00,anthonyjohnson,hortiz,56,1375628536,Updating
2023-10-29 20:22:57-07:00,2023-10-29 20:22:57-07:00,anthonyjohnson,hortiz,56,1375628536,Updating
2023-10-29 20:22:57-07:00,2023-10-29 20:22:57-07:00,anthonyjohnson,hortiz,56,1703191895,Empty
2023-10-29 20:23:34-07:00,2023-10-29 20:23:34-07:00,anthonyjohnson,hortiz,56,1703192299,Empty
2023-10-29 20:23:34-07:00,2023-10-29 20:23:34-07:00,anthonyjohnson,hortiz,56,1375628805,Directing
2023-10-29 20:23:34-07:00,2023-10-29 20:23:34-07:00,anthonyjohnson,hortiz,56,1375628805,Directing
2023-10-29 20:23:45-07:00,2023-10-29 20:23:45-07:00,anthonyjohnson,hortiz,56,1703192407,Empty
2023-10-29 20:23:45-07:00,2023-10-29 20:23:45-07:00,anthonyjohnson,hortiz,56,1375628891,Updating
2023-10-29 20:24:16-07:00,2023-10-29 20:24:16-07:00,anthonyjohnson,hortiz,56,1703192712,Empty
2023-10-29 20:24:16-07:00,2023-10-29 20:24:16-07:00,anthonyjohnson,hortiz,56,1375629087,Agreeing
2023-10-29 20:24:16-07:00,2023-10-29 20:24:16-07:00,anthonyjohnson,hortiz,56,1375629087,Directing
2023-10-29 20:25:49-07:00,2023-10-29 20:25:48-07:00,anthonyjohnson,hortiz,56,1375629897,Directing
2023-10-29 20:25:49-07:00,2023-10-29 20:25:49-07:00,anthonyjohnson,hortiz,56,1703193701,Empty
2023-10-29 20:35:37-07:00,2023-10-29 20:35:37-07:00,anthonyjohnson,hortiz,56,1375633923,Criticizing
2023-10-29 20:35:37-07:00,2023-10-29 20:35:37-07:00,anthonyjohnson,hortiz,56,1375633923,Directing
2023-10-29 20:35:37-07:00,2023-10-29 20:35:37-07:00,anthonyjohnson,hortiz,56,1703199478,Empty
2023-10-29 20:42:13-07:00,2023-10-29 20:42:13-07:00,hortiz,hortiz,56,1375637090,Updating
2023-10-29 20:42:13-07:00,2023-10-29 20:42:13-07:00,hortiz,hortiz,56,1703204685,Empty
2023-10-29 20:46:21-07:00,2023-10-29 20:46:21-07:00,anthonyjohnson,hortiz,56,1703209524,Empty
2023-10-29 20:46:21-07:00,2023-10-29 20:46:21-07:00,anthonyjohnson,hortiz,56,1375638912,Asking
2023-10-29 20:47:13-07:00,2023-10-29 20:47:13-07:00,hortiz,hortiz,56,1375639197,Agreeing
2023-10-29 20:47:13-07:00,2023-10-29 20:47:13-07:00,hortiz,hortiz,56,1375639197,Explaining
2023-10-29 20:47:13-07:00,2023-10-29 20:47:13-07:00,hortiz,hortiz,56,1375639197,Explaining
2023-10-29 20:47:13-07:00,2023-10-29 20:47:13-07:00,hortiz,hortiz,56,1375639197,Updating
2023-10-29 20:47:13-07:00,2023-10-29 20:47:13-07:00,hortiz,hortiz,56,1703210643,Empty
2023-10-29 20:55:25-07:00,2023-10-29 20:55:25-07:00,anthonyjohnson,hortiz,56,1703215476,Empty
2023-10-29 20:55:48-07:00,2023-10-29 20:55:25-07:00,anthonyjohnson,hortiz,56,1375642708,Asking
2023-10-29 20:55:48-07:00,2023-10-29 20:55:25-07:00,anthonyjohnson,hortiz,56,1375642708,Directing
2023-10-29 20:55:48-07:00,2023-10-29 20:55:25-07:00,anthonyjohnson,hortiz,56,1375642708,Directing
2023-10-29 20:55:48-07:00,2023-10-29 20:55:25-07:00,anthonyjohnson,hortiz,56,1375642708,Directing
2023-10-29 20:55:48-07:00,2023-10-29 20:55:25-07:00,anthonyjohnson,hortiz,56,1375642708,Directing
2023-10-29 20:55:48-07:00,2023-10-29 20:55:25-07:00,anthonyjohnson,hortiz,56,1375642708,Agreeing
2023-10-29 20:56:25-07:00,2023-10-29 20:56:24-07:00,anthonyjohnson,hortiz,56,1375643064,Directing
2023-10-29 20:56:25-07:00,2023-10-29 20:56:25-07:00,anthonyjohnson,hortiz,56,1703215965,Empty
2023-10-29 20:57:33-07:00,2023-10-29 20:57:33-07:00,anthonyjohnson,hortiz,56,1703216765,Empty
2023-10-29 20:57:38-07:00,2023-10-29 20:57:33-07:00,anthonyjohnson,hortiz,56,1375643585,Directing
2023-10-29 20:59:00-07:00,2023-10-29 20:59:00-07:00,hortiz,hortiz,56,1703217532,Empty
2023-10-29 20:59:00-07:00,2023-10-29 20:59:00-07:00,hortiz,hortiz,56,1375644070,Criticizing
2023-10-29 20:59:00-07:00,2023-10-29 20:59:00-07:00,hortiz,hortiz,56,1375644070,Updating
2023-10-29 21:00:06-07:00,2023-10-29 21:00:05-07:00,hortiz,hortiz,56,1375644456,Updating
2023-10-29 21:00:06-07:00,2023-10-29 21:00:05-07:00,hortiz,hortiz,56,1375644456,Disagreeing
2023-10-29 21:00:06-07:00,2023-10-29 21:00:06-07:00,hortiz,hortiz,56,1703218103,Empty
2023-10-29 21:05:43-07:00,2023-10-29 21:05:43-07:00,anthonyjohnson,hortiz,56,1375646654,Asking
2023-10-29 21:05:43-07:00,2023-10-29 21:05:43-07:00,anthonyjohnson,hortiz,56,1375646654,Suggesting
2023-10-29 21:05:43-07:00,2023-10-29 21:05:43-07:00,anthonyjohnson,hortiz,56,1703221762,Empty
2023-10-29 21:06:56-07:00,2023-10-29 21:06:56-07:00,anthonyjohnson,hortiz,56,1703222672,Empty
2023-10-29 21:07:11-07:00,2023-10-29 21:06:56-07:00,anthonyjohnson,hortiz,56,1375647149,Agreeing
2023-10-29 21:07:11-07:00,2023-10-29 21:06:56-07:00,anthonyjohnson,hortiz,56,1375647149,Criticizing
2023-10-29 21:07:11-07:00,2023-10-29 21:06:56-07:00,anthonyjohnson,hortiz,56,1375647149,Criticizing
2023-10-29 21:07:11-07:00,2023-10-29 21:06:56-07:00,anthonyjohnson,hortiz,56,1375647149,Directing
2023-10-29 21:07:11-07:00,2023-10-29 21:06:56-07:00,anthonyjohnson,hortiz,56,1375647149,Updating
2023-10-29 21:25:36-07:00,2023-10-29 21:25:36-07:00,hortiz,hortiz,56,1375656142,Disagreeing
2023-10-29 21:25:36-07:00,2023-10-29 21:25:36-07:00,hortiz,hortiz,56,1703235579,Empty
2023-10-29 21:27:05-07:00,2023-10-29 21:27:05-07:00,anthonyjohnson,hortiz,56,1703236400,Empty
2023-10-29 21:28:30-07:00,2023-10-29 21:27:05-07:00,anthonyjohnson,hortiz,56,1375656677,Suggesting
2023-10-29 21:28:38-07:00,2023-10-29 21:28:38-07:00,hortiz,hortiz,56,1375657400,Updating
2023-10-29 21:28:38-07:00,2023-10-29 21:28:38-07:00,hortiz,hortiz,56,1703237404,Empty
2023-10-29 21:30:28-07:00,2023-10-29 21:30:28-07:00,anthonyjohnson,hortiz,56,1703238726,Empty
2023-10-29 21:33:22-07:00,2023-10-29 21:30:28-07:00,anthonyjohnson,hortiz,56,1375658246,Asking
2023-10-29 21:33:22-07:00,2023-10-29 21:30:28-07:00,anthonyjohnson,hortiz,56,1375658246,Directing
2023-10-29 21:33:22-07:00,2023-10-29 21:30:28-07:00,anthonyjohnson,hortiz,56,1375658246,Directing
2023-10-29 21:33:22-07:00,2023-10-29 21:30:28-07:00,anthonyjohnson,hortiz,56,1375658246,Disagreeing
2023-10-29 21:33:22-07:00,2023-10-29 21:30:28-07:00,anthonyjohnson,hortiz,56,1375658246,Updating
2023-10-29 21:33:22-07:00,2023-10-29 21:30:28-07:00,anthonyjohnson,hortiz,56,1375658246,Updating
2023-10-29 21:46:39-07:00,2023-10-29 21:46:38-07:00,hortiz,hortiz,56,1375666881,Explaining
2023-10-29 21:46:39-07:00,2023-10-29 21:46:38-07:00,hortiz,hortiz,56,1375666881,Explaining
2023-10-29 21:46:39-07:00,2023-10-29 21:46:39-07:00,hortiz,hortiz,56,1703253234,Empty
2023-10-29 21:50:03-07:00,2023-10-29 21:50:03-07:00,anthonyjohnson,hortiz,56,1703256639,Empty
2023-10-29 21:51:40-07:00,2023-10-29 21:50:03-07:00,anthonyjohnson,hortiz,56,1375669160,Criticizing
2023-10-29 21:51:40-07:00,2023-10-29 21:50:03-07:00,anthonyjohnson,hortiz,56,1375669160,Criticizing
2023-10-29 21:51:40-07:00,2023-10-29 21:50:03-07:00,anthonyjohnson,hortiz,56,1375669160,Directing
2023-10-29 21:51:40-07:00,2023-10-29 21:50:03-07:00,anthonyjohnson,hortiz,56,1375669160,Directing
2023-10-29 21:53:24-07:00,2023-10-29 21:53:23-07:00,anthonyjohnson,hortiz,56,1375670643,Asking
2023-10-29 21:53:24-07:00,2023-10-29 21:53:24-07:00,anthonyjohnson,hortiz,56,1703259002,Empty
2023-10-29 21:55:36-07:00,2023-10-29 21:55:36-07:00,hortiz,hortiz,56,1703260543,Empty
2023-10-29 21:55:36-07:00,2023-10-29 21:55:36-07:00,hortiz,hortiz,56,1375671673,Updating
2023-10-29 21:55:36-07:00,2023-10-29 21:55:36-07:00,hortiz,hortiz,56,1375671673,Explaining
2023-10-29 21:55:36-07:00,2023-10-29 21:55:36-07:00,hortiz,hortiz,56,1375671673,Explaining
2023-10-29 22:00:08-07:00,2023-10-29 22:00:07-07:00,anthonyjohnson,hortiz,56,1375673906,Asking
2023-10-29 22:00:08-07:00,2023-10-29 22:00:07-07:00,anthonyjohnson,hortiz,56,1375673906,Asking
2023-10-29 22:00:08-07:00,2023-10-29 22:00:08-07:00,anthonyjohnson,hortiz,56,1703264100,Empty
2023-10-29 22:02:43-07:00,2023-10-29 22:02:43-07:00,hortiz,hortiz,56,1703267018,Empty
2023-10-29 22:02:43-07:00,2023-10-29 22:02:43-07:00,hortiz,hortiz,56,1375675464,Explaining
2023-10-29 22:04:33-07:00,2023-10-29 22:04:33-07:00,anthonyjohnson,hortiz,56,1703268824,Empty
2023-10-29 22:04:34-07:00,2023-10-29 22:04:33-07:00,anthonyjohnson,hortiz,56,1375676605,Criticizing
2023-10-29 22:13:21-07:00,2023-10-29 22:13:21-07:00,hortiz,hortiz,56,1703277309,Empty
2023-10-29 22:13:51-07:00,2023-10-29 22:13:21-07:00,hortiz,hortiz,56,1375682171,Explaining
2023-10-29 22:17:41-07:00,2023-10-29 22:17:41-07:00,anthonyjohnson,hortiz,56,1375684110,Disagreeing
2023-10-29 22:17:41-07:00,2023-10-29 22:17:41-07:00,anthonyjohnson,hortiz,56,1375684110,Disagreeing
2023-10-29 22:17:41-07:00,2023-10-29 22:17:41-07:00,anthonyjohnson,hortiz,56,1375684110,Asking
2023-10-29 22:17:41-07:00,2023-10-29 22:17:41-07:00,anthonyjohnson,hortiz,56,1375684110,Suggesting
2023-10-29 22:17:41-07:00,2023-10-29 22:17:41-07:00,anthonyjohnson,hortiz,56,1375684110,Suggesting
2023-10-29 22:17:41-07:00,2023-10-29 22:17:41-07:00,anthonyjohnson,hortiz,56,1375684110,Suggesting
2023-10-29 22:17:41-07:00,2023-10-29 22:17:41-07:00,anthonyjohnson,hortiz,56,1375684110,Suggesting
2023-10-29 22:17:41-07:00,2023-10-29 22:17:41-07:00,anthonyjohnson,hortiz,56,1375684110,Suggesting
2023-10-29 22:17:41-07:00,2023-10-29 22:17:41-07:00,anthonyjohnson,hortiz,56,1703280249,Empty
2023-10-29 22:19:09-07:00,2023-10-29 22:19:09-07:00,anthonyjohnson,hortiz,56,1375684795,Suggesting
2023-10-29 22:19:09-07:00,2023-10-29 22:19:09-07:00,anthonyjohnson,hortiz,56,1375684795,Updating
2023-10-29 22:19:09-07:00,2023-10-29 22:19:09-07:00,anthonyjohnson,hortiz,56,1703281236,Empty
2023-10-29 22:20:54-07:00,2023-10-29 22:20:54-07:00,hortiz,hortiz,56,1703282713,Empty
2023-10-29 22:20:55-07:00,2023-10-29 22:20:54-07:00,hortiz,hortiz,56,1375685693,Criticizing
2023-10-29 22:20:55-07:00,2023-10-29 22:20:54-07:00,hortiz,hortiz,56,1375685693,Updating
2023-10-29 22:26:42-07:00,2023-10-29 22:26:42-07:00,anthonyjohnson,hortiz,56,1703287346,Empty
2023-10-29 22:26:53-07:00,2023-10-29 22:26:42-07:00,anthonyjohnson,hortiz,56,1375688757,Agreeing
2023-10-29 22:26:53-07:00,2023-10-29 22:26:42-07:00,anthonyjohnson,hortiz,56,1375688757,Asking
2023-10-29 22:26:53-07:00,2023-10-29 22:26:42-07:00,anthonyjohnson,hortiz,56,1375688757,Asking
2023-10-29 22:26:53-07:00,2023-10-29 22:26:42-07:00,anthonyjohnson,hortiz,56,1375688757,Updating
2023-10-29 22:30:36-07:00,2023-10-29 22:30:36-07:00,hortiz,hortiz,56,1375690578,Updating
2023-10-29 22:30:36-07:00,2023-10-29 22:30:36-07:00,hortiz,hortiz,56,1703290227,Empty
2023-10-29 22:31:15-07:00,2023-10-29 22:31:15-07:00,anthonyjohnson,hortiz,56,1375690994,Explaining
2023-10-29 22:31:15-07:00,2023-10-29 22:31:15-07:00,anthonyjohnson,hortiz,56,1703291012,Empty
2023-10-29 22:33:45-07:00,2023-10-29 22:33:44-07:00,anthonyjohnson,hortiz,56,1375692424,Directing
2023-10-29 22:33:45-07:00,2023-10-29 22:33:45-07:00,anthonyjohnson,hortiz,56,1703293284,Empty
2023-10-29 22:35:56-07:00,2023-10-29 22:35:56-07:00,anthonyjohnson,hortiz,56,1703294842,Empty
2023-10-29 22:37:27-07:00,2023-10-29 22:35:56-07:00,anthonyjohnson,hortiz,56,1375693404,Updating
2023-10-29 22:37:27-07:00,2023-10-29 22:35:56-07:00,anthonyjohnson,hortiz,56,1375693404,Criticizing
2023-10-29 22:37:27-07:00,2023-10-29 22:35:56-07:00,anthonyjohnson,hortiz,56,1375693404,Directing
2023-10-29 22:37:27-07:00,2023-10-29 22:35:56-07:00,anthonyjohnson,hortiz,56,1375693404,Directing
2023-10-29 22:37:27-07:00,2023-10-29 22:35:56-07:00,anthonyjohnson,hortiz,56,1375693404,Updating
2023-10-29 22:37:59-07:00,2023-10-29 22:37:58-07:00,anthonyjohnson,hortiz,56,1375694268,Updating
2023-10-29 22:37:59-07:00,2023-10-29 22:37:58-07:00,anthonyjohnson,hortiz,56,1375694268,Directing
2023-10-29 22:37:59-07:00,2023-10-29 22:37:58-07:00,anthonyjohnson,hortiz,56,1375694268,Directing
2023-10-29 22:37:59-07:00,2023-10-29 22:37:59-07:00,anthonyjohnson,hortiz,56,1703296364,Empty
2023-10-29 23:51:01-07:00,2023-10-29 23:51:00-07:00,anthonyjohnson,hortiz,56,1375740071,Criticizing
2023-10-29 23:51:01-07:00,2023-10-29 23:51:01-07:00,anthonyjohnson,hortiz,56,1703365976,Empty
2023-10-30 00:02:54-07:00,2023-10-30 00:02:53-07:00,hortiz,hortiz,56,1375748435,Updating
2023-10-30 00:02:54-07:00,2023-10-30 00:02:53-07:00,hortiz,hortiz,56,1375748435,Updating
2023-10-30 00:02:54-07:00,2023-10-30 00:02:54-07:00,hortiz,hortiz,56,1703379534,Empty
2023-10-30 00:03:55-07:00,2023-10-30 00:03:55-07:00,anthonyjohnson,hortiz,56,1375749188,Suggesting
2023-10-30 00:03:55-07:00,2023-10-30 00:03:55-07:00,anthonyjohnson,hortiz,56,1703380712,Empty
2023-10-30 00:05:21-07:00,2023-10-30 00:05:21-07:00,anthonyjohnson,hortiz,56,1703382737,Approving
2023-10-30 00:05:21-07:00,2023-10-30 00:05:21-07:00,anthonyjohnson,hortiz,56,1703382737,Criticizing
2023-10-30 00:05:21-07:00,2023-10-30 00:05:21-07:00,anthonyjohnson,hortiz,56,1703382737,Criticizing
2023-10-30 00:05:21-07:00,2023-10-30 00:05:21-07:00,anthonyjohnson,hortiz,56,1703382737,Directing
2023-10-30 00:05:21-07:00,2023-10-30 00:05:21-07:00,anthonyjohnson,hortiz,56,1703382737,Directing
2023-10-30 00:12:50-07:00,2023-10-30 00:12:50-07:00,hortiz,hortiz,56,1703391230,Empty
2023-10-30 00:13:06-07:00,2023-10-30 00:12:50-07:00,hortiz,hortiz,56,1375755470,Updating
2023-10-30 00:13:06-07:00,2023-10-30 00:12:50-07:00,hortiz,hortiz,56,1375755470,Updating
2023-10-30 00:13:06-07:00,2023-10-30 00:12:50-07:00,hortiz,hortiz,56,1375755470,Updating
2023-10-30 00:16:22-07:00,2023-10-30 00:16:22-07:00,anthonyjohnson,hortiz,56,1703395269,Empty
2023-10-30 00:16:23-07:00,2023-10-30 00:16:22-07:00,anthonyjohnson,hortiz,56,1375757976,Approving
2023-10-30 00:16:45-07:00,2023-10-30 00:16:45-07:00,anthonyjohnson,hortiz,56,1703395690,Empty
2023-10-30 00:30:20-07:00,2023-10-30 00:30:20-07:00,hwhite,hortiz,56,1703416730,Empty
2023-10-29 23:42:05-07:00,2023-10-29 23:42:05-07:00,hortiz,anthonyjohnson,58,1703355800,Approving
2023-10-30 12:27:08-07:00,2023-10-30 12:27:08-07:00,hortiz,anthonyjohnson,60,1704922010,Updating
2023-10-30 12:27:08-07:00,2023-10-30 12:27:08-07:00,hortiz,anthonyjohnson,60,1704922010,Approving
2023-10-30 12:27:08-07:00,2023-10-30 12:27:08-07:00,hortiz,anthonyjohnson,60,1704922010,Updating
2023-10-30 12:33:32-07:00,2023-10-30 12:33:32-07:00,hwhite,anthonyjohnson,60,1704931337,Approving
2023-10-30 12:29:52-07:00,2023-10-30 12:29:52-07:00,hortiz,anthonyjohnson,61,1704925904,Approving
2023-10-30 12:29:52-07:00,2023-10-30 12:29:52-07:00,hortiz,anthonyjohnson,61,1704925904,Directing
2023-10-30 16:18:13-07:00,2023-10-30 16:18:13-07:00,hwhite,anthonyjohnson,62,1705217179,Approving
2023-10-30 18:04:09-07:00,2023-10-30 18:04:09-07:00,hwhite,anthonyjohnson,64,1705286127,Complimenting
2023-10-30 18:18:37-07:00,2023-10-30 18:18:37-07:00,campbellrachel,anthonyjohnson,64,1705294874,Approving
2023-10-30 23:21:07-07:00,2023-10-30 23:21:07-07:00,hwhite,anthonyjohnson,66,1705520919,Approving
2023-10-30 23:21:07-07:00,2023-10-30 23:21:07-07:00,hwhite,anthonyjohnson,66,1705520919,Thanking
2023-10-30 23:21:41-07:00,2023-10-30 23:21:41-07:00,hortiz,anthonyjohnson,66,1705521490,Approving
2023-10-30 21:05:42-07:00,2023-10-30 21:05:42-07:00,anthonyjohnson,hwhite,67,1705403158,Empty
2023-10-30 21:20:11-07:00,2023-10-30 21:20:11-07:00,hortiz,hwhite,67,1705412493,Approving
2023-10-30 21:39:50-07:00,2023-10-30 21:39:50-07:00,anthonyjohnson,hortiz,69,1705434479,Empty
2023-10-30 22:02:59-07:00,2023-10-30 22:02:59-07:00,anthonyjohnson,hortiz,69,1705451491,Approving
2023-10-30 22:02:59-07:00,2023-10-30 22:02:59-07:00,anthonyjohnson,hortiz,69,1705451491,Updating
2023-10-30 22:02:59-07:00,2023-10-30 22:02:59-07:00,anthonyjohnson,hortiz,69,1705451491,Updating
2023-10-31 00:06:56-07:00,2023-10-31 00:06:56-07:00,hwhite,hortiz,69,1705571590,Approving
2023-10-31 09:51:30-07:00,2023-10-31 09:51:30-07:00,hortiz,hwhite,71,1706807451,Approving
2023-10-31 09:51:30-07:00,2023-10-31 09:51:30-07:00,hortiz,hwhite,71,1706807451,Complimenting
2023-11-03 23:56:28-07:00,2023-11-03 23:56:28-07:00,hwhite,anthonyjohnson,78,1713717667,Approving
2023-11-05 14:22:27-08:00,2023-11-05 14:22:27-08:00,anthonyjohnson,hwhite,80,1714077931,Empty
2023-11-05 14:22:28-08:00,2023-11-05 14:22:27-08:00,anthonyjohnson,hwhite,80,1382661062,Directing
2023-11-05 14:22:28-08:00,2023-11-05 14:22:27-08:00,anthonyjohnson,hwhite,80,1382661062,Directing
2023-11-05 14:28:19-08:00,2023-11-05 14:28:19-08:00,anthonyjohnson,hwhite,80,1714079019,Empty
2023-11-05 14:28:19-08:00,2023-11-05 14:28:19-08:00,anthonyjohnson,hwhite,80,1382662077,Directing
2023-11-05 14:29:21-08:00,2023-11-05 14:29:21-08:00,anthonyjohnson,hwhite,80,1382662196,Directing
2023-11-05 14:29:21-08:00,2023-11-05 14:29:21-08:00,anthonyjohnson,hwhite,80,1714079194,Empty
2023-11-05 14:29:40-08:00,2023-11-05 14:29:40-08:00,anthonyjohnson,hwhite,80,1714079249,Empty
2023-11-05 14:30:12-08:00,2023-11-05 14:29:40-08:00,anthonyjohnson,hwhite,80,1382662229,Directing
2023-11-05 14:30:12-08:00,2023-11-05 14:29:40-08:00,anthonyjohnson,hwhite,80,1382662229,Updating
2023-11-05 14:30:12-08:00,2023-11-05 14:29:40-08:00,anthonyjohnson,hwhite,80,1382662229,Criticizing
2023-11-05 14:31:37-08:00,2023-11-05 14:31:37-08:00,anthonyjohnson,hwhite,80,1382662535,Directing
2023-11-05 14:31:37-08:00,2023-11-05 14:31:37-08:00,anthonyjohnson,hwhite,80,1382662535,Directing
2023-11-05 14:31:37-08:00,2023-11-05 14:31:37-08:00,anthonyjohnson,hwhite,80,1714079687,Empty
2023-11-05 14:36:19-08:00,2023-11-05 14:36:19-08:00,anthonyjohnson,hwhite,80,1382663411,Criticizing
2023-11-05 14:36:19-08:00,2023-11-05 14:36:19-08:00,anthonyjohnson,hwhite,80,1382663411,Asking
2023-11-05 14:36:19-08:00,2023-11-05 14:36:19-08:00,anthonyjohnson,hwhite,80,1714080571,Empty
2023-11-05 14:46:46-08:00,2023-11-05 14:46:46-08:00,anthonyjohnson,hwhite,80,1714082282,Empty
2023-11-05 14:46:46-08:00,2023-11-05 14:46:46-08:00,anthonyjohnson,hwhite,80,1382665040,Criticizing
2023-11-05 14:47:18-08:00,2023-11-05 14:47:18-08:00,anthonyjohnson,hwhite,80,1382665114,Asking
2023-11-05 14:47:18-08:00,2023-11-05 14:47:18-08:00,anthonyjohnson,hwhite,80,1382665114,Directing
2023-11-05 14:47:18-08:00,2023-11-05 14:47:18-08:00,anthonyjohnson,hwhite,80,1714082360,Empty
2023-11-05 15:09:12-08:00,2023-11-05 15:09:12-08:00,anthonyjohnson,hwhite,80,1382668588,Directing
2023-11-05 15:09:12-08:00,2023-11-05 15:09:12-08:00,anthonyjohnson,hwhite,80,1382668588,Directing
2023-11-05 15:09:12-08:00,2023-11-05 15:09:12-08:00,anthonyjohnson,hwhite,80,1714086982,Empty
2023-11-05 15:10:45-08:00,2023-11-05 15:10:45-08:00,anthonyjohnson,hwhite,80,1382668844,Directing
2023-11-05 15:10:45-08:00,2023-11-05 15:10:45-08:00,anthonyjohnson,hwhite,80,1714087253,Empty
2023-11-05 15:12:41-08:00,2023-11-05 15:12:41-08:00,anthonyjohnson,hwhite,80,1382669147,Directing
2023-11-05 15:12:41-08:00,2023-11-05 15:12:41-08:00,anthonyjohnson,hwhite,80,1382669147,Directing
2023-11-05 15:12:41-08:00,2023-11-05 15:12:41-08:00,anthonyjohnson,hwhite,80,1382669147,Directing
2023-11-05 15:12:41-08:00,2023-11-05 15:12:41-08:00,anthonyjohnson,hwhite,80,1382669147,Directing
2023-11-05 15:12:41-08:00,2023-11-05 15:12:41-08:00,anthonyjohnson,hwhite,80,1714087590,Empty
2023-11-05 15:23:16-08:00,2023-11-05 15:23:16-08:00,anthonyjohnson,hwhite,80,1382670746,Directing
2023-11-05 15:23:16-08:00,2023-11-05 15:23:16-08:00,anthonyjohnson,hwhite,80,1382670746,Directing
2023-11-05 15:23:16-08:00,2023-11-05 15:23:16-08:00,anthonyjohnson,hwhite,80,1714089463,Empty
2023-11-05 15:23:36-08:00,2023-11-05 15:23:36-08:00,anthonyjohnson,hwhite,80,1382670834,Directing
2023-11-05 15:23:36-08:00,2023-11-05 15:23:36-08:00,anthonyjohnson,hwhite,80,1382670834,Directing
2023-11-05 15:23:36-08:00,2023-11-05 15:23:36-08:00,anthonyjohnson,hwhite,80,1714089532,Empty
2023-11-05 15:24:15-08:00,2023-11-05 15:24:15-08:00,anthonyjohnson,hwhite,80,1714089724,Approving
2023-11-05 15:24:15-08:00,2023-11-05 15:24:15-08:00,anthonyjohnson,hwhite,80,1714089724,Updating
2023-11-05 15:24:15-08:00,2023-11-05 15:24:15-08:00,anthonyjohnson,hwhite,80,1714089724,Asking
2023-11-05 15:38:24-08:00,2023-11-05 15:38:24-08:00,anthonyjohnson,hwhite,80,1714092590,Empty
2023-11-05 15:38:25-08:00,2023-11-05 15:38:24-08:00,anthonyjohnson,hwhite,80,1382673428,Criticizing
2023-11-05 16:06:17-08:00,2023-11-05 16:06:17-08:00,anthonyjohnson,hwhite,80,1714099701,Empty
2023-11-05 16:11:03-08:00,2023-11-05 16:06:17-08:00,anthonyjohnson,hwhite,80,1382679055,Updating
2023-11-05 16:11:03-08:00,2023-11-05 16:06:17-08:00,anthonyjohnson,hwhite,80,1382679055,Directing
2023-11-05 16:11:03-08:00,2023-11-05 16:06:17-08:00,anthonyjohnson,hwhite,80,1382679055,Directing
2023-11-05 16:11:03-08:00,2023-11-05 16:06:17-08:00,anthonyjohnson,hwhite,80,1382679055,Directing
2023-11-05 16:11:03-08:00,2023-11-05 16:06:17-08:00,anthonyjohnson,hwhite,80,1382679055,Suggesting
2023-11-06 20:29:51-08:00,2023-11-06 20:29:51-08:00,campbellrachel,hwhite,80,1716806906,Updating
2023-11-06 20:29:51-08:00,2023-11-06 20:29:51-08:00,campbellrachel,hwhite,80,1716806906,Approving
2023-11-06 21:52:56-08:00,2023-11-06 21:52:56-08:00,hwhite,hwhite,80,1716873027,Empty
2023-11-06 21:52:56-08:00,2023-11-06 21:52:56-08:00,hwhite,hwhite,80,1384414897,Criticizing
2023-11-06 21:52:56-08:00,2023-11-06 21:52:56-08:00,hwhite,hwhite,80,1384414897,Updating
2023-11-06 21:53:26-08:00,2023-11-06 21:53:26-08:00,hwhite,hwhite,80,1716873465,Empty
2023-11-06 21:53:26-08:00,2023-11-06 21:53:26-08:00,hwhite,hwhite,80,1384415169,Agreeing
2023-11-06 21:54:10-08:00,2023-11-06 21:54:10-08:00,hwhite,hwhite,80,1716874144,Empty
2023-11-06 21:54:10-08:00,2023-11-06 21:54:10-08:00,hwhite,hwhite,80,1384415648,Directing
2023-11-06 21:57:22-08:00,2023-11-06 21:57:22-08:00,hwhite,hwhite,80,1716877398,Empty
2023-11-06 21:57:22-08:00,2023-11-06 21:57:22-08:00,hwhite,hwhite,80,1384417667,Updating
2023-11-06 21:58:33-08:00,2023-11-06 21:58:33-08:00,hwhite,hwhite,80,1716878579,Empty
2023-11-06 21:58:33-08:00,2023-11-06 21:58:33-08:00,hwhite,hwhite,80,1384418401,Agreeing
2023-11-06 21:58:33-08:00,2023-11-06 21:58:33-08:00,hwhite,hwhite,80,1384418401,Complimenting
2023-11-06 22:04:55-08:00,2023-11-06 22:04:55-08:00,hwhite,hwhite,80,1716884582,Empty
2023-11-06 22:10:21-08:00,2023-11-06 22:10:21-08:00,hwhite,hwhite,80,1716889755,Empty
2023-11-06 22:10:21-08:00,2023-11-06 22:10:21-08:00,hwhite,hwhite,80,1384425357,Updating
2023-11-06 22:10:21-08:00,2023-11-06 22:10:21-08:00,hwhite,hwhite,80,1384425357,Updating
2023-11-06 22:10:43-08:00,2023-11-06 22:04:55-08:00,hwhite,hwhite,80,1384422256,Updating
2023-11-06 22:10:43-08:00,2023-11-06 22:04:55-08:00,hwhite,hwhite,80,1384422256,Directing
2023-11-06 22:10:43-08:00,2023-11-06 22:04:55-08:00,hwhite,hwhite,80,1384422256,Updating
2023-11-06 22:44:12-08:00,2023-11-06 22:44:12-08:00,anthonyjohnson,hwhite,80,1384449992,Asking
2023-11-06 22:44:12-08:00,2023-11-06 22:44:12-08:00,anthonyjohnson,hwhite,80,1384449992,Asking
2023-11-06 22:44:12-08:00,2023-11-06 22:44:12-08:00,anthonyjohnson,hwhite,80,1716934076,Empty
2023-11-06 22:45:34-08:00,2023-11-06 22:45:34-08:00,anthonyjohnson,hwhite,80,1384450995,Updating
2023-11-06 22:45:34-08:00,2023-11-06 22:45:34-08:00,anthonyjohnson,hwhite,80,1384450995,Updating
2023-11-06 22:45:34-08:00,2023-11-06 22:45:34-08:00,anthonyjohnson,hwhite,80,1716935562,Empty
2023-11-06 22:47:44-08:00,2023-11-06 22:47:44-08:00,anthonyjohnson,hwhite,80,1384453012,Criticizing
2023-11-06 22:47:44-08:00,2023-11-06 22:47:44-08:00,anthonyjohnson,hwhite,80,1384453012,Updating
2023-11-06 22:47:44-08:00,2023-11-06 22:47:44-08:00,anthonyjohnson,hwhite,80,1716938745,Empty
2023-11-06 22:49:33-08:00,2023-11-06 22:49:33-08:00,anthonyjohnson,hwhite,80,1716940768,Empty
2023-11-06 22:52:30-08:00,2023-11-06 22:49:33-08:00,anthonyjohnson,hwhite,80,1384454216,Updating
2023-11-06 22:52:30-08:00,2023-11-06 22:49:33-08:00,anthonyjohnson,hwhite,80,1384454216,Asking
2023-11-06 22:52:30-08:00,2023-11-06 22:49:33-08:00,anthonyjohnson,hwhite,80,1384454216,Updating
2023-11-06 22:52:30-08:00,2023-11-06 22:49:33-08:00,anthonyjohnson,hwhite,80,1384454216,Updating
2023-11-06 22:52:30-08:00,2023-11-06 22:49:33-08:00,anthonyjohnson,hwhite,80,1384454216,Directing
2023-11-06 23:14:52-08:00,2023-11-06 23:14:52-08:00,hwhite,hwhite,80,1384472644,Updating
2023-11-06 23:14:52-08:00,2023-11-06 23:14:52-08:00,hwhite,hwhite,80,1384472644,Updating
2023-11-06 23:14:52-08:00,2023-11-06 23:14:52-08:00,hwhite,hwhite,80,1716970158,Empty
2023-11-06 23:18:01-08:00,2023-11-06 23:18:01-08:00,hwhite,hwhite,80,1384475222,Disagreeing
2023-11-06 23:18:01-08:00,2023-11-06 23:18:01-08:00,hwhite,hwhite,80,1384475222,Updating
2023-11-06 23:18:01-08:00,2023-11-06 23:18:01-08:00,hwhite,hwhite,80,1384475222,Explaining
2023-11-06 23:18:01-08:00,2023-11-06 23:18:01-08:00,hwhite,hwhite,80,1716974101,Empty
2023-11-06 23:32:27-08:00,2023-11-06 23:32:27-08:00,anthonyjohnson,hwhite,80,1716992774,Empty
2023-11-06 23:32:28-08:00,2023-11-06 23:32:27-08:00,anthonyjohnson,hwhite,80,1384487376,Updating
2023-11-06 23:32:28-08:00,2023-11-06 23:32:27-08:00,anthonyjohnson,hwhite,80,1384487376,Agreeing
2023-11-06 23:32:28-08:00,2023-11-06 23:32:27-08:00,anthonyjohnson,hwhite,80,1384487376,Thanking
2023-11-07 00:32:10-08:00,2023-11-07 00:32:09-08:00,anthonyjohnson,hwhite,80,1384548256,Asking
2023-11-07 00:32:10-08:00,2023-11-07 00:32:10-08:00,anthonyjohnson,hwhite,80,1717095034,Empty
2023-11-07 00:32:57-08:00,2023-11-07 00:32:57-08:00,anthonyjohnson,hwhite,80,1717096444,Empty
2023-11-07 00:32:57-08:00,2023-11-07 00:32:57-08:00,anthonyjohnson,hwhite,80,1384549194,Criticizing
2023-11-07 02:34:45-08:00,2023-11-07 02:34:45-08:00,hwhite,hwhite,80,1717361477,Empty
2023-11-07 02:37:29-08:00,2023-11-07 02:37:28-08:00,hwhite,hwhite,80,1384715798,Updating
2023-11-07 02:37:29-08:00,2023-11-07 02:37:28-08:00,hwhite,hwhite,80,1384715798,Updating
2023-11-07 02:37:29-08:00,2023-11-07 02:37:29-08:00,hwhite,hwhite,80,1717366947,Empty
2023-11-07 02:37:51-08:00,2023-11-07 02:34:45-08:00,hwhite,hwhite,80,1384712191,Updating
2023-11-07 02:37:51-08:00,2023-11-07 02:34:45-08:00,hwhite,hwhite,80,1384712191,Directing
2023-11-07 18:13:05-08:00,2023-11-07 18:13:05-08:00,anthonyjohnson,hwhite,80,1719194581,Empty
2023-11-07 18:13:06-08:00,2023-11-07 18:13:05-08:00,anthonyjohnson,hwhite,80,1385872377,Directing
2023-11-07 18:19:55-08:00,2023-11-07 18:19:55-08:00,anthonyjohnson,hwhite,80,1385877315,Criticizing
2023-11-07 18:19:55-08:00,2023-11-07 18:19:55-08:00,anthonyjohnson,hwhite,80,1385877315,Criticizing
2023-11-07 18:19:55-08:00,2023-11-07 18:19:55-08:00,anthonyjohnson,hwhite,80,1719202798,Empty
2023-11-07 18:20:49-08:00,2023-11-07 18:20:49-08:00,anthonyjohnson,hwhite,80,1719203467,Empty
2023-11-07 18:27:23-08:00,2023-11-07 18:20:49-08:00,anthonyjohnson,hwhite,80,1385877774,Criticizing
2023-11-07 18:27:23-08:00,2023-11-07 18:20:49-08:00,anthonyjohnson,hwhite,80,1385877774,Directing
2023-11-09 00:00:03-08:00,2023-11-09 00:00:03-08:00,anthonyjohnson,hwhite,80,1721914159,Approving
2023-11-09 00:00:03-08:00,2023-11-09 00:00:03-08:00,anthonyjohnson,hwhite,80,1721914159,Criticizing
2023-11-09 23:23:37-08:00,2023-11-09 23:23:37-08:00,hortiz,anthonyjohnson,82,1724171535,Approving
2023-11-09 23:46:36-08:00,2023-11-09 23:46:36-08:00,hwhite,anthonyjohnson,82,1724198487,Encouraging
2023-11-10 10:03:40-08:00,2023-11-10 10:03:40-08:00,josephwatkins,anthonyjohnson,82,1725297702,Approving
2023-11-05 15:55:07-08:00,2023-11-05 15:55:07-08:00,hwhite,anthonyjohnson,83,1714096286,Thanking
2023-11-08 18:01:48-08:00,2023-11-08 18:01:48-08:00,anthonyjohnson,hortiz,92,1721566075,Approving
2023-11-08 18:01:48-08:00,2023-11-08 18:01:48-08:00,anthonyjohnson,hortiz,92,1721566075,Thanking
2023-11-08 21:04:37-08:00,2023-11-08 21:04:37-08:00,hortiz,anthonyjohnson,94,1721699332,Encouraging
2023-11-08 21:04:37-08:00,2023-11-08 21:04:37-08:00,hortiz,anthonyjohnson,94,1721699332,Complimenting
2023-11-08 22:22:35-08:00,2023-11-08 22:22:35-08:00,hwhite,anthonyjohnson,94,1721786420,Complimenting
2023-11-09 17:11:21-08:00,2023-11-09 17:11:21-08:00,hwhite,anthonyjohnson,98,1723768291,Approving
2023-11-09 17:11:21-08:00,2023-11-09 17:11:21-08:00,hwhite,anthonyjohnson,98,1723768291,Complimenting
2023-11-09 17:41:01-08:00,2023-11-09 17:41:01-08:00,hortiz,anthonyjohnson,98,1723795724,Updating
2023-11-09 17:41:01-08:00,2023-11-09 17:41:01-08:00,hortiz,anthonyjohnson,98,1723795724,Complimenting
2023-11-09 21:53:13-08:00,2023-11-09 21:53:13-08:00,hortiz,anthonyjohnson,99,1724058577,Approving
2023-11-09 22:51:20-08:00,2023-11-09 22:51:20-08:00,hwhite,anthonyjohnson,100,1724137521,Approving
2023-11-09 22:51:20-08:00,2023-11-09 22:51:20-08:00,hwhite,anthonyjohnson,100,1724137521,Updating
2023-11-10 12:48:32-08:00,2023-11-10 12:48:32-08:00,hortiz,anthonyjohnson,106,1725605287,Approving
2023-11-10 13:20:21-08:00,2023-11-10 13:20:21-08:00,hortiz,anthonyjohnson,107,1725661025,Approving
2023-11-10 13:47:51-08:00,2023-11-10 13:47:51-08:00,hortiz,anthonyjohnson,108,1725695200,Approving
2023-11-11 22:24:51-08:00,2023-11-11 22:24:51-08:00,hwhite,anthonyjohnson,109,1726180081,Approving
2023-11-11 22:24:51-08:00,2023-11-11 22:24:51-08:00,hwhite,anthonyjohnson,109,1726180081,Asking
2023-11-17 10:43:02-08:00,2023-11-17 10:43:02-08:00,hwhite,hortiz,115,1397733329,Directing
2023-11-17 10:43:02-08:00,2023-11-17 10:43:02-08:00,hwhite,hortiz,115,1737669308,Empty
2023-11-17 10:43:23-08:00,2023-11-17 10:43:23-08:00,hwhite,hortiz,115,1737669813,Complimenting
2023-11-17 12:12:31-08:00,2023-11-17 12:12:31-08:00,hortiz,hortiz,115,1737844846,Empty
2023-11-17 12:12:31-08:00,2023-11-17 12:12:31-08:00,hortiz,hortiz,115,1397837769,Directing
2023-11-17 12:14:26-08:00,2023-11-17 12:14:26-08:00,hortiz,hortiz,115,1737847656,Empty
2023-11-17 12:14:26-08:00,2023-11-17 12:14:26-08:00,hortiz,hortiz,115,1397840048,Directing
2023-11-20 15:06:55-08:00,2023-11-20 15:06:29-08:00,campbellrachel,hortiz,115,1399851299,Criticizing
2023-11-20 15:06:55-08:00,2023-11-20 15:06:29-08:00,campbellrachel,hortiz,115,1399851299,Directing
2023-11-20 15:06:55-08:00,2023-11-20 15:06:29-08:00,campbellrachel,hortiz,115,1399851299,Directing
2023-11-20 15:06:55-08:00,2023-11-20 15:06:55-08:00,campbellrachel,hortiz,115,1740849283,Updating
2023-11-20 15:06:55-08:00,2023-11-20 15:06:55-08:00,campbellrachel,hortiz,115,1740849283,Thanking
2023-11-20 15:29:08-08:00,2023-11-20 15:29:08-08:00,hortiz,hortiz,115,1399863728,Criticizing
2023-11-20 15:29:08-08:00,2023-11-20 15:29:08-08:00,hortiz,hortiz,115,1399863728,Disagreeing
2023-11-20 15:29:08-08:00,2023-11-20 15:29:08-08:00,hortiz,hortiz,115,1740866574,Empty
2023-11-20 23:16:20-08:00,2023-11-20 23:16:20-08:00,anthonyjohnson,hortiz,115,1741254718,Empty
2023-11-20 23:21:30-08:00,2023-11-20 23:16:20-08:00,anthonyjohnson,hortiz,115,1400117220,Complimenting
2023-11-20 23:21:30-08:00,2023-11-20 23:16:20-08:00,anthonyjohnson,hortiz,115,1400117220,Explaining
2023-11-20 23:21:30-08:00,2023-11-20 23:16:20-08:00,anthonyjohnson,hortiz,115,1400117220,Explaining
2023-11-20 23:21:30-08:00,2023-11-20 23:16:20-08:00,anthonyjohnson,hortiz,115,1400117220,Explaining
2023-11-20 23:21:30-08:00,2023-11-20 23:16:20-08:00,anthonyjohnson,hortiz,115,1400117220,Directing
2023-11-20 23:26:16-08:00,2023-11-20 23:26:16-08:00,anthonyjohnson,hortiz,115,1400125352,Directing
2023-11-20 23:26:16-08:00,2023-11-20 23:26:16-08:00,anthonyjohnson,hortiz,115,1741267497,Empty
2023-11-20 23:27:00-08:00,2023-11-20 23:27:00-08:00,hortiz,hortiz,115,1741268417,Empty
2023-11-20 23:27:00-08:00,2023-11-20 23:27:00-08:00,hortiz,hortiz,115,1400126049,Updating
2023-11-20 23:27:00-08:00,2023-11-20 23:27:00-08:00,hortiz,hortiz,115,1400126049,Asking
2023-11-20 23:30:30-08:00,2023-11-20 23:30:29-08:00,anthonyjohnson,hortiz,115,1400129163,Agreeing
2023-11-20 23:30:30-08:00,2023-11-20 23:30:29-08:00,anthonyjohnson,hortiz,115,1400129163,Directing
2023-11-20 23:30:30-08:00,2023-11-20 23:30:29-08:00,anthonyjohnson,hortiz,115,1400129163,Updating
2023-11-20 23:30:30-08:00,2023-11-20 23:30:29-08:00,anthonyjohnson,hortiz,115,1400129163,Directing
2023-11-20 23:30:30-08:00,2023-11-20 23:30:30-08:00,anthonyjohnson,hortiz,115,1741273009,Empty
2023-11-20 23:46:58-08:00,2023-11-20 23:46:58-08:00,hortiz,hortiz,115,1741298831,Empty
2023-11-20 23:46:58-08:00,2023-11-20 23:46:58-08:00,hortiz,hortiz,115,1400144789,Updating
2023-11-20 23:46:58-08:00,2023-11-20 23:46:58-08:00,hortiz,hortiz,115,1400144789,Updating
2023-11-21 00:52:40-08:00,2023-11-21 00:52:40-08:00,hortiz,hortiz,115,1741422452,Empty
2023-11-21 00:52:40-08:00,2023-11-21 00:52:40-08:00,hortiz,hortiz,115,1400223119,Criticizing
2023-11-21 11:53:44-08:00,2023-11-21 11:53:44-08:00,hwhite,hortiz,115,1401097476,Asking
2023-11-21 11:53:44-08:00,2023-11-21 11:53:44-08:00,hwhite,hortiz,115,1742964573,Empty
2023-11-21 11:53:58-08:00,2023-11-21 11:53:58-08:00,hwhite,hortiz,115,1742964933,Approving
2023-11-21 11:54:49-08:00,2023-11-21 11:54:49-08:00,hortiz,hortiz,115,1401098490,Agreeing
2023-11-21 11:54:49-08:00,2023-11-21 11:54:49-08:00,hortiz,hortiz,115,1742966157,Empty
2023-11-21 12:30:12-08:00,2023-11-21 12:30:11-08:00,anthonyjohnson,hortiz,115,1401134403,Agreeing
2023-11-21 12:30:12-08:00,2023-11-21 12:30:12-08:00,anthonyjohnson,hortiz,115,1743021489,Empty
2023-11-21 14:23:11-08:00,2023-11-21 14:23:11-08:00,anthonyjohnson,hortiz,115,1743250790,Empty
2023-11-21 14:23:11-08:00,2023-11-21 14:23:11-08:00,anthonyjohnson,hortiz,115,1401281623,Asking
2023-11-21 14:24:00-08:00,2023-11-21 14:24:00-08:00,anthonyjohnson,hortiz,115,1743251600,Empty
2023-11-21 14:26:37-08:00,2023-11-21 14:26:37-08:00,anthonyjohnson,hortiz,115,1743254518,Empty
2023-11-21 14:26:37-08:00,2023-11-21 14:26:37-08:00,anthonyjohnson,hortiz,115,1401284314,Updating
2023-11-21 14:26:37-08:00,2023-11-21 14:26:37-08:00,anthonyjohnson,hortiz,115,1401284314,Criticizing
2023-11-21 14:27:20-08:00,2023-11-21 14:24:00-08:00,anthonyjohnson,hortiz,115,1401282335,Criticizing
2023-11-21 14:27:20-08:00,2023-11-21 14:24:00-08:00,anthonyjohnson,hortiz,115,1401282335,Directing
2023-11-21 14:27:20-08:00,2023-11-21 14:24:00-08:00,anthonyjohnson,hortiz,115,1401282335,Directing
2023-11-21 14:38:28-08:00,2023-11-21 14:38:28-08:00,anthonyjohnson,hortiz,115,1401297044,Directing
2023-11-21 14:38:28-08:00,2023-11-21 14:38:28-08:00,anthonyjohnson,hortiz,115,1743273185,Empty
2023-11-21 14:40:32-08:00,2023-11-21 14:40:32-08:00,anthonyjohnson,hortiz,115,1743275237,Empty
2023-11-21 14:40:32-08:00,2023-11-21 14:40:32-08:00,anthonyjohnson,hortiz,115,1401298533,Asking
2023-11-21 14:40:32-08:00,2023-11-21 14:40:32-08:00,anthonyjohnson,hortiz,115,1401298533,Asking
2023-11-21 14:40:42-08:00,2023-11-21 14:40:42-08:00,anthonyjohnson,hortiz,115,1743275415,Empty
2023-11-21 14:40:42-08:00,2023-11-21 14:40:42-08:00,anthonyjohnson,hortiz,115,1401298643,Criticizing
2023-11-21 14:43:33-08:00,2023-11-21 14:43:33-08:00,anthonyjohnson,hortiz,115,1401300658,Directing
2023-11-21 14:43:33-08:00,2023-11-21 14:43:33-08:00,anthonyjohnson,hortiz,115,1743278429,Empty
2023-11-21 14:44:52-08:00,2023-11-21 14:44:52-08:00,anthonyjohnson,hortiz,115,1401301520,Directing
2023-11-21 14:44:52-08:00,2023-11-21 14:44:52-08:00,anthonyjohnson,hortiz,115,1401301520,Directing
2023-11-21 14:44:52-08:00,2023-11-21 14:44:52-08:00,anthonyjohnson,hortiz,115,1743279647,Empty
2023-11-21 14:46:09-08:00,2023-11-21 14:46:09-08:00,anthonyjohnson,hortiz,115,1401302478,Disagreeing
2023-11-21 14:46:09-08:00,2023-11-21 14:46:09-08:00,anthonyjohnson,hortiz,115,1401302478,Directing
2023-11-21 14:46:09-08:00,2023-11-21 14:46:09-08:00,anthonyjohnson,hortiz,115,1743280886,Empty
2023-11-21 14:46:29-08:00,2023-11-21 14:46:28-08:00,anthonyjohnson,hortiz,115,1401302673,Criticizing
2023-11-21 14:46:29-08:00,2023-11-21 14:46:29-08:00,anthonyjohnson,hortiz,115,1743281176,Empty
2023-11-21 14:49:44-08:00,2023-11-21 14:49:43-08:00,anthonyjohnson,hortiz,115,1401304940,Explaining
2023-11-21 14:49:44-08:00,2023-11-21 14:49:43-08:00,anthonyjohnson,hortiz,115,1401304940,Explaining
2023-11-21 14:49:44-08:00,2023-11-21 14:49:43-08:00,anthonyjohnson,hortiz,115,1401304940,Explaining
2023-11-21 14:49:44-08:00,2023-11-21 14:49:43-08:00,anthonyjohnson,hortiz,115,1401304940,Explaining
2023-11-21 14:49:44-08:00,2023-11-21 14:49:43-08:00,anthonyjohnson,hortiz,115,1401304940,Asking
2023-11-21 14:49:44-08:00,2023-11-21 14:49:44-08:00,anthonyjohnson,hortiz,115,1743285220,Empty
2023-11-21 14:51:21-08:00,2023-11-21 14:51:21-08:00,anthonyjohnson,hortiz,115,1401306280,Directing
2023-11-21 14:51:21-08:00,2023-11-21 14:51:21-08:00,anthonyjohnson,hortiz,115,1401306280,Directing
2023-11-21 14:51:21-08:00,2023-11-21 14:51:21-08:00,anthonyjohnson,hortiz,115,1743286740,Empty
2023-11-21 15:03:36-08:00,2023-11-21 15:03:36-08:00,hortiz,hortiz,115,1743299095,Empty
2023-11-21 15:03:37-08:00,2023-11-21 15:03:36-08:00,hortiz,hortiz,115,1401315025,Disagreeing
2023-11-21 15:06:03-08:00,2023-11-21 15:06:03-08:00,anthonyjohnson,hortiz,115,1743301137,Empty
2023-11-21 15:06:03-08:00,2023-11-21 15:06:03-08:00,anthonyjohnson,hortiz,115,1401316536,Explaining
2023-11-21 15:07:11-08:00,2023-11-21 15:07:11-08:00,anthonyjohnson,hortiz,115,1743302081,Empty
2023-11-21 15:07:43-08:00,2023-11-21 15:07:11-08:00,anthonyjohnson,hortiz,115,1401317227,Disagreeing
2023-11-21 15:07:43-08:00,2023-11-21 15:07:11-08:00,anthonyjohnson,hortiz,115,1401317227,Explaining
2023-11-21 15:12:10-08:00,2023-11-21 15:12:10-08:00,hortiz,hortiz,115,1743306386,Empty
2023-11-21 15:12:10-08:00,2023-11-21 15:12:10-08:00,hortiz,hortiz,115,1401320405,Updating
2023-11-21 15:15:19-08:00,2023-11-21 15:15:19-08:00,hortiz,hortiz,115,1743308989,Empty
2023-11-21 15:15:20-08:00,2023-11-21 15:15:19-08:00,hortiz,hortiz,115,1401322247,Updating
2023-11-21 15:15:20-08:00,2023-11-21 15:15:19-08:00,hortiz,hortiz,115,1401322247,Updating
2023-11-21 15:16:03-08:00,2023-11-21 15:16:03-08:00,hortiz,hortiz,115,1401322701,Directing
2023-11-21 15:16:03-08:00,2023-11-21 15:16:03-08:00,hortiz,hortiz,115,1743309637,Empty
2023-11-21 15:18:35-08:00,2023-11-21 15:18:35-08:00,anthonyjohnson,hortiz,115,1401324214,Updating
2023-11-21 15:18:35-08:00,2023-11-21 15:18:35-08:00,anthonyjohnson,hortiz,115,1401324214,Directing
2023-11-21 15:18:35-08:00,2023-11-21 15:18:35-08:00,anthonyjohnson,hortiz,115,1401324214,Directing
2023-11-21 15:18:35-08:00,2023-11-21 15:18:35-08:00,anthonyjohnson,hortiz,115,1743311728,Empty
2023-11-21 15:19:16-08:00,2023-11-21 15:19:16-08:00,anthonyjohnson,hortiz,115,1401324590,Approving
2023-11-21 15:19:16-08:00,2023-11-21 15:19:16-08:00,anthonyjohnson,hortiz,115,1401324590,Directing
2023-11-21 15:19:16-08:00,2023-11-21 15:19:16-08:00,anthonyjohnson,hortiz,115,1743312259,Empty
2023-11-21 15:22:50-08:00,2023-11-21 15:22:50-08:00,anthonyjohnson,hortiz,115,1743315421,Empty
2023-11-21 15:24:07-08:00,2023-11-21 15:24:07-08:00,anthonyjohnson,hortiz,115,1401327417,Apologizing
2023-11-21 15:24:07-08:00,2023-11-21 15:24:07-08:00,anthonyjohnson,hortiz,115,1743316377,Empty
2023-11-21 15:25:06-08:00,2023-11-21 15:22:50-08:00,anthonyjohnson,hortiz,115,1401326726,Disagreeing
2023-11-21 15:25:06-08:00,2023-11-21 15:22:50-08:00,anthonyjohnson,hortiz,115,1401326726,Directing
2023-11-21 15:30:26-08:00,2023-11-21 15:30:26-08:00,hortiz,hortiz,115,1743322285,Empty
2023-11-21 15:30:27-08:00,2023-11-21 15:30:26-08:00,hortiz,hortiz,115,1401331430,Agreeing
2023-11-21 15:30:27-08:00,2023-11-21 15:30:26-08:00,hortiz,hortiz,115,1401331430,Updating
2023-11-21 15:31:10-08:00,2023-11-21 15:31:09-08:00,hortiz,hortiz,115,1401331872,Agreeing
2023-11-21 15:31:10-08:00,2023-11-21 15:31:10-08:00,hortiz,hortiz,115,1743322878,Empty
2023-11-21 15:37:42-08:00,2023-11-21 15:37:41-08:00,hortiz,hortiz,115,1401335435,Agreeing
2023-11-21 15:37:42-08:00,2023-11-21 15:37:42-08:00,hortiz,hortiz,115,1743327782,Empty
2023-11-21 15:39:37-08:00,2023-11-21 15:39:37-08:00,anthonyjohnson,hortiz,115,1401336554,Criticizing
2023-11-21 15:39:37-08:00,2023-11-21 15:39:37-08:00,anthonyjohnson,hortiz,115,1401336554,Criticizing
2023-11-21 15:39:37-08:00,2023-11-21 15:39:37-08:00,anthonyjohnson,hortiz,115,1401336554,Criticizing
2023-11-21 15:39:37-08:00,2023-11-21 15:39:37-08:00,anthonyjohnson,hortiz,115,1401336554,Criticizing
2023-11-21 15:39:37-08:00,2023-11-21 15:39:37-08:00,anthonyjohnson,hortiz,115,1401336554,Criticizing
2023-11-21 15:39:37-08:00,2023-11-21 15:39:37-08:00,anthonyjohnson,hortiz,115,1401336554,Criticizing
2023-11-21 15:39:37-08:00,2023-11-21 15:39:37-08:00,anthonyjohnson,hortiz,115,1743329142,Empty
2023-11-21 15:42:42-08:00,2023-11-21 15:42:42-08:00,anthonyjohnson,hortiz,115,1743331301,Directing
2023-11-21 15:42:42-08:00,2023-11-21 15:42:42-08:00,anthonyjohnson,hortiz,115,1743331301,Explaining
2023-11-21 15:42:42-08:00,2023-11-21 15:42:42-08:00,anthonyjohnson,hortiz,115,1743331301,Directing
2023-11-21 15:42:42-08:00,2023-11-21 15:42:42-08:00,anthonyjohnson,hortiz,115,1743331301,Explaining
2023-11-21 15:42:42-08:00,2023-11-21 15:42:42-08:00,anthonyjohnson,hortiz,115,1743331301,Updating
2023-11-21 15:42:42-08:00,2023-11-21 15:42:42-08:00,anthonyjohnson,hortiz,115,1743331301,Updating
2023-11-21 15:42:42-08:00,2023-11-21 15:42:42-08:00,anthonyjohnson,hortiz,115,1743331301,Directing
2023-11-21 16:38:02-08:00,2023-11-21 16:38:02-08:00,hortiz,hortiz,115,1743375256,Empty
2023-11-21 16:38:02-08:00,2023-11-21 16:38:02-08:00,hortiz,hortiz,115,1401370951,Updating
2023-11-21 16:38:02-08:00,2023-11-21 16:38:02-08:00,hortiz,hortiz,115,1401370951,Asking
2023-11-21 16:38:02-08:00,2023-11-21 16:38:02-08:00,hortiz,hortiz,115,1401370951,Asking
2023-11-21 16:43:16-08:00,2023-11-21 16:43:16-08:00,hortiz,hortiz,115,1401373659,Updating
2023-11-21 16:43:16-08:00,2023-11-21 16:43:16-08:00,hortiz,hortiz,115,1401373659,Asking
2023-11-21 16:43:16-08:00,2023-11-21 16:43:16-08:00,hortiz,hortiz,115,1743378507,Empty
2023-11-21 17:05:04-08:00,2023-11-21 17:05:04-08:00,anthonyjohnson,hortiz,115,1743393630,Empty
2023-11-21 17:06:15-08:00,2023-11-21 17:06:15-08:00,anthonyjohnson,hortiz,115,1401385712,Disagreeing
2023-11-21 17:06:15-08:00,2023-11-21 17:06:15-08:00,anthonyjohnson,hortiz,115,1401385712,Updating
2023-11-21 17:06:15-08:00,2023-11-21 17:06:15-08:00,anthonyjohnson,hortiz,115,1401385712,Suggesting
2023-11-21 17:06:15-08:00,2023-11-21 17:06:15-08:00,anthonyjohnson,hortiz,115,1743394386,Empty
2023-11-21 19:02:15-08:00,2023-11-21 19:02:15-08:00,anthonyjohnson,hortiz,115,1401446907,Directing
2023-11-21 19:02:15-08:00,2023-11-21 19:02:15-08:00,anthonyjohnson,hortiz,115,1743472188,Empty
2023-11-21 19:04:18-08:00,2023-11-21 19:04:18-08:00,anthonyjohnson,hortiz,115,1401447926,Directing
2023-11-21 19:04:18-08:00,2023-11-21 19:04:18-08:00,anthonyjohnson,hortiz,115,1743473436,Empty
2023-11-21 19:05:19-08:00,2023-11-21 19:05:19-08:00,anthonyjohnson,hortiz,115,1401448421,Asking
2023-11-21 19:05:19-08:00,2023-11-21 19:05:19-08:00,anthonyjohnson,hortiz,115,1743474081,Empty
2023-11-21 19:05:51-08:00,2023-11-21 17:05:04-08:00,anthonyjohnson,hortiz,115,1401385086,Agreeing
2023-11-21 19:05:51-08:00,2023-11-21 17:05:04-08:00,anthonyjohnson,hortiz,115,1401385086,Updating
2023-11-21 19:05:51-08:00,2023-11-21 17:05:04-08:00,anthonyjohnson,hortiz,115,1401385086,Updating
2023-11-21 19:09:10-08:00,2023-11-21 19:09:10-08:00,hortiz,hortiz,115,1743476436,Empty
2023-11-21 19:10:08-08:00,2023-11-21 19:09:10-08:00,hortiz,hortiz,115,1401450176,Updating
2023-11-21 19:10:08-08:00,2023-11-21 19:09:10-08:00,hortiz,hortiz,115,1401450176,Explaining
2023-11-21 19:17:18-08:00,2023-11-21 19:17:18-08:00,anthonyjohnson,hortiz,115,1401454115,Updating
2023-11-21 19:17:18-08:00,2023-11-21 19:17:18-08:00,anthonyjohnson,hortiz,115,1401454115,Updating
2023-11-21 19:17:18-08:00,2023-11-21 19:17:18-08:00,anthonyjohnson,hortiz,115,1401454115,Thanking
2023-11-21 19:17:18-08:00,2023-11-21 19:17:18-08:00,anthonyjohnson,hortiz,115,1743481503,Empty
2023-11-21 19:21:50-08:00,2023-11-21 19:21:50-08:00,hortiz,hortiz,115,1743484234,Empty
2023-11-21 19:21:50-08:00,2023-11-21 19:21:50-08:00,hortiz,hortiz,115,1401456234,Updating
2023-11-21 19:21:50-08:00,2023-11-21 19:21:50-08:00,hortiz,hortiz,115,1401456234,Agreeing
2023-11-21 19:21:50-08:00,2023-11-21 19:21:50-08:00,hortiz,hortiz,115,1401456234,Criticizing
2023-11-21 19:29:32-08:00,2023-11-21 19:29:32-08:00,anthonyjohnson,hortiz,115,1743489030,Empty
2023-11-21 19:29:33-08:00,2023-11-21 19:29:32-08:00,anthonyjohnson,hortiz,115,1401459968,Directing
2023-11-21 19:38:13-08:00,2023-11-21 19:38:13-08:00,anthonyjohnson,hortiz,115,1401464200,Suggesting
2023-11-21 19:38:13-08:00,2023-11-21 19:38:13-08:00,anthonyjohnson,hortiz,115,1401464200,Directing
2023-11-21 19:38:13-08:00,2023-11-21 19:38:13-08:00,anthonyjohnson,hortiz,115,1743494547,Empty
2023-11-21 19:39:35-08:00,2023-11-21 19:39:35-08:00,anthonyjohnson,hortiz,115,1743495602,Empty
2023-11-21 19:39:35-08:00,2023-11-21 19:39:35-08:00,anthonyjohnson,hortiz,115,1401464890,Directing
2023-11-21 19:41:23-08:00,2023-11-21 19:41:22-08:00,anthonyjohnson,hortiz,115,1401465709,Updating
2023-11-21 19:41:23-08:00,2023-11-21 19:41:22-08:00,anthonyjohnson,hortiz,115,1401465709,Updating
2023-11-21 19:41:23-08:00,2023-11-21 19:41:23-08:00,anthonyjohnson,hortiz,115,1743498783,Empty
2023-11-21 19:41:30-08:00,2023-11-21 19:41:30-08:00,hortiz,hortiz,115,1743499027,Empty
2023-11-21 19:41:31-08:00,2023-11-21 19:41:30-08:00,hortiz,hortiz,115,1401465786,Agreeing
2023-11-21 19:45:58-08:00,2023-11-21 19:45:58-08:00,hortiz,hortiz,115,1743507472,Empty
2023-11-21 19:45:59-08:00,2023-11-21 19:45:58-08:00,hortiz,hortiz,115,1401467824,Criticizing
2023-11-21 19:45:59-08:00,2023-11-21 19:45:58-08:00,hortiz,hortiz,115,1401467824,Criticizing
2023-11-21 19:55:26-08:00,2023-11-21 19:55:26-08:00,anthonyjohnson,hortiz,115,1743524203,Empty
2023-11-21 19:55:26-08:00,2023-11-21 19:55:26-08:00,anthonyjohnson,hortiz,115,1401472699,Criticizing
2023-11-21 19:55:26-08:00,2023-11-21 19:55:26-08:00,anthonyjohnson,hortiz,115,1401472699,Updating
2023-11-21 19:55:26-08:00,2023-11-21 19:55:26-08:00,anthonyjohnson,hortiz,115,1401472699,Approving
2023-11-21 19:56:51-08:00,2023-11-21 19:56:51-08:00,anthonyjohnson,hortiz,115,1743525412,Empty
2023-11-21 19:56:51-08:00,2023-11-21 19:56:51-08:00,anthonyjohnson,hortiz,115,1401473661,Asking
2023-11-21 19:58:40-08:00,2023-11-21 19:58:40-08:00,anthonyjohnson,hortiz,115,1743527707,Approving
2023-11-21 19:58:40-08:00,2023-11-21 19:58:40-08:00,anthonyjohnson,hortiz,115,1743527707,Criticizing
2023-11-21 19:58:44-08:00,2023-11-21 19:58:44-08:00,hortiz,hortiz,115,1743527782,Empty
2023-11-21 19:58:45-08:00,2023-11-21 19:58:44-08:00,hortiz,hortiz,115,1401474995,Updating
2023-11-21 21:38:24-08:00,2023-11-21 21:38:24-08:00,anthonyjohnson,hortiz,115,1743598826,Empty
2023-11-21 21:40:00-08:00,2023-11-21 21:38:24-08:00,anthonyjohnson,hortiz,115,1401527892,Updating
2023-11-21 21:40:00-08:00,2023-11-21 21:38:24-08:00,anthonyjohnson,hortiz,115,1401527892,Updating
2023-11-21 21:40:00-08:00,2023-11-21 21:38:24-08:00,anthonyjohnson,hortiz,115,1401527892,Asking
2023-11-21 21:40:00-08:00,2023-11-21 21:38:24-08:00,anthonyjohnson,hortiz,115,1401527892,Asking
2023-11-21 21:40:00-08:00,2023-11-21 21:38:24-08:00,anthonyjohnson,hortiz,115,1401527892,Criticizing
2023-11-21 21:46:56-08:00,2023-11-21 21:46:56-08:00,anthonyjohnson,hortiz,115,1743605707,Empty
2023-11-21 21:47:04-08:00,2023-11-21 21:46:56-08:00,anthonyjohnson,hortiz,115,1401533094,Criticizing
2023-11-21 21:47:04-08:00,2023-11-21 21:46:56-08:00,anthonyjohnson,hortiz,115,1401533094,Directing
2023-11-21 21:49:21-08:00,2023-11-21 21:49:21-08:00,anthonyjohnson,hortiz,115,1401534638,Directing
2023-11-21 21:49:21-08:00,2023-11-21 21:49:21-08:00,anthonyjohnson,hortiz,115,1401534638,Directing
2023-11-21 21:49:21-08:00,2023-11-21 21:49:21-08:00,anthonyjohnson,hortiz,115,1743607745,Empty
2023-11-21 21:52:19-08:00,2023-11-21 21:52:19-08:00,anthonyjohnson,hortiz,115,1743610199,Empty
2023-11-21 21:54:46-08:00,2023-11-21 21:52:19-08:00,anthonyjohnson,hortiz,115,1401536360,Directing
2023-11-21 21:54:46-08:00,2023-11-21 21:52:19-08:00,anthonyjohnson,hortiz,115,1401536360,Explaining
2023-11-21 21:55:03-08:00,2023-11-21 21:55:03-08:00,anthonyjohnson,hortiz,115,1743612560,Empty
2023-11-21 21:55:03-08:00,2023-11-21 21:55:03-08:00,anthonyjohnson,hortiz,115,1401538125,Criticizing
2023-11-21 21:55:03-08:00,2023-11-21 21:55:03-08:00,anthonyjohnson,hortiz,115,1401538125,Directing
2023-11-21 21:56:30-08:00,2023-11-21 21:56:30-08:00,anthonyjohnson,hortiz,115,1743613740,Approving
2023-11-21 21:56:30-08:00,2023-11-21 21:56:30-08:00,anthonyjohnson,hortiz,115,1743613740,Criticizing
2023-11-22 15:04:33-08:00,2023-11-22 15:04:33-08:00,hortiz,hortiz,115,1745490990,Empty
2023-11-22 15:04:33-08:00,2023-11-22 15:04:33-08:00,hortiz,hortiz,115,1402784931,Updating
2023-11-22 15:04:33-08:00,2023-11-22 15:04:33-08:00,hortiz,hortiz,115,1402784931,Agreeing
2023-11-22 15:21:20-08:00,2023-11-22 15:21:20-08:00,hortiz,hortiz,115,1745501883,Empty
2023-11-22 15:21:20-08:00,2023-11-22 15:21:20-08:00,hortiz,hortiz,115,1402791722,Complimenting
2023-11-22 15:21:20-08:00,2023-11-22 15:21:20-08:00,hortiz,hortiz,115,1402791722,Updating
2023-11-22 17:07:05-08:00,2023-11-22 17:07:05-08:00,anthonyjohnson,hortiz,115,1745580402,Empty
2023-11-22 17:07:05-08:00,2023-11-22 17:07:05-08:00,anthonyjohnson,hortiz,115,1402835668,Directing
2023-11-22 17:07:05-08:00,2023-11-22 17:07:05-08:00,anthonyjohnson,hortiz,115,1402835668,Explaining
2023-11-22 17:21:18-08:00,2023-11-22 17:21:17-08:00,hortiz,hortiz,115,1402840486,Apologizing
2023-11-22 17:21:18-08:00,2023-11-22 17:21:17-08:00,hortiz,hortiz,115,1402840486,Updating
2023-11-22 17:21:18-08:00,2023-11-22 17:21:18-08:00,hortiz,hortiz,115,1745586870,Empty
2023-11-22 17:36:03-08:00,2023-11-22 17:36:03-08:00,anthonyjohnson,hortiz,115,1402845936,Directing
2023-11-22 17:36:03-08:00,2023-11-22 17:36:03-08:00,anthonyjohnson,hortiz,115,1745594539,Empty
2023-11-22 17:37:24-08:00,2023-11-22 17:37:24-08:00,hortiz,hortiz,115,1745595182,Empty
2023-11-22 17:37:25-08:00,2023-11-22 17:37:24-08:00,hortiz,hortiz,115,1402846330,Agreeing
2023-11-22 17:42:03-08:00,2023-11-22 17:42:03-08:00,anthonyjohnson,hortiz,115,1402847686,Updating
2023-11-22 17:42:03-08:00,2023-11-22 17:42:03-08:00,anthonyjohnson,hortiz,115,1402847686,Criticizing
2023-11-22 17:42:03-08:00,2023-11-22 17:42:03-08:00,anthonyjohnson,hortiz,115,1402847686,Approving
2023-11-22 17:42:03-08:00,2023-11-22 17:42:03-08:00,anthonyjohnson,hortiz,115,1745597032,Empty
2023-11-22 17:43:00-08:00,2023-11-22 17:43:00-08:00,anthonyjohnson,hortiz,115,1402847979,Directing
2023-11-22 17:43:00-08:00,2023-11-22 17:43:00-08:00,anthonyjohnson,hortiz,115,1745597520,Empty
2023-11-22 17:44:30-08:00,2023-11-22 17:44:30-08:00,anthonyjohnson,hortiz,115,1745598111,Empty
2023-11-22 17:44:30-08:00,2023-11-22 17:44:30-08:00,anthonyjohnson,hortiz,115,1402848383,Directing
2023-11-22 17:44:30-08:00,2023-11-22 17:44:30-08:00,anthonyjohnson,hortiz,115,1402848383,Updating
2023-11-22 17:44:51-08:00,2023-11-22 17:44:51-08:00,hortiz,hortiz,115,1745598408,Empty
2023-11-22 17:44:51-08:00,2023-11-22 17:44:51-08:00,hortiz,hortiz,115,1402848570,Agreeing
2023-11-22 17:44:51-08:00,2023-11-22 17:44:51-08:00,hortiz,hortiz,115,1402848570,Updating
2023-11-22 17:45:38-08:00,2023-11-22 17:45:38-08:00,hortiz,hortiz,115,1745599150,Empty
2023-11-22 17:45:38-08:00,2023-11-22 17:45:38-08:00,hortiz,hortiz,115,1402848961,Asking
2023-11-22 17:46:08-08:00,2023-11-22 17:46:08-08:00,anthonyjohnson,hortiz,115,1745599448,Empty
2023-11-22 17:46:08-08:00,2023-11-22 17:46:08-08:00,anthonyjohnson,hortiz,115,1402849116,Directing
2023-11-22 17:46:08-08:00,2023-11-22 17:46:08-08:00,anthonyjohnson,hortiz,115,1402849116,Directing
2023-11-22 20:34:02-08:00,2023-11-22 20:34:02-08:00,anthonyjohnson,hortiz,115,1745691386,Empty
2023-11-22 20:34:03-08:00,2023-11-22 20:34:02-08:00,anthonyjohnson,hortiz,115,1402907638,Directing
2023-11-22 20:34:03-08:00,2023-11-22 20:34:02-08:00,anthonyjohnson,hortiz,115,1402907638,Directing
2023-11-22 20:35:51-08:00,2023-11-22 20:35:51-08:00,anthonyjohnson,hortiz,115,1402908208,Directing
2023-11-22 20:35:51-08:00,2023-11-22 20:35:51-08:00,anthonyjohnson,hortiz,115,1745692243,Empty
2023-11-22 20:37:06-08:00,2023-11-22 20:37:06-08:00,anthonyjohnson,hortiz,115,1402908553,Directing
2023-11-22 20:37:06-08:00,2023-11-22 20:37:06-08:00,anthonyjohnson,hortiz,115,1402908553,Directing
2023-11-22 20:37:06-08:00,2023-11-22 20:37:06-08:00,anthonyjohnson,hortiz,115,1745692836,Empty
2023-11-22 20:38:26-08:00,2023-11-22 20:38:26-08:00,hortiz,hortiz,115,1745693431,Empty
2023-11-22 20:38:26-08:00,2023-11-22 20:38:26-08:00,hortiz,hortiz,115,1402908950,Agreeing
2023-11-22 20:38:26-08:00,2023-11-22 20:38:26-08:00,hortiz,hortiz,115,1402908950,Updating
2023-11-22 20:39:19-08:00,2023-11-22 20:39:18-08:00,anthonyjohnson,hortiz,115,1402909299,Updating
2023-11-22 20:39:19-08:00,2023-11-22 20:39:18-08:00,anthonyjohnson,hortiz,115,1402909299,Criticizing
2023-11-22 20:39:19-08:00,2023-11-22 20:39:18-08:00,anthonyjohnson,hortiz,115,1402909299,Directing
2023-11-22 20:39:19-08:00,2023-11-22 20:39:19-08:00,anthonyjohnson,hortiz,115,1745693903,Empty
2023-11-22 20:40:29-08:00,2023-11-22 20:40:29-08:00,anthonyjohnson,hortiz,115,1745695459,Empty
2023-11-22 20:40:29-08:00,2023-11-22 20:40:29-08:00,anthonyjohnson,hortiz,115,1402909785,Explaining
2023-11-22 20:43:05-08:00,2023-11-22 20:43:04-08:00,anthonyjohnson,hortiz,115,1402910790,Explaining
2023-11-22 20:43:05-08:00,2023-11-22 20:43:05-08:00,anthonyjohnson,hortiz,115,1745696696,Empty
2023-11-22 20:58:01-08:00,2023-11-22 20:58:01-08:00,anthonyjohnson,hortiz,115,1745706398,Empty
2023-11-22 20:58:24-08:00,2023-11-22 20:58:24-08:00,hortiz,hortiz,115,1745706607,Empty
2023-11-22 20:58:24-08:00,2023-11-22 20:58:24-08:00,hortiz,hortiz,115,1402917484,Directing
2023-11-22 20:58:24-08:00,2023-11-22 20:58:24-08:00,hortiz,hortiz,115,1402917484,Directing
2023-11-22 20:58:27-08:00,2023-11-22 20:58:27-08:00,anthonyjohnson,hortiz,115,1402917499,Updating
2023-11-22 20:58:27-08:00,2023-11-22 20:58:27-08:00,anthonyjohnson,hortiz,115,1402917499,Agreeing
2023-11-22 20:58:27-08:00,2023-11-22 20:58:27-08:00,anthonyjohnson,hortiz,115,1745706635,Empty
2023-11-22 21:04:43-08:00,2023-11-22 21:04:43-08:00,anthonyjohnson,hortiz,115,1745709927,Empty
2023-11-22 21:04:44-08:00,2023-11-22 21:04:43-08:00,anthonyjohnson,hortiz,115,1402919602,Criticizing
2023-11-22 21:33:51-08:00,2023-11-22 21:33:50-08:00,anthonyjohnson,hortiz,115,1402931816,Updating
2023-11-22 21:33:51-08:00,2023-11-22 21:33:50-08:00,anthonyjohnson,hortiz,115,1402931816,Directing
2023-11-22 21:33:51-08:00,2023-11-22 21:33:51-08:00,anthonyjohnson,hortiz,115,1745727471,Empty
2023-11-22 21:48:40-08:00,2023-11-22 20:58:00-08:00,anthonyjohnson,hortiz,115,1402917317,Updating
2023-11-22 21:48:40-08:00,2023-11-22 20:58:00-08:00,anthonyjohnson,hortiz,115,1402917317,Criticizing
2023-11-22 21:48:40-08:00,2023-11-22 20:58:00-08:00,anthonyjohnson,hortiz,115,1402917317,Suggesting
2023-11-22 22:01:02-08:00,2023-11-22 22:01:02-08:00,hortiz,hortiz,115,1745747069,Empty
2023-11-22 22:01:02-08:00,2023-11-22 22:01:02-08:00,hortiz,hortiz,115,1402943805,Agreeing
2023-11-22 22:01:02-08:00,2023-11-22 22:01:02-08:00,hortiz,hortiz,115,1402943805,Updating
2023-11-22 22:07:23-08:00,2023-11-22 22:07:23-08:00,anthonyjohnson,hortiz,115,1745751460,Empty
2023-11-22 22:08:35-08:00,2023-11-22 22:07:23-08:00,anthonyjohnson,hortiz,115,1402946646,Updating
2023-11-22 22:11:41-08:00,2023-11-22 22:11:41-08:00,hortiz,hortiz,115,1745754363,Empty
2023-11-22 22:11:42-08:00,2023-11-22 22:11:41-08:00,hortiz,hortiz,115,1402948558,Updating
2023-11-22 22:24:05-08:00,2023-11-22 22:24:05-08:00,anthonyjohnson,hortiz,115,1745765715,Empty
2023-11-22 22:24:05-08:00,2023-11-22 22:24:05-08:00,anthonyjohnson,hortiz,115,1402954601,Updating
2023-11-22 22:24:05-08:00,2023-11-22 22:24:05-08:00,anthonyjohnson,hortiz,115,1402954601,Approving
2023-11-22 22:24:05-08:00,2023-11-22 22:24:05-08:00,anthonyjohnson,hortiz,115,1402954601,Updating
2023-11-22 22:24:05-08:00,2023-11-22 22:24:05-08:00,anthonyjohnson,hortiz,115,1402954601,Directing
2023-11-22 22:24:13-08:00,2023-11-22 22:24:12-08:00,anthonyjohnson,hortiz,115,1402954648,Approving
2023-11-22 22:24:13-08:00,2023-11-22 22:24:13-08:00,anthonyjohnson,hortiz,115,1745765818,Empty
2023-11-22 22:37:44-08:00,2023-11-22 22:37:44-08:00,anthonyjohnson,hortiz,115,1745776344,Empty
2023-11-22 22:37:52-08:00,2023-11-22 22:37:44-08:00,anthonyjohnson,hortiz,115,1402961238,Directing
2023-11-22 22:42:20-08:00,2023-11-22 22:42:19-08:00,hortiz,hortiz,115,1402963433,Updating
2023-11-22 22:42:20-08:00,2023-11-22 22:42:20-08:00,hortiz,hortiz,115,1745779872,Empty
2023-11-22 22:42:40-08:00,2023-11-22 22:42:40-08:00,anthonyjohnson,hortiz,115,1402963586,Approving
2023-11-22 22:42:40-08:00,2023-11-22 22:42:40-08:00,anthonyjohnson,hortiz,115,1402963586,Updating
2023-11-22 22:43:16-08:00,2023-11-22 22:43:16-08:00,hortiz,hortiz,115,1402963889,Agreeing
2023-11-22 22:44:07-08:00,2023-11-22 22:44:07-08:00,anthonyjohnson,hortiz,115,1402964283,Disagreeing
2023-11-22 22:44:07-08:00,2023-11-22 22:44:07-08:00,anthonyjohnson,hortiz,115,1402964283,Updating
2023-11-22 22:44:07-08:00,2023-11-22 22:44:07-08:00,anthonyjohnson,hortiz,115,1402964283,Updating
2023-11-22 22:44:07-08:00,2023-11-22 22:44:07-08:00,anthonyjohnson,hortiz,115,1402964283,Updating
2023-11-22 22:44:47-08:00,2023-11-22 22:44:47-08:00,hortiz,hortiz,115,1402964599,Updating
2023-11-22 22:44:47-08:00,2023-11-22 22:44:47-08:00,hortiz,hortiz,115,1402964599,Agreeing
2023-11-17 23:09:46-08:00,2023-11-17 23:09:46-08:00,hortiz,hwhite,126,1738274951,Approving
2023-11-17 23:09:46-08:00,2023-11-17 23:09:46-08:00,hortiz,hwhite,126,1738274951,Asking
2023-11-19 20:12:32-08:00,2023-11-19 20:12:32-08:00,hortiz,hwhite,126,1738934237,Approving
2023-11-19 20:12:32-08:00,2023-11-19 20:12:32-08:00,hortiz,hwhite,126,1738934237,Complimenting
2023-11-26 19:57:02-08:00,2023-11-26 19:57:02-08:00,hortiz,hwhite,126,1749570682,Approving
2023-11-26 21:58:33-08:00,2023-11-26 21:58:33-08:00,campbellrachel,hwhite,126,1749650873,Empty
2023-11-26 22:00:40-08:00,2023-11-26 21:58:32-08:00,campbellrachel,hwhite,126,1405647837,Asking
2023-11-26 22:28:09-08:00,2023-11-26 22:28:08-08:00,campbellrachel,hwhite,126,1405672080,Asking
2023-11-26 22:28:09-08:00,2023-11-26 22:28:08-08:00,campbellrachel,hwhite,126,1405672080,Criticizing
2023-11-26 22:28:09-08:00,2023-11-26 22:28:09-08:00,campbellrachel,hwhite,126,1749688561,Empty
2023-11-26 22:37:31-08:00,2023-11-26 22:35:49-08:00,campbellrachel,hwhite,126,1405676579,Suggesting
2023-11-26 22:37:31-08:00,2023-11-26 22:37:31-08:00,campbellrachel,hwhite,126,1749697480,Updating
2023-11-26 22:37:31-08:00,2023-11-26 22:37:31-08:00,campbellrachel,hwhite,126,1749697480,Updating
2023-11-26 22:37:31-08:00,2023-11-26 22:37:31-08:00,campbellrachel,hwhite,126,1749697480,Thanking
2023-11-27 17:15:18-08:00,2023-11-27 17:15:18-08:00,hwhite,hwhite,126,1406960292,Updating
2023-11-27 17:15:18-08:00,2023-11-27 17:15:18-08:00,hwhite,hwhite,126,1406960292,Updating
2023-11-27 17:15:18-08:00,2023-11-27 17:15:18-08:00,hwhite,hwhite,126,1751709428,Empty
2023-11-27 17:20:49-08:00,2023-11-27 17:20:48-08:00,hwhite,hwhite,126,1406964032,Updating
2023-11-27 17:20:49-08:00,2023-11-27 17:20:48-08:00,hwhite,hwhite,126,1406964032,Updating
2023-11-27 17:20:49-08:00,2023-11-27 17:20:49-08:00,hwhite,hwhite,126,1751714911,Empty
2023-11-27 17:25:17-08:00,2023-11-27 17:25:17-08:00,hwhite,hwhite,126,1751717947,Empty
2023-11-27 17:25:17-08:00,2023-11-27 17:25:17-08:00,hwhite,hwhite,126,1406966197,Agreeing
2023-11-27 17:25:17-08:00,2023-11-27 17:25:17-08:00,hwhite,hwhite,126,1406966197,Updating
2023-11-27 17:25:17-08:00,2023-11-27 17:25:17-08:00,hwhite,hwhite,126,1406966197,Updating
2023-11-27 23:51:55-08:00,2023-11-27 23:51:55-08:00,campbellrachel,hwhite,126,1752251434,Empty
2023-11-28 15:42:22-08:00,2023-11-27 23:51:55-08:00,campbellrachel,hwhite,126,1407351642,Asking
2023-11-28 15:42:22-08:00,2023-11-27 23:51:55-08:00,campbellrachel,hwhite,126,1407351642,Suggesting
2023-11-28 15:42:22-08:00,2023-11-27 23:51:55-08:00,campbellrachel,hwhite,126,1407351642,Asking
2023-11-28 18:19:37-08:00,2023-11-28 18:19:37-08:00,hwhite,hwhite,126,1408648043,Agreeing
2023-11-28 18:19:37-08:00,2023-11-28 18:19:37-08:00,hwhite,hwhite,126,1408648043,Updating
2023-11-28 18:19:37-08:00,2023-11-28 18:19:37-08:00,hwhite,hwhite,126,1408648043,Updating
2023-11-28 18:19:37-08:00,2023-11-28 18:19:37-08:00,hwhite,hwhite,126,1754299095,Empty
2023-11-28 20:36:52-08:00,2023-11-28 20:36:52-08:00,campbellrachel,hwhite,126,1754439156,Approving
2023-11-28 23:31:13-08:00,2023-11-28 23:31:13-08:00,hortiz,hwhite,126,1754606512,Updating
2023-11-19 17:27:02-08:00,2023-11-19 17:27:02-08:00,anthonyjohnson,campbellrachel,129,1738844853,Empty
2023-11-19 17:27:02-08:00,2023-11-19 17:27:02-08:00,anthonyjohnson,campbellrachel,129,1398558985,Directing
2023-11-19 23:37:54-08:00,2023-11-19 23:37:54-08:00,anthonyjohnson,campbellrachel,129,1739115639,Empty
2023-11-19 23:40:27-08:00,2023-11-19 23:40:27-08:00,anthonyjohnson,campbellrachel,129,1398760397,Criticizing
2023-11-19 23:40:27-08:00,2023-11-19 23:40:27-08:00,anthonyjohnson,campbellrachel,129,1739118962,Empty
2023-11-19 23:45:18-08:00,2023-11-19 23:37:54-08:00,anthonyjohnson,campbellrachel,129,1398758309,Directing
2023-11-19 23:45:18-08:00,2023-11-19 23:37:54-08:00,anthonyjohnson,campbellrachel,129,1398758309,Directing
2023-11-19 23:50:30-08:00,2023-11-19 23:50:30-08:00,anthonyjohnson,campbellrachel,129,1739132092,Empty
2023-11-19 23:50:31-08:00,2023-11-19 23:50:30-08:00,anthonyjohnson,campbellrachel,129,1398768519,Criticizing
2023-11-19 23:50:31-08:00,2023-11-19 23:50:30-08:00,anthonyjohnson,campbellrachel,129,1398768519,Directing
2023-11-20 15:16:09-08:00,2023-11-20 15:16:09-08:00,campbellrachel,campbellrachel,129,1740856733,Empty
2023-11-20 15:16:24-08:00,2023-11-20 15:16:09-08:00,campbellrachel,campbellrachel,129,1399856643,Updating
2023-11-20 15:16:24-08:00,2023-11-20 15:16:09-08:00,campbellrachel,campbellrachel,129,1399856643,Directing
2023-11-20 15:16:24-08:00,2023-11-20 15:16:09-08:00,campbellrachel,campbellrachel,129,1399856643,Updating
2023-11-20 15:18:12-08:00,2023-11-20 15:18:12-08:00,campbellrachel,campbellrachel,129,1399857767,Asking
2023-11-20 15:18:12-08:00,2023-11-20 15:18:12-08:00,campbellrachel,campbellrachel,129,1399857767,Asking
2023-11-20 15:18:12-08:00,2023-11-20 15:18:12-08:00,campbellrachel,campbellrachel,129,1740858200,Empty
2023-11-20 15:18:59-08:00,2023-11-20 15:18:58-08:00,campbellrachel,campbellrachel,129,1399858189,Updating
2023-11-20 15:18:59-08:00,2023-11-20 15:18:59-08:00,campbellrachel,campbellrachel,129,1740858824,Empty
2023-11-20 15:21:49-08:00,2023-11-20 15:21:49-08:00,campbellrachel,campbellrachel,129,1740861044,Empty
2023-11-20 15:21:49-08:00,2023-11-20 15:21:49-08:00,campbellrachel,campbellrachel,129,1399859721,Updating
2023-11-20 15:21:49-08:00,2023-11-20 15:21:49-08:00,campbellrachel,campbellrachel,129,1399859721,Asking
2023-11-20 15:49:25-08:00,2023-11-20 15:49:25-08:00,anthonyjohnson,campbellrachel,129,1740881304,Empty
2023-11-20 15:49:25-08:00,2023-11-20 15:49:25-08:00,anthonyjohnson,campbellrachel,129,1399874237,Agreeing
2023-11-20 15:49:25-08:00,2023-11-20 15:49:25-08:00,anthonyjohnson,campbellrachel,129,1399874237,Updating
2023-11-20 15:50:31-08:00,2023-11-20 15:50:30-08:00,anthonyjohnson,campbellrachel,129,1399874779,Thanking
2023-11-20 15:50:31-08:00,2023-11-20 15:50:30-08:00,anthonyjohnson,campbellrachel,129,1399874779,Directing
2023-11-20 15:50:31-08:00,2023-11-20 15:50:30-08:00,anthonyjohnson,campbellrachel,129,1399874779,Directing
2023-11-20 15:50:31-08:00,2023-11-20 15:50:31-08:00,anthonyjohnson,campbellrachel,129,1740882075,Empty
2023-11-20 15:56:57-08:00,2023-11-20 15:56:57-08:00,anthonyjohnson,campbellrachel,129,1740886711,Empty
2023-11-20 15:56:58-08:00,2023-11-20 15:56:57-08:00,anthonyjohnson,campbellrachel,129,1399878131,Agreeing
2023-11-20 15:56:58-08:00,2023-11-20 15:56:57-08:00,anthonyjohnson,campbellrachel,129,1399878131,Directing
2023-11-20 16:03:54-08:00,2023-11-20 16:03:53-08:00,hortiz,campbellrachel,129,1399881581,Complimenting
2023-11-20 16:03:54-08:00,2023-11-20 16:03:53-08:00,hortiz,campbellrachel,129,1399881581,Criticizing
2023-11-20 16:03:54-08:00,2023-11-20 16:03:53-08:00,hortiz,campbellrachel,129,1399881581,Asking
2023-11-20 16:03:54-08:00,2023-11-20 16:03:53-08:00,hortiz,campbellrachel,129,1399881581,Updating
2023-11-20 16:03:54-08:00,2023-11-20 16:03:54-08:00,hortiz,campbellrachel,129,1740891629,Empty
2023-11-21 00:23:41-08:00,2023-11-21 00:23:41-08:00,campbellrachel,campbellrachel,129,1741362811,Empty
2023-11-21 00:23:41-08:00,2023-11-21 00:23:41-08:00,campbellrachel,campbellrachel,129,1400183580,Agreeing
2023-11-21 00:23:41-08:00,2023-11-21 00:23:41-08:00,campbellrachel,campbellrachel,129,1400183580,Disagreeing
2023-11-21 01:07:25-08:00,2023-11-21 01:07:25-08:00,hortiz,campbellrachel,129,1741452643,Empty
2023-11-21 01:07:26-08:00,2023-11-21 01:07:25-08:00,hortiz,campbellrachel,129,1400242728,Asking
2023-11-21 02:42:21-08:00,2023-11-21 02:42:21-08:00,campbellrachel,campbellrachel,129,1741668912,Empty
2023-11-21 02:42:22-08:00,2023-11-21 02:42:21-08:00,campbellrachel,campbellrachel,129,1400379657,Agreeing
2023-11-21 02:42:22-08:00,2023-11-21 02:42:21-08:00,campbellrachel,campbellrachel,129,1400379657,Updating
2023-11-21 03:27:10-08:00,2023-11-21 03:27:10-08:00,campbellrachel,campbellrachel,129,1741752505,Empty
2023-11-22 21:20:15-08:00,2023-11-21 03:27:10-08:00,campbellrachel,campbellrachel,129,1400433171,Agreeing
2023-11-22 21:20:15-08:00,2023-11-21 03:27:10-08:00,campbellrachel,campbellrachel,129,1400433171,Updating
2023-11-22 21:20:15-08:00,2023-11-21 03:27:10-08:00,campbellrachel,campbellrachel,129,1400433171,Updating
2023-11-24 14:52:19-08:00,2023-11-24 14:52:19-08:00,hortiz,campbellrachel,129,1748461218,Approving
2023-11-24 14:58:17-08:00,2023-11-24 14:58:17-08:00,anthonyjohnson,campbellrachel,129,1748462304,Empty
2023-11-20 01:54:17-08:00,2023-11-20 01:54:17-08:00,campbellrachel,anthonyjohnson,130,1739379828,Approving
2023-11-20 01:54:17-08:00,2023-11-20 01:54:17-08:00,campbellrachel,anthonyjohnson,130,1739379828,Updating
2023-11-20 17:05:46-08:00,2023-11-20 17:05:46-08:00,hwhite,anthonyjohnson,136,1740938215,Approving
2023-11-26 22:17:36-08:00,2023-11-26 22:17:36-08:00,hortiz,campbellrachel,137,1749676738,Approving
2023-11-26 22:17:36-08:00,2023-11-26 22:17:36-08:00,hortiz,campbellrachel,137,1749676738,Asking
2023-11-27 22:57:14-08:00,2023-11-27 22:57:14-08:00,anthonyjohnson,campbellrachel,137,1752179216,Empty
2023-11-20 21:56:18-08:00,2023-11-20 21:56:18-08:00,anthonyjohnson,hortiz,141,1741169002,Approving
2023-11-20 21:56:18-08:00,2023-11-20 21:56:18-08:00,anthonyjohnson,hortiz,141,1741169002,Criticizing
2023-11-20 21:56:18-08:00,2023-11-20 21:56:18-08:00,anthonyjohnson,hortiz,141,1741169002,Criticizing
2023-11-20 21:56:18-08:00,2023-11-20 21:56:18-08:00,anthonyjohnson,hortiz,141,1741169002,Criticizing
2023-11-21 00:21:18-08:00,2023-11-21 00:21:18-08:00,anthonyjohnson,hortiz,141,1741358676,Empty
2023-11-20 23:40:03-08:00,2023-11-20 23:40:03-08:00,hortiz,anthonyjohnson,147,1741286239,Approving
2023-11-20 23:40:03-08:00,2023-11-20 23:40:03-08:00,hortiz,anthonyjohnson,147,1741286239,Approving
2023-12-13 14:23:31-08:00,2023-12-13 14:23:31-08:00,hortiz,anthonyjohnson,150,1780589805,Directing
2023-12-13 14:23:31-08:00,2023-12-13 14:23:31-08:00,hortiz,anthonyjohnson,150,1780589805,Approving
2023-12-13 23:23:20-08:00,2023-12-13 23:23:20-08:00,campbellrachel,anthonyjohnson,150,1781136800,Empty
2023-11-30 00:14:31-08:00,2023-11-30 00:14:31-08:00,anthonyjohnson,hwhite,151,1756865858,Empty
2023-11-30 00:15:35-08:00,2023-11-30 00:14:30-08:00,anthonyjohnson,hwhite,151,1410300521,Criticizing
2023-11-30 00:25:11-08:00,2023-11-30 00:25:11-08:00,hwhite,hwhite,151,1410314758,Apologizing
2023-11-30 00:25:11-08:00,2023-11-30 00:25:11-08:00,hwhite,hwhite,151,1756886113,Empty
2023-11-30 00:29:48-08:00,2023-11-30 00:29:48-08:00,anthonyjohnson,hwhite,151,1756894394,Empty
2023-11-30 00:29:48-08:00,2023-11-30 00:29:48-08:00,anthonyjohnson,hwhite,151,1410319949,Updating
2023-11-30 01:20:12-08:00,2023-11-30 01:20:12-08:00,josephwatkins,hwhite,151,1756987860,Approving
2023-11-30 01:20:12-08:00,2023-11-30 01:20:12-08:00,josephwatkins,hwhite,151,1756987860,Updating
2023-11-23 21:09:43-08:00,2023-11-23 21:09:43-08:00,hortiz,anthonyjohnson,159,1747315727,Approving
2023-11-24 15:17:28-08:00,2023-11-24 15:17:28-08:00,hortiz,anthonyjohnson,164,1748472169,Approving
2023-11-24 15:17:28-08:00,2023-11-24 15:17:28-08:00,hortiz,anthonyjohnson,164,1748472169,Updating
2023-11-24 14:40:29-08:00,2023-11-24 14:40:29-08:00,hortiz,anthonyjohnson,170,1748456158,Approving
2023-11-24 14:40:29-08:00,2023-11-24 14:40:29-08:00,hortiz,anthonyjohnson,170,1748456158,Approving
2023-11-24 16:45:26-08:00,2023-11-24 16:45:26-08:00,anthonyjohnson,hortiz,171,1748517066,Empty
2023-11-24 17:40:26-08:00,2023-11-24 17:40:26-08:00,hortiz,anthonyjohnson,174,1748534476,Approving
2023-11-24 18:06:07-08:00,2023-11-24 18:06:07-08:00,campbellrachel,anthonyjohnson,175,1748576665,Empty
2023-11-26 17:03:32-08:00,2023-11-26 17:03:32-08:00,hortiz,anthonyjohnson,176,1749475989,Approving
2023-11-26 17:03:32-08:00,2023-11-26 17:03:32-08:00,hortiz,anthonyjohnson,176,1749475989,Approving
2023-12-04 14:49:15-08:00,2023-12-04 14:49:15-08:00,hortiz,josephwatkins,177,1763585840,Updating
2023-12-04 14:49:15-08:00,2023-12-04 14:49:15-08:00,hortiz,josephwatkins,177,1763585840,Approving
2023-12-05 21:29:39-08:00,2023-12-05 21:29:39-08:00,anthonyjohnson,josephwatkins,177,1766677306,Empty
2023-12-05 21:30:52-08:00,2023-12-05 21:29:39-08:00,anthonyjohnson,josephwatkins,177,1416684114,Directing
2023-12-05 21:33:59-08:00,2023-12-05 21:33:59-08:00,anthonyjohnson,josephwatkins,177,1766680816,Empty
2023-12-05 21:34:36-08:00,2023-12-05 21:33:59-08:00,anthonyjohnson,josephwatkins,177,1416686347,Directing
2023-12-05 21:34:36-08:00,2023-12-05 21:33:59-08:00,anthonyjohnson,josephwatkins,177,1416686347,Directing
2023-12-05 21:34:36-08:00,2023-12-05 21:33:59-08:00,anthonyjohnson,josephwatkins,177,1416686347,Directing
2023-12-05 21:41:44-08:00,2023-12-05 21:41:44-08:00,anthonyjohnson,josephwatkins,177,1766687512,Approving
2023-11-27 18:37:04-08:00,2023-11-27 18:37:04-08:00,anthonyjohnson,hwhite,179,1751768319,Empty
2023-11-27 18:37:04-08:00,2023-11-27 18:37:04-08:00,anthonyjohnson,hwhite,179,1407001257,Directing
2023-11-27 18:37:04-08:00,2023-11-27 18:37:04-08:00,anthonyjohnson,hwhite,179,1407001257,Updating
2023-11-27 18:38:13-08:00,2023-11-27 18:38:13-08:00,anthonyjohnson,hwhite,179,1751769154,Empty
2023-11-27 18:38:14-08:00,2023-11-27 18:38:13-08:00,anthonyjohnson,hwhite,179,1407001819,Directing
2023-11-27 18:38:14-08:00,2023-11-27 18:38:13-08:00,anthonyjohnson,hwhite,179,1407001819,Updating
2023-11-27 18:39:05-08:00,2023-11-27 18:39:05-08:00,anthonyjohnson,hwhite,179,1751769755,Empty
2023-11-27 18:39:05-08:00,2023-11-27 18:39:05-08:00,anthonyjohnson,hwhite,179,1407002249,Directing
2023-11-27 18:39:05-08:00,2023-11-27 18:39:05-08:00,anthonyjohnson,hwhite,179,1407002249,Directing
2023-11-27 18:45:29-08:00,2023-11-27 18:45:29-08:00,anthonyjohnson,hwhite,179,1751774418,Empty
2023-11-27 18:45:29-08:00,2023-11-27 18:45:29-08:00,anthonyjohnson,hwhite,179,1407005519,Directing
2023-11-27 18:45:29-08:00,2023-11-27 18:45:29-08:00,anthonyjohnson,hwhite,179,1407005519,Directing
2023-11-27 18:47:13-08:00,2023-11-27 18:47:12-08:00,anthonyjohnson,hwhite,179,1407006332,Criticizing
2023-11-27 18:47:13-08:00,2023-11-27 18:47:13-08:00,anthonyjohnson,hwhite,179,1751775573,Empty
2023-11-27 18:48:09-08:00,2023-11-27 18:48:09-08:00,anthonyjohnson,hwhite,179,1407006827,Criticizing
2023-11-27 18:48:09-08:00,2023-11-27 18:48:09-08:00,anthonyjohnson,hwhite,179,1751776219,Empty
2023-11-27 18:50:41-08:00,2023-11-27 18:50:41-08:00,hwhite,hwhite,179,1407008083,Agreeing
2023-11-27 18:50:41-08:00,2023-11-27 18:50:41-08:00,hwhite,hwhite,179,1407008083,Updating
2023-11-27 18:50:41-08:00,2023-11-27 18:50:41-08:00,hwhite,hwhite,179,1751777978,Empty
2023-11-27 18:51:05-08:00,2023-11-27 18:51:05-08:00,hwhite,hwhite,179,1751778550,Empty
2023-11-27 18:51:05-08:00,2023-11-27 18:51:05-08:00,hwhite,hwhite,179,1407008432,Updating
2023-11-27 18:51:59-08:00,2023-11-27 18:51:59-08:00,hwhite,hwhite,179,1407009089,Updating
2023-11-27 18:51:59-08:00,2023-11-27 18:51:59-08:00,hwhite,hwhite,179,1751779947,Empty
2023-11-27 18:55:42-08:00,2023-11-27 18:55:42-08:00,anthonyjohnson,hwhite,179,1751787996,Empty
2023-11-27 18:56:13-08:00,2023-11-27 18:56:13-08:00,hwhite,hwhite,179,1407012348,Updating
2023-11-27 18:56:13-08:00,2023-11-27 18:56:13-08:00,hwhite,hwhite,179,1407012348,Asking
2023-11-27 18:56:13-08:00,2023-11-27 18:56:13-08:00,hwhite,hwhite,179,1751789277,Empty
2023-11-27 18:56:28-08:00,2023-11-27 18:56:28-08:00,anthonyjohnson,hwhite,179,1751790025,Empty
2023-11-27 18:56:28-08:00,2023-11-27 18:56:28-08:00,anthonyjohnson,hwhite,179,1407012559,Directing
2023-11-27 18:56:53-08:00,2023-11-27 18:55:42-08:00,anthonyjohnson,hwhite,179,1407011938,Updating
2023-11-27 18:56:53-08:00,2023-11-27 18:55:42-08:00,anthonyjohnson,hwhite,179,1407011938,Directing
2023-11-27 18:56:53-08:00,2023-11-27 18:55:42-08:00,anthonyjohnson,hwhite,179,1407011938,Criticizing
2023-11-27 18:59:05-08:00,2023-11-27 18:59:05-08:00,anthonyjohnson,hwhite,179,1407014707,Directing
2023-11-27 18:59:05-08:00,2023-11-27 18:59:05-08:00,anthonyjohnson,hwhite,179,1751798354,Empty
2023-11-27 19:03:54-08:00,2023-11-27 19:03:54-08:00,anthonyjohnson,hwhite,179,1407020221,Updating
2023-11-27 19:03:54-08:00,2023-11-27 19:03:54-08:00,anthonyjohnson,hwhite,179,1407020221,Directing
2023-11-27 19:03:54-08:00,2023-11-27 19:03:54-08:00,anthonyjohnson,hwhite,179,1751818501,Empty
2023-11-27 19:04:44-08:00,2023-11-27 19:04:44-08:00,anthonyjohnson,hwhite,179,1407021020,Directing
2023-11-27 19:04:44-08:00,2023-11-27 19:04:44-08:00,anthonyjohnson,hwhite,179,1751821883,Empty
2023-11-27 19:07:54-08:00,2023-11-27 19:07:54-08:00,anthonyjohnson,hwhite,179,1407024019,Criticizing
2023-11-27 19:07:54-08:00,2023-11-27 19:07:54-08:00,anthonyjohnson,hwhite,179,1407024019,Directing
2023-11-27 19:07:54-08:00,2023-11-27 19:07:54-08:00,anthonyjohnson,hwhite,179,1751833439,Empty
2023-11-27 19:09:15-08:00,2023-11-27 19:09:14-08:00,anthonyjohnson,hwhite,179,1407025202,Asking
2023-11-27 19:09:15-08:00,2023-11-27 19:09:14-08:00,anthonyjohnson,hwhite,179,1407025202,Directing
2023-11-27 19:09:15-08:00,2023-11-27 19:09:15-08:00,anthonyjohnson,hwhite,179,1751837934,Empty
2023-11-27 19:10:50-08:00,2023-11-27 19:10:50-08:00,anthonyjohnson,hwhite,179,1407026396,Criticizing
2023-11-27 19:10:50-08:00,2023-11-27 19:10:50-08:00,anthonyjohnson,hwhite,179,1751842406,Empty
2023-11-27 19:12:12-08:00,2023-11-27 19:12:12-08:00,hwhite,hwhite,179,1407027865,Explaining
2023-11-27 19:12:12-08:00,2023-11-27 19:12:12-08:00,hwhite,hwhite,179,1407027865,Asking
2023-11-27 19:12:12-08:00,2023-11-27 19:12:12-08:00,hwhite,hwhite,179,1407027865,Suggesting
2023-11-27 19:12:12-08:00,2023-11-27 19:12:12-08:00,hwhite,hwhite,179,1751847495,Empty
2023-11-27 19:13:39-08:00,2023-11-27 19:13:39-08:00,hwhite,hwhite,179,1407029275,Criticizing
2023-11-27 19:13:39-08:00,2023-11-27 19:13:39-08:00,hwhite,hwhite,179,1407029275,Updating
2023-11-27 19:13:39-08:00,2023-11-27 19:13:39-08:00,hwhite,hwhite,179,1751852787,Empty
2023-11-27 19:15:10-08:00,2023-11-27 19:15:10-08:00,hwhite,hwhite,179,1751859826,Empty
2023-11-27 19:15:10-08:00,2023-11-27 19:15:10-08:00,hwhite,hwhite,179,1407031093,Updating
2023-11-27 19:20:53-08:00,2023-11-27 19:20:52-08:00,anthonyjohnson,hwhite,179,1407035644,Agreeing
2023-11-27 19:20:53-08:00,2023-11-27 19:20:52-08:00,anthonyjohnson,hwhite,179,1407035644,Updating
2023-11-27 19:20:53-08:00,2023-11-27 19:20:52-08:00,anthonyjohnson,hwhite,179,1407035644,Updating
2023-11-27 19:20:53-08:00,2023-11-27 19:20:53-08:00,anthonyjohnson,hwhite,179,1751873142,Empty
2023-11-27 19:23:10-08:00,2023-11-27 19:23:10-08:00,hwhite,hwhite,179,1751874619,Empty
2023-11-27 19:23:11-08:00,2023-11-27 19:23:10-08:00,hwhite,hwhite,179,1407036736,Disagreeing
2023-11-27 19:23:11-08:00,2023-11-27 19:23:10-08:00,hwhite,hwhite,179,1407036736,Directing
2023-11-27 19:26:00-08:00,2023-11-27 19:26:00-08:00,anthonyjohnson,hwhite,179,1751876517,Empty
2023-11-27 19:26:01-08:00,2023-11-27 19:26:00-08:00,anthonyjohnson,hwhite,179,1407038047,Agreeing
2023-11-27 19:26:01-08:00,2023-11-27 19:26:00-08:00,anthonyjohnson,hwhite,179,1407038047,Updating
2023-11-27 19:26:01-08:00,2023-11-27 19:26:00-08:00,anthonyjohnson,hwhite,179,1407038047,Thanking
2023-11-27 19:27:56-08:00,2023-11-27 19:27:56-08:00,anthonyjohnson,hwhite,179,1751877722,Empty
2023-11-27 19:28:23-08:00,2023-11-27 19:28:23-08:00,hwhite,hwhite,179,1407039117,Updating
2023-11-27 19:28:23-08:00,2023-11-27 19:28:23-08:00,hwhite,hwhite,179,1751878026,Empty
2023-11-27 19:28:35-08:00,2023-11-27 19:27:56-08:00,anthonyjohnson,hwhite,179,1407038889,Agreeing
2023-11-27 19:28:35-08:00,2023-11-27 19:27:56-08:00,anthonyjohnson,hwhite,179,1407038889,Directing
2023-11-27 19:28:35-08:00,2023-11-27 19:27:56-08:00,anthonyjohnson,hwhite,179,1407038889,Directing
2023-11-27 19:31:52-08:00,2023-11-27 19:31:52-08:00,anthonyjohnson,hwhite,179,1751880206,Empty
2023-11-27 19:32:07-08:00,2023-11-27 19:31:52-08:00,anthonyjohnson,hwhite,179,1407040554,Criticizing
2023-11-27 19:32:07-08:00,2023-11-27 19:31:52-08:00,anthonyjohnson,hwhite,179,1407040554,Directing
2023-11-27 19:33:33-08:00,2023-11-27 19:33:33-08:00,hwhite,hwhite,179,1751881316,Empty
2023-11-27 19:33:33-08:00,2023-11-27 19:33:33-08:00,hwhite,hwhite,179,1407041377,Agreeing
2023-11-27 19:33:33-08:00,2023-11-27 19:33:33-08:00,hwhite,hwhite,179,1407041377,Asking
2023-11-27 19:33:56-08:00,2023-11-27 19:33:56-08:00,anthonyjohnson,hwhite,179,1407041572,Approving
2023-11-27 19:33:56-08:00,2023-11-27 19:33:56-08:00,anthonyjohnson,hwhite,179,1407041572,Criticizing
2023-11-27 19:33:56-08:00,2023-11-27 19:33:56-08:00,anthonyjohnson,hwhite,179,1407041572,Thanking
2023-11-27 19:33:56-08:00,2023-11-27 19:33:56-08:00,anthonyjohnson,hwhite,179,1751881558,Empty
2023-11-27 19:36:57-08:00,2023-11-27 19:36:57-08:00,anthonyjohnson,hwhite,179,1407042836,Asking
2023-11-27 19:36:57-08:00,2023-11-27 19:36:57-08:00,anthonyjohnson,hwhite,179,1751883543,Empty
2023-11-27 19:38:36-08:00,2023-11-27 19:38:36-08:00,anthonyjohnson,hwhite,179,1751884583,Empty
2023-11-27 19:41:35-08:00,2023-11-27 19:41:35-08:00,hwhite,hwhite,179,1751886529,Empty
2023-11-27 19:41:36-08:00,2023-11-27 19:41:35-08:00,hwhite,hwhite,179,1407044956,Approving
2023-11-27 19:41:36-08:00,2023-11-27 19:41:35-08:00,hwhite,hwhite,179,1407044956,Updating
2023-11-27 19:41:36-08:00,2023-11-27 19:41:35-08:00,hwhite,hwhite,179,1407044956,Updating
2023-11-27 19:42:07-08:00,2023-11-27 19:42:07-08:00,anthonyjohnson,hwhite,179,1407045156,Directing
2023-11-27 19:42:07-08:00,2023-11-27 19:42:07-08:00,anthonyjohnson,hwhite,179,1407045156,Directing
2023-11-27 19:42:07-08:00,2023-11-27 19:42:07-08:00,anthonyjohnson,hwhite,179,1751886903,Empty
2023-11-27 19:42:46-08:00,2023-11-27 19:38:36-08:00,anthonyjohnson,hwhite,179,1407043560,Directing
2023-11-27 19:42:46-08:00,2023-11-27 19:38:36-08:00,anthonyjohnson,hwhite,179,1407043560,Directing
2023-11-27 19:42:57-08:00,2023-11-27 19:42:57-08:00,anthonyjohnson,hwhite,179,1751887399,Explaining
2023-11-27 19:42:57-08:00,2023-11-27 19:42:57-08:00,anthonyjohnson,hwhite,179,1751887399,Approving
2023-11-27 19:42:57-08:00,2023-11-27 19:42:57-08:00,anthonyjohnson,hwhite,179,1751887399,Criticizing
2023-11-27 19:42:57-08:00,2023-11-27 19:42:57-08:00,anthonyjohnson,hwhite,179,1751887399,Directing
2023-11-27 19:42:57-08:00,2023-11-27 19:42:57-08:00,anthonyjohnson,hwhite,179,1751887399,Updating
2023-11-27 19:44:46-08:00,2023-11-27 19:44:46-08:00,hwhite,hwhite,179,1407046381,Updating
2023-11-27 19:44:46-08:00,2023-11-27 19:44:46-08:00,hwhite,hwhite,179,1751888552,Empty
2023-11-27 19:46:31-08:00,2023-11-27 19:46:31-08:00,anthonyjohnson,hwhite,179,1751889632,Empty
2023-11-27 19:46:32-08:00,2023-11-27 19:46:31-08:00,anthonyjohnson,hwhite,179,1407047103,Directing
2023-11-27 19:47:36-08:00,2023-11-27 19:47:36-08:00,anthonyjohnson,hwhite,179,1407047557,Updating
2023-11-27 19:47:36-08:00,2023-11-27 19:47:36-08:00,anthonyjohnson,hwhite,179,1407047557,Directing
2023-11-27 19:47:36-08:00,2023-11-27 19:47:36-08:00,anthonyjohnson,hwhite,179,1751890283,Empty
2023-11-27 19:48:35-08:00,2023-11-27 19:48:35-08:00,anthonyjohnson,hwhite,179,1407048070,Directing
2023-11-27 19:48:35-08:00,2023-11-27 19:48:35-08:00,anthonyjohnson,hwhite,179,1751890947,Empty
2023-11-27 19:49:20-08:00,2023-11-27 19:49:19-08:00,hwhite,hwhite,179,1407048417,Updating
2023-11-27 19:49:20-08:00,2023-11-27 19:49:19-08:00,hwhite,hwhite,179,1407048417,Updating
2023-11-27 19:49:20-08:00,2023-11-27 19:49:20-08:00,hwhite,hwhite,179,1751891417,Empty
2023-11-27 19:52:37-08:00,2023-11-27 19:52:36-08:00,anthonyjohnson,hwhite,179,1407049898,Updating
2023-11-27 19:52:37-08:00,2023-11-27 19:52:37-08:00,anthonyjohnson,hwhite,179,1751893420,Empty
2023-11-27 20:42:05-08:00,2023-11-27 20:42:05-08:00,anthonyjohnson,hwhite,179,1751931228,Empty
2023-11-27 20:42:05-08:00,2023-11-27 20:42:05-08:00,anthonyjohnson,hwhite,179,1407076559,Directing
2023-11-27 20:42:05-08:00,2023-11-27 20:42:05-08:00,anthonyjohnson,hwhite,179,1407076559,Criticizing
2023-11-27 20:49:20-08:00,2023-11-27 20:49:20-08:00,hwhite,hwhite,179,1751956429,Empty
2023-11-27 20:49:20-08:00,2023-11-27 20:49:20-08:00,hwhite,hwhite,179,1407100062,Updating
2023-11-27 20:49:20-08:00,2023-11-27 20:49:20-08:00,hwhite,hwhite,179,1407100062,Updating
2023-11-27 20:54:30-08:00,2023-11-27 20:54:30-08:00,anthonyjohnson,hwhite,179,1407133914,Directing
2023-11-27 20:54:30-08:00,2023-11-27 20:54:30-08:00,anthonyjohnson,hwhite,179,1407133914,Directing
2023-11-27 20:54:30-08:00,2023-11-27 20:54:30-08:00,anthonyjohnson,hwhite,179,1751986103,Empty
2023-11-27 20:56:44-08:00,2023-11-27 20:56:44-08:00,anthonyjohnson,hwhite,179,1751999474,Empty
2023-11-27 20:56:45-08:00,2023-11-27 20:56:44-08:00,anthonyjohnson,hwhite,179,1407150486,Asking
2023-11-27 20:56:45-08:00,2023-11-27 20:56:44-08:00,anthonyjohnson,hwhite,179,1407150486,Directing
2023-11-27 22:02:41-08:00,2023-11-27 22:02:41-08:00,anthonyjohnson,hwhite,179,1407267095,Directing
2023-11-27 22:02:41-08:00,2023-11-27 22:02:41-08:00,anthonyjohnson,hwhite,179,1752122271,Empty
2023-11-27 22:03:45-08:00,2023-11-27 22:03:45-08:00,anthonyjohnson,hwhite,179,1407268617,Explaining
2023-11-27 22:03:45-08:00,2023-11-27 22:03:45-08:00,anthonyjohnson,hwhite,179,1752124102,Empty
2023-11-28 02:17:30-08:00,2023-11-28 02:17:30-08:00,anthonyjohnson,hwhite,179,1752528184,Empty
2023-11-28 02:17:30-08:00,2023-11-28 02:17:30-08:00,anthonyjohnson,hwhite,179,1407529937,Updating
2023-11-28 02:17:30-08:00,2023-11-28 02:17:30-08:00,anthonyjohnson,hwhite,179,1407529937,Updating
2023-11-28 02:17:30-08:00,2023-11-28 02:17:30-08:00,anthonyjohnson,hwhite,179,1407529937,Updating
2023-11-28 02:17:30-08:00,2023-11-28 02:17:30-08:00,anthonyjohnson,hwhite,179,1407529937,Asking
2023-11-28 02:24:11-08:00,2023-11-28 02:24:10-08:00,anthonyjohnson,hwhite,179,1407538508,Directing
2023-11-28 02:24:11-08:00,2023-11-28 02:24:11-08:00,anthonyjohnson,hwhite,179,1752541256,Empty
2023-11-28 02:26:03-08:00,2023-11-28 02:26:03-08:00,anthonyjohnson,hwhite,179,1752544957,Empty
2023-11-28 02:26:03-08:00,2023-11-28 02:26:03-08:00,anthonyjohnson,hwhite,179,1407541039,Directing
2023-11-28 02:26:03-08:00,2023-11-28 02:26:03-08:00,anthonyjohnson,hwhite,179,1407541039,Criticizing
2023-11-28 02:26:03-08:00,2023-11-28 02:26:03-08:00,anthonyjohnson,hwhite,179,1407541039,Criticizing
2023-11-28 02:26:03-08:00,2023-11-28 02:26:03-08:00,anthonyjohnson,hwhite,179,1407541039,Updating
2023-11-28 20:29:33-08:00,2023-11-28 20:29:33-08:00,hwhite,hwhite,179,1754423020,Empty
2023-11-28 20:29:33-08:00,2023-11-28 20:29:33-08:00,hwhite,hwhite,179,1408723898,Agreeing
2023-11-28 20:29:33-08:00,2023-11-28 20:29:33-08:00,hwhite,hwhite,179,1408723898,Updating
2023-11-28 20:29:33-08:00,2023-11-28 20:29:33-08:00,hwhite,hwhite,179,1408723898,Explaining
2023-11-28 20:29:33-08:00,2023-11-28 20:29:33-08:00,hwhite,hwhite,179,1408723898,Agreeing
2023-11-28 21:01:03-08:00,2023-11-28 21:01:02-08:00,anthonyjohnson,hwhite,179,1408743285,Thanking
2023-11-28 21:01:03-08:00,2023-11-28 21:01:02-08:00,anthonyjohnson,hwhite,179,1408743285,Criticizing
2023-11-28 21:01:03-08:00,2023-11-28 21:01:02-08:00,anthonyjohnson,hwhite,179,1408743285,Updating
2023-11-28 21:01:03-08:00,2023-11-28 21:01:03-08:00,anthonyjohnson,hwhite,179,1754458707,Empty
2023-11-28 21:01:19-08:00,2023-11-28 21:01:19-08:00,anthonyjohnson,hwhite,179,1754458904,Empty
2023-11-28 21:05:45-08:00,2023-11-28 21:05:45-08:00,hortiz,anthonyjohnson,181,1754462250,Empty
2023-11-27 13:29:21-08:00,2023-11-27 13:29:21-08:00,campbellrachel,anthonyjohnson,182,1751409924,Empty
2023-11-29 18:31:04-08:00,2023-11-29 18:31:04-08:00,anthonyjohnson,hwhite,190,1756531202,Empty
2023-11-29 18:31:04-08:00,2023-11-29 18:31:04-08:00,anthonyjohnson,hwhite,190,1410084462,Directing
2023-11-29 18:31:04-08:00,2023-11-29 18:31:04-08:00,anthonyjohnson,hwhite,190,1410084462,Updating
2023-12-03 21:21:30-08:00,2023-12-03 21:20:50-08:00,campbellrachel,hwhite,190,1413383904,Criticizing
2023-12-03 21:21:30-08:00,2023-12-03 21:20:50-08:00,campbellrachel,hwhite,190,1413383904,Directing
2023-12-03 21:21:30-08:00,2023-12-03 21:20:50-08:00,campbellrachel,hwhite,190,1413383904,Criticizing
2023-12-03 21:21:30-08:00,2023-12-03 21:21:30-08:00,campbellrachel,hwhite,190,1761619749,Approving
2023-12-03 21:21:30-08:00,2023-12-03 21:21:30-08:00,campbellrachel,hwhite,190,1761619749,Directing
2023-12-03 23:15:14-08:00,2023-12-03 23:15:14-08:00,hortiz,hwhite,190,1761725005,Approving
2023-12-04 00:19:35-08:00,2023-12-04 00:19:35-08:00,josephwatkins,hwhite,190,1761817832,Approving
2023-12-04 01:51:56-08:00,2023-12-04 01:51:56-08:00,anthonyjohnson,hwhite,190,1761986904,Empty
2023-11-28 17:56:28-08:00,2023-11-28 17:45:28-08:00,hwhite,josephwatkins,191,1408614760,Directing
2023-11-28 17:56:28-08:00,2023-11-28 17:45:28-08:00,hwhite,josephwatkins,191,1408614760,Updating
2023-11-28 17:56:28-08:00,2023-11-28 17:45:28-08:00,hwhite,josephwatkins,191,1408614760,Directing
2023-11-28 17:56:28-08:00,2023-11-28 17:45:28-08:00,hwhite,josephwatkins,191,1408614760,Directing
2023-11-28 17:56:28-08:00,2023-11-28 17:45:28-08:00,hwhite,josephwatkins,191,1408614760,Updating
2023-11-28 17:56:28-08:00,2023-11-28 17:45:28-08:00,hwhite,josephwatkins,191,1408614760,Directing
2023-11-28 17:56:28-08:00,2023-11-28 17:45:28-08:00,hwhite,josephwatkins,191,1408614760,Directing
2023-11-28 17:56:28-08:00,2023-11-28 17:46:00-08:00,hwhite,josephwatkins,191,1408615009,Directing
2023-11-28 17:56:28-08:00,2023-11-28 17:47:35-08:00,hwhite,josephwatkins,191,1408615774,Criticizing
2023-11-28 17:56:28-08:00,2023-11-28 17:47:35-08:00,hwhite,josephwatkins,191,1408615774,Updating
2023-11-28 17:56:28-08:00,2023-11-28 17:48:39-08:00,hwhite,josephwatkins,191,1408616365,Criticizing
2023-11-28 17:56:28-08:00,2023-11-28 17:54:00-08:00,hwhite,josephwatkins,191,1408619119,Directing
2023-11-28 17:56:28-08:00,2023-11-28 17:54:21-08:00,hwhite,josephwatkins,191,1408619284,Directing
2023-11-28 17:56:28-08:00,2023-11-28 17:56:28-08:00,hwhite,josephwatkins,191,1754239197,Approving
2023-11-28 17:56:28-08:00,2023-11-28 17:56:28-08:00,hwhite,josephwatkins,191,1754239197,Criticizing
2023-12-04 18:45:13-08:00,2023-12-04 18:45:13-08:00,hwhite,josephwatkins,191,1763820866,Approving
2023-12-05 03:55:03-08:00,2023-12-05 03:55:03-08:00,campbellrachel,josephwatkins,191,1764889609,Approving
2023-12-05 03:55:03-08:00,2023-12-05 03:55:03-08:00,campbellrachel,josephwatkins,191,1764889609,Asking
2023-11-29 00:49:57-08:00,2023-11-29 00:49:56-08:00,anthonyjohnson,campbellrachel,197,1408947115,Directing
2023-11-29 00:49:57-08:00,2023-11-29 00:49:56-08:00,anthonyjohnson,campbellrachel,197,1408947115,Updating
2023-11-29 00:49:57-08:00,2023-11-29 00:49:57-08:00,anthonyjohnson,campbellrachel,197,1754732972,Empty
2023-11-29 00:50:07-08:00,2023-11-29 00:50:07-08:00,anthonyjohnson,campbellrachel,197,1408947373,Directing
2023-11-29 00:50:07-08:00,2023-11-29 00:50:07-08:00,anthonyjohnson,campbellrachel,197,1754733335,Empty
2023-11-29 00:51:08-08:00,2023-11-29 00:51:08-08:00,anthonyjohnson,campbellrachel,197,1754735198,Empty
2023-11-29 00:51:09-08:00,2023-11-29 00:51:08-08:00,anthonyjohnson,campbellrachel,197,1408948516,Directing
2023-11-29 00:51:38-08:00,2023-11-29 00:51:38-08:00,anthonyjohnson,campbellrachel,197,1754736085,Empty
2023-11-29 00:52:01-08:00,2023-11-29 00:51:38-08:00,anthonyjohnson,campbellrachel,197,1408949063,Directing
2023-11-29 00:52:38-08:00,2023-11-29 00:52:38-08:00,anthonyjohnson,campbellrachel,197,1754738056,Empty
2023-11-29 00:53:00-08:00,2023-11-29 00:52:38-08:00,anthonyjohnson,campbellrachel,197,1408950438,Approving
2023-11-29 00:53:00-08:00,2023-11-29 00:52:38-08:00,anthonyjohnson,campbellrachel,197,1408950438,Criticizing
2023-11-29 00:53:00-08:00,2023-11-29 00:52:38-08:00,anthonyjohnson,campbellrachel,197,1408950438,Directing
2023-11-29 00:53:39-08:00,2023-11-29 00:53:39-08:00,anthonyjohnson,campbellrachel,197,1408951634,Updating
2023-11-29 00:53:39-08:00,2023-11-29 00:53:39-08:00,anthonyjohnson,campbellrachel,197,1408951634,Asking
2023-11-29 00:53:39-08:00,2023-11-29 00:53:39-08:00,anthonyjohnson,campbellrachel,197,1754739991,Empty
2023-11-29 00:54:19-08:00,2023-11-29 00:54:18-08:00,anthonyjohnson,campbellrachel,197,1408952426,Directing
2023-11-29 00:54:19-08:00,2023-11-29 00:54:19-08:00,anthonyjohnson,campbellrachel,197,1754741219,Empty
2023-11-30 00:20:07-08:00,2023-11-30 00:20:07-08:00,campbellrachel,campbellrachel,197,1756877845,Empty
2023-11-30 00:20:08-08:00,2023-11-30 00:20:07-08:00,campbellrachel,campbellrachel,197,1410309362,Directing
2023-11-30 00:22:46-08:00,2023-11-30 00:22:46-08:00,anthonyjohnson,campbellrachel,197,1756882181,Empty
2023-11-30 00:23:55-08:00,2023-11-30 00:22:46-08:00,anthonyjohnson,campbellrachel,197,1410312118,Directing
2023-11-30 00:44:36-08:00,2023-11-30 00:44:36-08:00,campbellrachel,campbellrachel,197,1410336239,Updating
2023-11-30 00:44:36-08:00,2023-11-30 00:44:36-08:00,campbellrachel,campbellrachel,197,1756919079,Empty
2023-11-30 01:09:42-08:00,2023-11-30 01:09:42-08:00,campbellrachel,campbellrachel,197,1756966330,Empty
2023-11-30 01:09:42-08:00,2023-11-30 01:09:42-08:00,campbellrachel,campbellrachel,197,1410367434,Updating
2023-11-30 01:09:42-08:00,2023-11-30 01:09:42-08:00,campbellrachel,campbellrachel,197,1410367434,Thanking
2023-11-30 01:17:58-08:00,2023-11-30 01:17:57-08:00,anthonyjohnson,campbellrachel,197,1410378928,Directing
2023-11-30 01:17:58-08:00,2023-11-30 01:17:58-08:00,anthonyjohnson,campbellrachel,197,1756983568,Empty
2023-11-30 01:42:16-08:00,2023-11-30 01:42:16-08:00,campbellrachel,campbellrachel,197,1757031977,Empty
2023-11-30 01:42:16-08:00,2023-11-30 01:42:16-08:00,campbellrachel,campbellrachel,197,1410410692,Updating
2023-11-30 03:12:17-08:00,2023-11-30 03:12:17-08:00,anthonyjohnson,campbellrachel,197,1757205196,Approving
2023-11-30 15:55:58-08:00,2023-11-30 15:55:58-08:00,hortiz,campbellrachel,197,1758718580,Approving
2023-11-29 21:19:43-08:00,2023-11-29 21:19:43-08:00,hwhite,anthonyjohnson,200,1756648995,Complimenting
2023-11-29 00:17:26-08:00,2023-11-29 00:17:26-08:00,campbellrachel,anthonyjohnson,201,1754674811,Empty
2023-11-30 16:32:18-08:00,2023-11-30 16:32:18-08:00,hwhite,anthonyjohnson,209,1758783703,Asking
2023-12-03 16:18:09-08:00,2023-12-03 16:18:09-08:00,hortiz,hwhite,210,1761418316,Apologizing
2023-12-03 16:18:09-08:00,2023-12-03 16:18:09-08:00,hortiz,hwhite,210,1761418316,Agreeing
2023-12-03 16:18:09-08:00,2023-12-03 16:18:09-08:00,hortiz,hwhite,210,1761418316,Approving
2023-12-03 18:25:07-08:00,2023-12-03 18:25:07-08:00,josephwatkins,hwhite,210,1761498370,Thanking
2023-12-03 18:25:07-08:00,2023-12-03 18:25:07-08:00,josephwatkins,hwhite,210,1761498370,Approving
2023-12-03 19:06:19-08:00,2023-12-03 19:06:19-08:00,hortiz,hwhite,210,1761526307,Updating
2023-12-01 16:10:18-08:00,2023-12-01 16:10:18-08:00,hortiz,anthonyjohnson,213,1760723894,Complimenting
2023-12-01 19:40:44-08:00,2023-12-01 19:19:35-08:00,campbellrachel,anthonyjohnson,213,1412712341,Criticizing
2023-12-01 19:40:44-08:00,2023-12-01 19:19:35-08:00,campbellrachel,anthonyjohnson,213,1412712341,Directing
2023-12-01 19:40:44-08:00,2023-12-01 19:40:44-08:00,campbellrachel,anthonyjohnson,213,1760769182,Approving
2023-12-01 19:40:44-08:00,2023-12-01 19:40:44-08:00,campbellrachel,anthonyjohnson,213,1760769182,Updating
2023-12-01 19:40:44-08:00,2023-12-01 19:40:44-08:00,campbellrachel,anthonyjohnson,213,1760769182,Approving
2023-12-01 19:40:44-08:00,2023-12-01 19:40:44-08:00,campbellrachel,anthonyjohnson,213,1760769182,Directing
2023-12-01 19:40:44-08:00,2023-12-01 19:40:44-08:00,campbellrachel,anthonyjohnson,213,1760769182,Approving
2023-12-01 19:51:56-08:00,2023-12-01 19:51:56-08:00,campbellrachel,anthonyjohnson,213,1760772811,Empty
2023-12-01 19:54:31-08:00,2023-12-01 19:54:31-08:00,hortiz,anthonyjohnson,213,1760773082,Empty
2023-12-01 00:07:48-08:00,2023-12-01 00:03:44-08:00,hwhite,hortiz,215,1411744953,Directing
2023-12-01 00:07:48-08:00,2023-12-01 00:06:01-08:00,hwhite,hortiz,215,1411746759,Criticizing
2023-12-01 00:07:48-08:00,2023-12-01 00:06:01-08:00,hwhite,hortiz,215,1411746759,Directing
2023-12-01 00:07:48-08:00,2023-12-01 00:07:48-08:00,hwhite,hortiz,215,1759227839,Criticizing
2023-12-01 03:49:56-08:00,2023-12-01 03:24:24-08:00,campbellrachel,hortiz,215,1411962158,Directing
2023-12-01 03:49:56-08:00,2023-12-01 03:24:24-08:00,campbellrachel,hortiz,215,1411962158,Directing
2023-12-01 03:49:56-08:00,2023-12-01 03:24:24-08:00,campbellrachel,hortiz,215,1411962158,Updating
2023-12-01 03:49:56-08:00,2023-12-01 03:32:57-08:00,campbellrachel,hortiz,215,1411990105,Criticizing
2023-12-01 03:49:56-08:00,2023-12-01 03:32:57-08:00,campbellrachel,hortiz,215,1411990105,Updating
2023-12-01 03:49:56-08:00,2023-12-01 03:32:57-08:00,campbellrachel,hortiz,215,1411990105,Directing
2023-12-01 03:49:56-08:00,2023-12-01 03:34:34-08:00,campbellrachel,hortiz,215,1411993655,Directing
2023-12-01 03:49:56-08:00,2023-12-01 03:38:24-08:00,campbellrachel,hortiz,215,1412002617,Directing
2023-12-01 03:49:56-08:00,2023-12-01 03:38:24-08:00,campbellrachel,hortiz,215,1412002617,Updating
2023-12-01 03:49:56-08:00,2023-12-01 03:43:29-08:00,campbellrachel,hortiz,215,1412007069,Criticizing
2023-12-01 03:49:56-08:00,2023-12-01 03:49:56-08:00,campbellrachel,hortiz,215,1759587444,Updating
2023-12-01 03:49:56-08:00,2023-12-01 03:49:56-08:00,campbellrachel,hortiz,215,1759587444,Thanking
2023-12-01 04:09:21-08:00,2023-12-01 04:09:11-08:00,campbellrachel,hortiz,215,1412028375,Criticizing
2023-12-01 04:09:21-08:00,2023-12-01 04:09:21-08:00,campbellrachel,hortiz,215,1759686534,Empty
2023-12-01 09:55:26-08:00,2023-12-01 09:55:26-08:00,hortiz,hortiz,215,1760315787,Empty
2023-12-01 09:55:26-08:00,2023-12-01 09:55:26-08:00,hortiz,hortiz,215,1412417895,Complimenting
2023-12-01 13:45:43-08:00,2023-12-01 13:45:43-08:00,hortiz,hortiz,215,1412600000,Asking
2023-12-01 13:45:43-08:00,2023-12-01 13:45:43-08:00,hortiz,hortiz,215,1412600000,Updating
2023-12-01 13:45:43-08:00,2023-12-01 13:45:43-08:00,hortiz,hortiz,215,1760609403,Empty
2023-12-01 14:21:50-08:00,2023-12-01 14:21:49-08:00,hortiz,hortiz,215,1412623662,Asking
2023-12-01 14:21:50-08:00,2023-12-01 14:21:50-08:00,hortiz,hortiz,215,1760646517,Empty
2023-12-01 14:22:32-08:00,2023-12-01 14:22:32-08:00,hortiz,hortiz,215,1760647093,Empty
2023-12-01 14:22:32-08:00,2023-12-01 14:22:32-08:00,hortiz,hortiz,215,1412624003,Asking
2023-12-01 18:40:30-08:00,2023-12-01 18:40:30-08:00,campbellrachel,hortiz,215,1760759799,Empty
2023-12-01 18:40:31-08:00,2023-12-01 18:40:30-08:00,campbellrachel,hortiz,215,1412705917,Updating
2023-12-01 18:42:47-08:00,2023-12-01 18:42:47-08:00,hortiz,hortiz,215,1760760059,Empty
2023-12-01 18:43:01-08:00,2023-12-01 18:42:47-08:00,hortiz,hortiz,215,1412706167,Updating
2023-12-01 20:01:17-08:00,2023-12-01 20:01:17-08:00,campbellrachel,hortiz,215,1760773742,Approving
2023-12-01 20:51:10-08:00,2023-12-01 20:51:10-08:00,anthonyjohnson,hortiz,215,1760779180,Empty
2023-12-01 21:05:09-08:00,2023-12-01 20:51:10-08:00,anthonyjohnson,hortiz,215,1412722883,Directing
2023-12-01 21:05:09-08:00,2023-12-01 20:51:10-08:00,anthonyjohnson,hortiz,215,1412722883,Updating
2023-12-01 21:05:09-08:00,2023-12-01 20:51:10-08:00,anthonyjohnson,hortiz,215,1412722883,Directing
2023-12-01 21:51:28-08:00,2023-12-01 21:51:28-08:00,hwhite,hortiz,215,1760784942,Approving
2023-12-01 23:18:06-08:00,2023-12-01 23:18:06-08:00,campbellrachel,hortiz,215,1760804840,Empty
2023-12-01 12:34:37-08:00,2023-12-01 12:34:37-08:00,hwhite,anthonyjohnson,219,1760531080,Approving
2023-12-01 13:37:16-08:00,2023-12-01 13:37:16-08:00,hortiz,anthonyjohnson,219,1760600528,Approving
2023-12-01 13:37:16-08:00,2023-12-01 13:37:16-08:00,hortiz,anthonyjohnson,219,1760600528,Asking
2023-12-01 13:37:16-08:00,2023-12-01 13:37:16-08:00,hortiz,anthonyjohnson,219,1760600528,Asking
2023-12-01 21:53:57-08:00,2023-12-01 21:53:57-08:00,hwhite,josephwatkins,224,1760785171,Approving
2023-12-01 22:43:23-08:00,2023-12-01 22:43:23-08:00,anthonyjohnson,josephwatkins,224,1760791145,Empty
2023-12-01 23:23:09-08:00,2023-12-01 23:23:09-08:00,anthonyjohnson,hortiz,226,1760807975,Empty
2023-12-01 23:23:10-08:00,2023-12-01 23:23:09-08:00,anthonyjohnson,hortiz,226,1412745496,Directing
2023-12-01 23:23:10-08:00,2023-12-01 23:23:09-08:00,anthonyjohnson,hortiz,226,1412745496,Directing
2023-12-01 23:28:27-08:00,2023-12-01 23:28:27-08:00,anthonyjohnson,hortiz,226,1760812557,Empty
2023-12-01 23:28:48-08:00,2023-12-01 23:28:47-08:00,anthonyjohnson,hortiz,226,1412748066,Updating
2023-12-01 23:28:48-08:00,2023-12-01 23:28:48-08:00,anthonyjohnson,hortiz,226,1760812578,Empty
2023-12-01 23:30:20-08:00,2023-12-01 23:28:27-08:00,anthonyjohnson,hortiz,226,1412748054,Asking
2023-12-01 23:30:20-08:00,2023-12-01 23:28:27-08:00,anthonyjohnson,hortiz,226,1412748054,Directing
2023-12-01 23:30:20-08:00,2023-12-01 23:28:27-08:00,anthonyjohnson,hortiz,226,1412748054,Directing
2023-12-01 23:36:32-08:00,2023-12-01 23:36:32-08:00,hortiz,hortiz,226,1760815043,Empty
2023-12-01 23:36:32-08:00,2023-12-01 23:36:32-08:00,hortiz,hortiz,226,1412749728,Updating
2023-12-01 23:41:11-08:00,2023-12-01 23:41:11-08:00,anthonyjohnson,hortiz,226,1760817711,Empty
2023-12-01 23:42:02-08:00,2023-12-01 23:41:11-08:00,anthonyjohnson,hortiz,226,1412750621,Directing
2023-12-01 23:42:02-08:00,2023-12-01 23:41:11-08:00,anthonyjohnson,hortiz,226,1412750621,Asking
2023-12-01 23:47:46-08:00,2023-12-01 23:47:46-08:00,anthonyjohnson,hortiz,226,1760819066,Empty
2023-12-01 23:47:46-08:00,2023-12-01 23:47:46-08:00,anthonyjohnson,hortiz,226,1412751731,Asking
2023-12-01 23:47:46-08:00,2023-12-01 23:47:46-08:00,anthonyjohnson,hortiz,226,1412751731,Asking
2023-12-01 23:54:59-08:00,2023-12-01 23:54:59-08:00,hortiz,hortiz,226,1412755758,Updating
2023-12-01 23:54:59-08:00,2023-12-01 23:54:59-08:00,hortiz,hortiz,226,1412755758,Updating
2023-12-01 23:54:59-08:00,2023-12-01 23:54:59-08:00,hortiz,hortiz,226,1760828212,Empty
2023-12-01 23:56:58-08:00,2023-12-01 23:56:58-08:00,hortiz,hortiz,226,1412756026,Updating
2023-12-01 23:56:58-08:00,2023-12-01 23:56:58-08:00,hortiz,hortiz,226,1760828624,Empty
2023-12-01 23:57:07-08:00,2023-12-01 23:57:07-08:00,anthonyjohnson,hortiz,226,1412756055,Disagreeing
2023-12-01 23:57:07-08:00,2023-12-01 23:57:07-08:00,anthonyjohnson,hortiz,226,1412756055,Agreeing
2023-12-01 23:57:07-08:00,2023-12-01 23:57:07-08:00,anthonyjohnson,hortiz,226,1760828646,Empty
2023-12-01 23:57:20-08:00,2023-12-01 23:57:20-08:00,anthonyjohnson,hortiz,226,1412756067,Directing
2023-12-01 23:57:20-08:00,2023-12-01 23:57:20-08:00,anthonyjohnson,hortiz,226,1412756067,Updating
2023-12-01 23:57:20-08:00,2023-12-01 23:57:20-08:00,anthonyjohnson,hortiz,226,1760828664,Empty
2023-12-02 00:00:04-08:00,2023-12-02 00:00:04-08:00,anthonyjohnson,hortiz,226,1412756368,Directing
2023-12-02 00:00:04-08:00,2023-12-02 00:00:04-08:00,anthonyjohnson,hortiz,226,1760829014,Empty
2023-12-02 00:08:13-08:00,2023-12-02 00:08:13-08:00,hortiz,hortiz,226,1760830207,Empty
2023-12-02 00:08:13-08:00,2023-12-02 00:08:13-08:00,hortiz,hortiz,226,1412757267,Updating
2023-12-02 00:10:47-08:00,2023-12-02 00:10:47-08:00,anthonyjohnson,hortiz,226,1760830478,Empty
2023-12-02 00:05:21-08:00,2023-12-02 00:05:21-08:00,hortiz,anthonyjohnson,227,1760829872,Empty
2023-12-03 18:07:08-08:00,2023-12-03 18:07:08-08:00,anthonyjohnson,hwhite,228,1413295316,Directing
2023-12-03 18:07:08-08:00,2023-12-03 18:07:08-08:00,anthonyjohnson,hwhite,228,1413295316,Updating
2023-12-03 18:07:08-08:00,2023-12-03 18:07:08-08:00,anthonyjohnson,hwhite,228,1413295316,Directing
2023-12-03 18:07:08-08:00,2023-12-03 18:07:08-08:00,anthonyjohnson,hwhite,228,1761487460,Empty
2023-12-03 18:08:16-08:00,2023-12-03 18:08:16-08:00,hwhite,hwhite,228,1413295628,Updating
2023-12-03 18:08:16-08:00,2023-12-03 18:08:16-08:00,hwhite,hwhite,228,1761488041,Empty
2023-12-03 18:09:04-08:00,2023-12-03 18:09:04-08:00,anthonyjohnson,hwhite,228,1761488442,Empty
2023-12-03 18:09:04-08:00,2023-12-03 18:09:04-08:00,anthonyjohnson,hwhite,228,1413295888,Approving
2023-12-03 18:15:18-08:00,2023-12-03 18:15:18-08:00,anthonyjohnson,hwhite,228,1761492519,Empty
2023-12-03 19:57:29-08:00,2023-12-03 19:57:28-08:00,anthonyjohnson,hwhite,237,1413338954,Directing
2023-12-03 19:57:29-08:00,2023-12-03 19:57:28-08:00,anthonyjohnson,hwhite,237,1413338954,Directing
2023-12-03 19:57:29-08:00,2023-12-03 19:57:29-08:00,anthonyjohnson,hwhite,237,1761553091,Empty
2023-12-03 19:57:58-08:00,2023-12-03 19:57:58-08:00,anthonyjohnson,hwhite,237,1761553393,Empty
2023-12-03 19:57:59-08:00,2023-12-03 19:57:58-08:00,anthonyjohnson,hwhite,237,1413339181,Approving
2023-12-03 19:59:02-08:00,2023-12-03 19:59:02-08:00,hwhite,hwhite,237,1761553928,Empty
2023-12-03 19:59:02-08:00,2023-12-03 19:59:02-08:00,hwhite,hwhite,237,1413339499,Updating
2023-12-03 20:05:47-08:00,2023-12-03 20:05:47-08:00,anthonyjohnson,hwhite,237,1761557541,Empty
2023-12-03 20:05:47-08:00,2023-12-03 20:05:47-08:00,anthonyjohnson,hwhite,237,1413341831,Criticizing
2023-12-03 20:05:47-08:00,2023-12-03 20:05:47-08:00,anthonyjohnson,hwhite,237,1413341831,Asking
2023-12-03 20:11:18-08:00,2023-12-03 20:11:18-08:00,hwhite,hwhite,237,1761560644,Empty
2023-12-03 20:11:18-08:00,2023-12-03 20:11:18-08:00,hwhite,hwhite,237,1413343839,Updating
2023-12-03 20:14:50-08:00,2023-12-03 20:14:49-08:00,anthonyjohnson,hwhite,237,1413344996,Thanking
2023-12-03 20:14:50-08:00,2023-12-03 20:14:50-08:00,anthonyjohnson,hwhite,237,1761563582,Empty
2023-12-03 20:19:44-08:00,2023-12-03 20:19:43-08:00,anthonyjohnson,hwhite,237,1413347575,Criticizing
2023-12-03 20:19:44-08:00,2023-12-03 20:19:44-08:00,anthonyjohnson,hwhite,237,1761566672,Empty
2023-12-03 20:20:29-08:00,2023-12-03 20:20:29-08:00,anthonyjohnson,hwhite,237,1761567190,Empty
2023-12-03 20:20:29-08:00,2023-12-03 20:20:29-08:00,anthonyjohnson,hwhite,237,1413347871,Criticizing
2023-12-03 20:22:17-08:00,2023-12-03 20:22:17-08:00,anthonyjohnson,hwhite,237,1413348652,Directing
2023-12-03 20:22:17-08:00,2023-12-03 20:22:17-08:00,anthonyjohnson,hwhite,237,1761568352,Empty
2023-12-03 20:40:00-08:00,2023-12-03 20:40:00-08:00,anthonyjohnson,hwhite,237,1761579535,Empty
2023-12-03 20:10:44-08:00,2023-12-03 20:10:44-08:00,anthonyjohnson,hwhite,238,1761560350,Empty
2023-12-04 01:24:30-08:00,2023-12-04 01:24:30-08:00,hortiz,anthonyjohnson,241,1761933544,Updating
2023-12-04 18:47:26-08:00,2023-12-04 18:47:26-08:00,hwhite,anthonyjohnson,241,1763823406,Approving
2023-12-05 04:38:35-08:00,2023-12-05 04:38:35-08:00,campbellrachel,anthonyjohnson,241,1764980089,Empty
2023-12-05 17:09:49-08:00,2023-12-05 17:09:49-08:00,josephwatkins,anthonyjohnson,241,1766407886,Approving
2023-12-05 17:29:56-08:00,2023-12-05 17:29:56-08:00,hwhite,anthonyjohnson,241,1766444769,Approving
2023-12-06 15:58:40-08:00,2023-12-06 15:58:40-08:00,hortiz,anthonyjohnson,249,1768866318,Approving
2023-12-06 15:58:40-08:00,2023-12-06 15:58:40-08:00,hortiz,anthonyjohnson,249,1768866318,Approving
2023-12-06 16:55:51-08:00,2023-12-06 16:55:51-08:00,josephwatkins,anthonyjohnson,249,1768914658,Approving
2023-12-06 18:07:06-08:00,2023-12-06 18:07:06-08:00,anthonyjohnson,hortiz,250,1768981329,Empty
2023-12-07 15:41:15-08:00,2023-12-07 15:41:15-08:00,hortiz,anthonyjohnson,257,1771299955,Approving
2023-12-07 03:55:36-08:00,2023-12-07 03:55:36-08:00,anthonyjohnson,campbellrachel,258,1418851356,Directing
2023-12-07 03:55:36-08:00,2023-12-07 03:55:36-08:00,anthonyjohnson,campbellrachel,258,1769997353,Empty
2023-12-07 03:57:27-08:00,2023-12-07 03:57:27-08:00,anthonyjohnson,campbellrachel,258,1418853563,Updating
2023-12-07 03:57:27-08:00,2023-12-07 03:57:27-08:00,anthonyjohnson,campbellrachel,258,1418853563,Directing
2023-12-07 03:57:27-08:00,2023-12-07 03:57:27-08:00,anthonyjohnson,campbellrachel,258,1770000306,Empty
2023-12-07 04:04:46-08:00,2023-12-07 04:04:46-08:00,anthonyjohnson,campbellrachel,258,1418862115,Suggesting
2023-12-07 04:04:46-08:00,2023-12-07 04:04:46-08:00,anthonyjohnson,campbellrachel,258,1770012138,Empty
2023-12-07 04:07:55-08:00,2023-12-07 04:07:55-08:00,anthonyjohnson,campbellrachel,258,1770017447,Approving
2023-12-07 04:07:55-08:00,2023-12-07 04:07:55-08:00,anthonyjohnson,campbellrachel,258,1770017447,Criticizing
2023-12-07 04:07:55-08:00,2023-12-07 04:07:55-08:00,anthonyjohnson,campbellrachel,258,1770017447,Criticizing
2023-12-07 14:03:13-08:00,2023-12-07 14:03:12-08:00,hwhite,campbellrachel,258,1419708394,Suggesting
2023-12-07 14:03:13-08:00,2023-12-07 14:03:12-08:00,hwhite,campbellrachel,258,1419708394,Directing
2023-12-07 14:03:13-08:00,2023-12-07 14:03:13-08:00,hwhite,campbellrachel,258,1771208069,Empty
2023-12-07 14:06:22-08:00,2023-12-07 14:06:22-08:00,hwhite,campbellrachel,258,1419710739,Directing
2023-12-07 14:06:22-08:00,2023-12-07 14:06:22-08:00,hwhite,campbellrachel,258,1771211758,Empty
2023-12-07 14:09:40-08:00,2023-12-07 14:09:40-08:00,hwhite,campbellrachel,258,1771215961,Criticizing
2023-12-07 14:09:40-08:00,2023-12-07 14:09:40-08:00,hwhite,campbellrachel,258,1771215961,Approving
2023-12-07 14:09:40-08:00,2023-12-07 14:09:40-08:00,hwhite,campbellrachel,258,1771215961,Directing
2023-12-07 14:09:40-08:00,2023-12-07 14:09:40-08:00,hwhite,campbellrachel,258,1771215961,Suggesting
2023-12-07 14:23:15-08:00,2023-12-07 14:23:15-08:00,hortiz,campbellrachel,258,1771230402,Criticizing
2023-12-07 14:23:15-08:00,2023-12-07 14:23:15-08:00,hortiz,campbellrachel,258,1771230402,Approving
2023-12-07 14:23:15-08:00,2023-12-07 14:23:15-08:00,hortiz,campbellrachel,258,1771230402,Updating
2023-12-08 22:55:27-08:00,2023-12-08 22:55:27-08:00,campbellrachel,campbellrachel,258,1773550590,Empty
2023-12-08 22:55:27-08:00,2023-12-08 22:55:27-08:00,campbellrachel,campbellrachel,258,1421290916,Updating
2023-12-08 22:55:27-08:00,2023-12-08 22:55:27-08:00,campbellrachel,campbellrachel,258,1421290916,Updating
2023-12-08 23:00:11-08:00,2023-12-08 23:00:10-08:00,campbellrachel,campbellrachel,258,1421291634,Agreeing
2023-12-08 23:00:11-08:00,2023-12-08 23:00:10-08:00,campbellrachel,campbellrachel,258,1421291634,Updating
2023-12-08 23:00:11-08:00,2023-12-08 23:00:11-08:00,campbellrachel,campbellrachel,258,1773551983,Empty
2023-12-08 23:04:30-08:00,2023-12-08 23:04:29-08:00,campbellrachel,campbellrachel,258,1421293031,Asking
2023-12-08 23:04:30-08:00,2023-12-08 23:04:29-08:00,campbellrachel,campbellrachel,258,1421293031,Asking
2023-12-08 23:04:30-08:00,2023-12-08 23:04:30-08:00,campbellrachel,campbellrachel,258,1773553638,Empty
2023-12-09 00:48:53-08:00,2023-12-09 00:48:53-08:00,hwhite,campbellrachel,258,1421361795,Updating
2023-12-09 00:48:53-08:00,2023-12-09 00:48:53-08:00,hwhite,campbellrachel,258,1421361795,Updating
2023-12-09 00:48:53-08:00,2023-12-09 00:48:53-08:00,hwhite,campbellrachel,258,1773623636,Empty
2023-12-11 00:24:38-08:00,2023-12-11 00:24:38-08:00,anthonyjohnson,campbellrachel,258,1774503272,Empty
2023-12-07 13:47:13-08:00,2023-12-07 13:47:13-08:00,anthonyjohnson,josephwatkins,259,1771185158,Approving
2023-12-07 13:47:13-08:00,2023-12-07 13:47:13-08:00,anthonyjohnson,josephwatkins,259,1771185158,Thanking
2023-12-09 04:07:15-08:00,2023-12-09 04:07:15-08:00,anthonyjohnson,hwhite,264,1773687228,Empty
2024-01-16 15:52:44-08:00,2024-01-16 15:52:44-08:00,anthonyjohnson,hwhite,351,1825809125,Empty
2024-01-16 15:52:44-08:00,2024-01-16 15:52:44-08:00,anthonyjohnson,hwhite,351,1454218926,Updating
2024-01-16 15:52:44-08:00,2024-01-16 15:52:44-08:00,anthonyjohnson,hwhite,351,1454218926,Directing
2024-01-16 15:52:44-08:00,2024-01-16 15:52:44-08:00,anthonyjohnson,hwhite,351,1454218926,Directing
2024-01-16 15:53:09-08:00,2024-01-16 15:53:08-08:00,anthonyjohnson,hwhite,351,1454219313,Directing
2024-01-16 15:53:09-08:00,2024-01-16 15:53:08-08:00,anthonyjohnson,hwhite,351,1454219313,Directing
2024-01-16 15:53:09-08:00,2024-01-16 15:53:09-08:00,anthonyjohnson,hwhite,351,1825810866,Empty
2024-01-16 19:06:37-08:00,2024-01-16 19:06:37-08:00,hwhite,hwhite,351,1454446065,Disagreeing
2024-01-16 19:06:37-08:00,2024-01-16 19:06:37-08:00,hwhite,hwhite,351,1454446065,Updating
2024-01-16 19:06:37-08:00,2024-01-16 19:06:37-08:00,hwhite,hwhite,351,1826398522,Empty
2024-01-16 19:28:30-08:00,2024-01-16 19:28:30-08:00,hwhite,hwhite,351,1826412024,Empty
2024-01-16 19:28:30-08:00,2024-01-16 19:28:30-08:00,hwhite,hwhite,351,1454478062,Directing
2024-01-16 19:28:30-08:00,2024-01-16 19:28:30-08:00,hwhite,hwhite,351,1454478062,Updating
2024-01-16 20:14:21-08:00,2024-01-16 20:14:21-08:00,anthonyjohnson,hwhite,351,1454538212,Updating
2024-01-16 20:14:21-08:00,2024-01-16 20:14:21-08:00,anthonyjohnson,hwhite,351,1454538212,Directing
2024-01-16 20:14:21-08:00,2024-01-16 20:14:21-08:00,anthonyjohnson,hwhite,351,1826440481,Empty
2024-01-16 20:15:44-08:00,2024-01-16 20:15:44-08:00,hwhite,hwhite,351,1826441292,Empty
2024-01-16 20:15:44-08:00,2024-01-16 20:15:44-08:00,hwhite,hwhite,351,1454539711,Criticizing
2024-01-16 20:15:55-08:00,2024-01-16 20:15:55-08:00,hwhite,hwhite,351,1826441411,Empty
2024-01-16 20:15:55-08:00,2024-01-16 20:15:55-08:00,hwhite,hwhite,351,1454539963,Updating
2024-01-16 20:17:35-08:00,2024-01-16 20:17:35-08:00,anthonyjohnson,hwhite,351,1826442456,Empty
2024-01-16 20:17:35-08:00,2024-01-16 20:17:35-08:00,anthonyjohnson,hwhite,351,1454542075,Updating
2024-01-16 20:17:35-08:00,2024-01-16 20:17:35-08:00,anthonyjohnson,hwhite,351,1454542075,Directing
2024-01-16 20:17:35-08:00,2024-01-16 20:17:35-08:00,anthonyjohnson,hwhite,351,1454542075,Directing
2024-01-16 20:29:55-08:00,2024-01-16 20:18:58-08:00,anthonyjohnson,hwhite,351,1454543760,Directing
2024-01-16 20:29:55-08:00,2024-01-16 20:18:58-08:00,anthonyjohnson,hwhite,351,1454543760,Directing
2024-01-16 20:29:55-08:00,2024-01-16 20:20:42-08:00,anthonyjohnson,hwhite,351,1454545868,Directing
2024-01-16 20:29:55-08:00,2024-01-16 20:20:42-08:00,anthonyjohnson,hwhite,351,1454545868,Directing
2024-01-16 20:29:55-08:00,2024-01-16 20:20:42-08:00,anthonyjohnson,hwhite,351,1454545868,Updating
2024-01-16 20:29:55-08:00,2024-01-16 20:22:23-08:00,anthonyjohnson,hwhite,351,1454547944,Criticizing
2024-01-16 20:29:55-08:00,2024-01-16 20:22:23-08:00,anthonyjohnson,hwhite,351,1454547944,Updating
2024-01-16 20:29:55-08:00,2024-01-16 20:22:23-08:00,anthonyjohnson,hwhite,351,1454547944,Directing
2024-01-16 20:29:55-08:00,2024-01-16 20:23:37-08:00,anthonyjohnson,hwhite,351,1454549466,Criticizing
2024-01-16 20:29:55-08:00,2024-01-16 20:23:37-08:00,anthonyjohnson,hwhite,351,1454549466,Updating
2024-01-16 20:29:55-08:00,2024-01-16 20:23:37-08:00,anthonyjohnson,hwhite,351,1454549466,Directing
2024-01-16 20:29:55-08:00,2024-01-16 20:26:54-08:00,anthonyjohnson,hwhite,351,1454553409,Directing
2024-01-16 20:29:55-08:00,2024-01-16 20:26:54-08:00,anthonyjohnson,hwhite,351,1454553409,Updating
2024-01-16 20:29:55-08:00,2024-01-16 20:29:18-08:00,anthonyjohnson,hwhite,351,1454556392,Directing
2024-01-16 20:29:55-08:00,2024-01-16 20:29:18-08:00,anthonyjohnson,hwhite,351,1454556392,Updating
2024-01-16 20:29:55-08:00,2024-01-16 20:29:18-08:00,anthonyjohnson,hwhite,351,1454556392,Updating
2024-01-16 20:29:55-08:00,2024-01-16 20:29:18-08:00,anthonyjohnson,hwhite,351,1454556392,Directing
2024-01-16 20:29:55-08:00,2024-01-16 20:29:55-08:00,anthonyjohnson,hwhite,351,1826443374,Approving
2024-01-16 20:29:55-08:00,2024-01-16 20:29:55-08:00,anthonyjohnson,hwhite,351,1826443374,Criticizing
2024-01-16 20:29:55-08:00,2024-01-16 20:29:55-08:00,anthonyjohnson,hwhite,351,1826443374,Updating
2024-01-16 20:33:52-08:00,2024-01-16 20:33:52-08:00,anthonyjohnson,hwhite,351,1826453480,Empty
2024-01-16 20:33:52-08:00,2024-01-16 20:33:52-08:00,anthonyjohnson,hwhite,351,1454562162,Updating
2024-01-17 17:16:01-08:00,2024-01-17 17:16:01-08:00,hortiz,hwhite,351,1828525755,Empty
2024-01-17 17:16:01-08:00,2024-01-17 17:16:01-08:00,hortiz,hwhite,351,1456698188,Criticizing
2024-01-18 10:15:46-08:00,2024-01-18 10:15:45-08:00,hwhite,hwhite,351,1457822116,Updating
2024-01-18 10:15:46-08:00,2024-01-18 10:15:46-08:00,hwhite,hwhite,351,1830305408,Empty
2024-01-18 10:17:03-08:00,2024-01-18 10:17:03-08:00,hwhite,hwhite,351,1830307469,Empty
2024-01-18 10:17:04-08:00,2024-01-18 10:17:03-08:00,hwhite,hwhite,351,1457823531,Updating
2024-01-18 10:17:04-08:00,2024-01-18 10:17:03-08:00,hwhite,hwhite,351,1457823531,Updating
2024-01-18 10:18:55-08:00,2024-01-18 10:18:55-08:00,hwhite,hwhite,351,1457825406,Disagreeing
2024-01-18 10:18:55-08:00,2024-01-18 10:18:55-08:00,hwhite,hwhite,351,1457825406,Disagreeing
2024-01-18 10:18:55-08:00,2024-01-18 10:18:55-08:00,hwhite,hwhite,351,1830310280,Empty
2024-01-18 10:19:42-08:00,2024-01-18 10:19:42-08:00,hwhite,hwhite,351,1457826217,Updating
2024-01-18 10:19:42-08:00,2024-01-18 10:19:42-08:00,hwhite,hwhite,351,1457826217,Agreeing
2024-01-18 10:19:42-08:00,2024-01-18 10:19:42-08:00,hwhite,hwhite,351,1457826217,Updating
2024-01-18 10:19:42-08:00,2024-01-18 10:19:42-08:00,hwhite,hwhite,351,1830311517,Empty
2024-01-18 13:49:48-08:00,2024-01-18 13:49:48-08:00,anthonyjohnson,hwhite,351,1830612899,Empty
2024-01-18 13:49:48-08:00,2024-01-18 13:49:48-08:00,anthonyjohnson,hwhite,351,1458012914,Criticizing
2024-01-18 13:50:04-08:00,2024-01-18 13:50:04-08:00,anthonyjohnson,hwhite,351,1830613225,Empty
2024-01-18 13:50:04-08:00,2024-01-18 13:50:04-08:00,anthonyjohnson,hwhite,351,1458013115,Directing
2024-01-18 13:50:12-08:00,2024-01-18 13:50:12-08:00,anthonyjohnson,hwhite,351,1830613412,Empty
2024-01-18 13:50:12-08:00,2024-01-18 13:50:12-08:00,anthonyjohnson,hwhite,351,1458013237,Directing
2024-01-18 19:59:55-08:00,2024-01-18 19:59:55-08:00,anthonyjohnson,hwhite,351,1831357203,Empty
2024-01-18 19:59:56-08:00,2024-01-18 19:59:55-08:00,anthonyjohnson,hwhite,351,1458286084,Updating
2024-01-18 20:19:00-08:00,2024-01-18 20:19:00-08:00,anthonyjohnson,hwhite,351,1831453057,Updating
2024-01-18 20:19:00-08:00,2024-01-18 20:19:00-08:00,anthonyjohnson,hwhite,351,1831453057,Criticizing
2024-01-18 20:19:00-08:00,2024-01-18 20:19:00-08:00,anthonyjohnson,hwhite,351,1831453057,Directing
2024-01-18 20:19:00-08:00,2024-01-18 20:19:00-08:00,anthonyjohnson,hwhite,351,1831453057,Asking
2024-01-18 20:19:00-08:00,2024-01-18 20:19:00-08:00,anthonyjohnson,hwhite,351,1831453057,Suggesting
2024-01-29 18:41:06-08:00,2024-01-29 18:41:06-08:00,anthonyjohnson,hwhite,351,1850130822,Empty
2024-01-29 18:41:06-08:00,2024-01-29 18:41:06-08:00,anthonyjohnson,hwhite,351,1470522911,Directing
2024-01-29 18:41:06-08:00,2024-01-29 18:41:06-08:00,anthonyjohnson,hwhite,351,1470522911,Directing
2024-01-29 18:41:46-08:00,2024-01-29 18:41:45-08:00,anthonyjohnson,hwhite,351,1470523305,Directing
2024-01-29 18:41:46-08:00,2024-01-29 18:41:46-08:00,anthonyjohnson,hwhite,351,1850131313,Empty
2024-01-29 18:43:01-08:00,2024-01-29 18:43:01-08:00,anthonyjohnson,hwhite,351,1470524027,Directing
2024-01-29 18:43:01-08:00,2024-01-29 18:43:01-08:00,anthonyjohnson,hwhite,351,1470524027,Directing
2024-01-29 18:43:01-08:00,2024-01-29 18:43:01-08:00,anthonyjohnson,hwhite,351,1470524027,Directing
2024-01-29 18:43:01-08:00,2024-01-29 18:43:01-08:00,anthonyjohnson,hwhite,351,1470524027,Directing
2024-01-29 18:43:01-08:00,2024-01-29 18:43:01-08:00,anthonyjohnson,hwhite,351,1850132281,Empty
2024-01-29 18:43:35-08:00,2024-01-29 18:43:34-08:00,anthonyjohnson,hwhite,351,1470524304,Directing
2024-01-29 18:43:35-08:00,2024-01-29 18:43:35-08:00,anthonyjohnson,hwhite,351,1850132694,Empty
2024-01-29 18:44:05-08:00,2024-01-29 18:44:05-08:00,anthonyjohnson,hwhite,351,1470524566,Directing
2024-01-29 18:44:05-08:00,2024-01-29 18:44:05-08:00,anthonyjohnson,hwhite,351,1850133082,Empty
2024-01-29 18:44:21-08:00,2024-01-29 18:44:21-08:00,anthonyjohnson,hwhite,351,1850133275,Empty
2024-01-29 18:44:33-08:00,2024-01-29 18:44:21-08:00,anthonyjohnson,hwhite,351,1470524681,Updating
2024-01-29 18:46:11-08:00,2024-01-29 18:46:11-08:00,hortiz,hwhite,351,1850134566,Empty
2024-01-29 18:46:12-08:00,2024-01-29 18:46:11-08:00,hortiz,hwhite,351,1470525557,Criticizing
2024-01-29 18:50:31-08:00,2024-01-29 18:50:31-08:00,anthonyjohnson,hwhite,351,1850137771,Empty
2024-01-29 18:50:31-08:00,2024-01-29 18:50:31-08:00,anthonyjohnson,hwhite,351,1470527858,Criticizing
2024-01-29 18:51:20-08:00,2024-01-29 18:51:20-08:00,anthonyjohnson,hwhite,351,1850138371,Empty
2024-01-29 18:51:20-08:00,2024-01-29 18:51:20-08:00,anthonyjohnson,hwhite,351,1470528289,Updating
2024-01-29 18:51:20-08:00,2024-01-29 18:51:20-08:00,anthonyjohnson,hwhite,351,1470528289,Directing
2024-01-29 18:59:28-08:00,2024-01-29 18:59:28-08:00,hortiz,hwhite,351,1850144110,Empty
2024-01-29 18:59:28-08:00,2024-01-29 18:59:28-08:00,hortiz,hwhite,351,1470532537,Updating
2024-01-29 19:01:05-08:00,2024-01-29 19:01:05-08:00,hortiz,hwhite,351,1470533279,Updating
2024-01-29 19:01:05-08:00,2024-01-29 19:01:05-08:00,hortiz,hwhite,351,1850145254,Empty
2024-01-29 19:45:49-08:00,2024-01-29 19:45:37-08:00,anthonyjohnson,hwhite,351,1470555100,Directing
2024-01-29 19:45:49-08:00,2024-01-29 19:45:37-08:00,anthonyjohnson,hwhite,351,1470555100,Updating
2024-01-29 19:45:49-08:00,2024-01-29 19:45:37-08:00,anthonyjohnson,hwhite,351,1470555100,Updating
2024-01-29 19:45:49-08:00,2024-01-29 19:45:49-08:00,anthonyjohnson,hwhite,351,1850177103,Empty
2024-01-29 20:08:31-08:00,2024-01-29 20:08:31-08:00,anthonyjohnson,hwhite,351,1850193274,Approving
2024-01-18 21:13:59-08:00,2024-01-18 21:13:59-08:00,anthonyjohnson,hortiz,358,1831581663,Criticizing
2024-01-18 21:13:59-08:00,2024-01-18 21:13:59-08:00,anthonyjohnson,hortiz,358,1831581663,Directing
2024-01-18 21:13:59-08:00,2024-01-18 21:13:59-08:00,anthonyjohnson,hortiz,358,1831581663,Directing
2024-01-19 12:31:11-08:00,2024-01-19 12:31:11-08:00,anthonyjohnson,hortiz,358,1833636970,Empty
2024-01-19 12:31:17-08:00,2024-01-19 12:31:11-08:00,anthonyjohnson,hortiz,358,1459717959,Agreeing
2024-01-19 12:31:17-08:00,2024-01-19 12:31:11-08:00,anthonyjohnson,hortiz,358,1459717959,Directing
2024-01-19 12:33:35-08:00,2024-01-19 12:33:35-08:00,anthonyjohnson,hortiz,358,1833640429,Empty
2024-01-19 12:34:59-08:00,2024-01-19 12:33:35-08:00,anthonyjohnson,hortiz,358,1459721554,Asking
2024-01-19 12:34:59-08:00,2024-01-19 12:33:35-08:00,anthonyjohnson,hortiz,358,1459721554,Updating
2024-01-19 12:34:59-08:00,2024-01-19 12:33:35-08:00,anthonyjohnson,hortiz,358,1459721554,Updating
2024-01-19 12:34:59-08:00,2024-01-19 12:33:35-08:00,anthonyjohnson,hortiz,358,1459721554,Directing
2024-01-19 12:34:59-08:00,2024-01-19 12:33:35-08:00,anthonyjohnson,hortiz,358,1459721554,Updating
2024-01-19 12:35:29-08:00,2024-01-19 12:35:29-08:00,anthonyjohnson,hortiz,358,1833642849,Empty
2024-01-19 12:35:29-08:00,2024-01-19 12:35:29-08:00,anthonyjohnson,hortiz,358,1459724355,Criticizing
2024-01-19 12:37:21-08:00,2024-01-19 12:37:21-08:00,anthonyjohnson,hortiz,358,1833646015,Empty
2024-01-19 12:37:22-08:00,2024-01-19 12:37:21-08:00,anthonyjohnson,hortiz,358,1459727613,Criticizing
2024-01-19 12:37:22-08:00,2024-01-19 12:37:21-08:00,anthonyjohnson,hortiz,358,1459727613,Criticizing
2024-01-19 12:37:22-08:00,2024-01-19 12:37:21-08:00,anthonyjohnson,hortiz,358,1459727613,Updating
2024-01-19 12:45:19-08:00,2024-01-19 12:45:19-08:00,hortiz,hortiz,358,1833666052,Empty
2024-01-19 12:45:20-08:00,2024-01-19 12:45:19-08:00,hortiz,hortiz,358,1459740470,Asking
2024-01-19 12:45:20-08:00,2024-01-19 12:45:19-08:00,hortiz,hortiz,358,1459740470,Criticizing
2024-01-19 12:48:04-08:00,2024-01-19 12:48:04-08:00,anthonyjohnson,hortiz,358,1459744068,Asking
2024-01-19 12:48:04-08:00,2024-01-19 12:48:04-08:00,anthonyjohnson,hortiz,358,1459744068,Directing
2024-01-19 12:48:04-08:00,2024-01-19 12:48:04-08:00,anthonyjohnson,hortiz,358,1459744068,Updating
2024-01-19 12:48:04-08:00,2024-01-19 12:48:04-08:00,anthonyjohnson,hortiz,358,1459744068,Directing
2024-01-19 12:48:04-08:00,2024-01-19 12:48:04-08:00,anthonyjohnson,hortiz,358,1833673341,Empty
2024-01-19 13:03:29-08:00,2024-01-19 13:03:29-08:00,hortiz,hortiz,358,1833713170,Empty
2024-01-19 13:03:29-08:00,2024-01-19 13:03:29-08:00,hortiz,hortiz,358,1459767957,Disagreeing
2024-01-19 13:03:49-08:00,2024-01-19 13:03:48-08:00,hortiz,hortiz,358,1459768357,Asking
2024-01-19 13:03:49-08:00,2024-01-19 13:03:49-08:00,hortiz,hortiz,358,1833713929,Empty
2024-01-19 13:05:49-08:00,2024-01-19 13:05:49-08:00,anthonyjohnson,hortiz,358,1833718697,Empty
2024-01-19 13:05:49-08:00,2024-01-19 13:05:49-08:00,anthonyjohnson,hortiz,358,1459770894,Approving
2024-01-19 13:05:49-08:00,2024-01-19 13:05:49-08:00,anthonyjohnson,hortiz,358,1459770894,Thanking
2024-01-19 13:08:02-08:00,2024-01-19 13:08:02-08:00,anthonyjohnson,hortiz,358,1459774479,Updating
2024-01-19 13:08:02-08:00,2024-01-19 13:08:02-08:00,anthonyjohnson,hortiz,358,1833725004,Empty
2024-01-19 13:40:13-08:00,2024-01-19 13:40:13-08:00,anthonyjohnson,hortiz,358,1459822602,Directing
2024-01-19 13:40:13-08:00,2024-01-19 13:40:13-08:00,anthonyjohnson,hortiz,358,1833789031,Empty
2024-01-19 13:42:21-08:00,2024-01-19 13:42:21-08:00,anthonyjohnson,hortiz,358,1833792042,Empty
2024-01-19 13:42:21-08:00,2024-01-19 13:42:21-08:00,anthonyjohnson,hortiz,358,1459826675,Directing
2024-01-19 13:42:39-08:00,2024-01-19 13:42:38-08:00,anthonyjohnson,hortiz,358,1459827464,Directing
2024-01-19 13:42:39-08:00,2024-01-19 13:42:39-08:00,anthonyjohnson,hortiz,358,1833792738,Empty
2024-01-19 13:43:40-08:00,2024-01-19 13:43:40-08:00,anthonyjohnson,hortiz,358,1459829174,Directing
2024-01-19 13:43:40-08:00,2024-01-19 13:43:40-08:00,anthonyjohnson,hortiz,358,1459829174,Updating
2024-01-19 13:43:40-08:00,2024-01-19 13:43:40-08:00,anthonyjohnson,hortiz,358,1833793977,Empty
2024-01-19 13:44:13-08:00,2024-01-19 13:44:13-08:00,hortiz,hortiz,358,1459829961,Asking
2024-01-19 13:44:13-08:00,2024-01-19 13:44:13-08:00,hortiz,hortiz,358,1833794572,Empty
2024-01-19 13:45:38-08:00,2024-01-19 13:45:38-08:00,hortiz,hortiz,358,1459831846,Agreeing
2024-01-19 13:45:38-08:00,2024-01-19 13:45:38-08:00,hortiz,hortiz,358,1833796013,Empty
2024-01-19 13:48:54-08:00,2024-01-19 13:48:54-08:00,anthonyjohnson,hortiz,358,1833799802,Empty
2024-01-19 13:51:25-08:00,2024-01-19 13:48:54-08:00,anthonyjohnson,hortiz,358,1459836623,Updating
2024-01-19 13:51:25-08:00,2024-01-19 13:48:54-08:00,anthonyjohnson,hortiz,358,1459836623,Directing
2024-01-19 13:52:11-08:00,2024-01-19 13:52:11-08:00,hortiz,hortiz,358,1833803089,Empty
2024-01-19 13:52:11-08:00,2024-01-19 13:52:11-08:00,hortiz,hortiz,358,1459840902,Asking
2024-01-19 13:54:52-08:00,2024-01-19 13:54:52-08:00,anthonyjohnson,hortiz,358,1833806119,Empty
2024-01-19 13:54:52-08:00,2024-01-19 13:54:52-08:00,anthonyjohnson,hortiz,358,1459844893,Disagreeing
2024-01-19 13:54:52-08:00,2024-01-19 13:54:52-08:00,anthonyjohnson,hortiz,358,1459844893,Explaining
2024-01-19 13:54:52-08:00,2024-01-19 13:54:52-08:00,anthonyjohnson,hortiz,358,1459844893,Explaining
2024-01-19 13:54:52-08:00,2024-01-19 13:54:52-08:00,anthonyjohnson,hortiz,358,1459844893,Explaining
2024-01-19 13:55:18-08:00,2024-01-19 13:55:18-08:00,anthonyjohnson,hortiz,358,1833806483,Empty
2024-01-19 13:55:26-08:00,2024-01-19 13:55:18-08:00,anthonyjohnson,hortiz,358,1459845491,Explaining
2024-01-19 13:55:26-08:00,2024-01-19 13:55:18-08:00,anthonyjohnson,hortiz,358,1459845491,Updating
2024-01-19 13:58:32-08:00,2024-01-19 13:58:32-08:00,anthonyjohnson,hortiz,358,1833809882,Empty
2024-01-19 13:58:33-08:00,2024-01-19 13:58:32-08:00,anthonyjohnson,hortiz,358,1459850163,Directing
2024-01-19 13:58:33-08:00,2024-01-19 13:58:32-08:00,anthonyjohnson,hortiz,358,1459850163,Updating
2024-01-19 14:00:37-08:00,2024-01-19 14:00:37-08:00,hortiz,hortiz,358,1459853178,Updating
2024-01-19 14:00:37-08:00,2024-01-19 14:00:37-08:00,hortiz,hortiz,358,1833812213,Empty
2024-01-19 14:19:37-08:00,2024-01-19 14:19:37-08:00,anthonyjohnson,hortiz,358,1833844249,Approving
2024-01-19 14:19:37-08:00,2024-01-19 14:19:37-08:00,anthonyjohnson,hortiz,358,1833844249,Complimenting
2024-01-19 13:46:55-08:00,2024-01-19 13:46:55-08:00,hortiz,anthonyjohnson,373,1833797622,Updating
2024-01-19 13:46:55-08:00,2024-01-19 13:46:55-08:00,hortiz,anthonyjohnson,373,1833797622,Approving
2024-01-21 23:23:24-08:00,2024-01-21 23:23:24-08:00,hwhite,anthonyjohnson,374,1835782985,Approving
2024-01-21 23:23:24-08:00,2024-01-21 23:23:24-08:00,hwhite,anthonyjohnson,374,1835782985,Complimenting
2024-01-25 17:55:51-08:00,2024-01-25 17:55:51-08:00,hwhite,hortiz,388,1467152812,Criticizing
2024-01-25 17:55:51-08:00,2024-01-25 17:55:51-08:00,hwhite,hortiz,388,1467152812,Directing
2024-01-25 17:55:51-08:00,2024-01-25 17:55:51-08:00,hwhite,hortiz,388,1844976676,Empty
2024-01-25 18:04:04-08:00,2024-01-25 18:04:04-08:00,hwhite,hortiz,388,1467156370,Updating
2024-01-25 18:04:04-08:00,2024-01-25 18:04:04-08:00,hwhite,hortiz,388,1467156370,Updating
2024-01-25 18:04:04-08:00,2024-01-25 18:04:04-08:00,hwhite,hortiz,388,1467156370,Directing
2024-01-25 18:04:04-08:00,2024-01-25 18:04:04-08:00,hwhite,hortiz,388,1467156370,Updating
2024-01-25 18:04:04-08:00,2024-01-25 18:04:04-08:00,hwhite,hortiz,388,1844981481,Empty
2024-01-25 18:40:05-08:00,2024-01-25 18:40:05-08:00,hortiz,hortiz,388,1845003068,Empty
2024-01-25 18:40:05-08:00,2024-01-25 18:40:05-08:00,hortiz,hortiz,388,1467171842,Apologizing
2024-01-25 19:23:40-08:00,2024-01-25 19:23:40-08:00,anthonyjohnson,hortiz,388,1845026671,Empty
2024-01-25 19:23:55-08:00,2024-01-25 19:23:40-08:00,anthonyjohnson,hortiz,388,1467189540,Updating
2024-01-25 19:23:55-08:00,2024-01-25 19:23:40-08:00,anthonyjohnson,hortiz,388,1467189540,Updating
2024-01-25 19:23:55-08:00,2024-01-25 19:23:40-08:00,anthonyjohnson,hortiz,388,1467189540,Updating
2024-01-25 19:23:55-08:00,2024-01-25 19:23:40-08:00,anthonyjohnson,hortiz,388,1467189540,Directing
2024-01-25 19:24:54-08:00,2024-01-25 19:24:54-08:00,anthonyjohnson,hortiz,388,1845027266,Empty
2024-01-25 19:24:54-08:00,2024-01-25 19:24:54-08:00,anthonyjohnson,hortiz,388,1467190079,Directing
2024-01-25 19:24:54-08:00,2024-01-25 19:24:54-08:00,anthonyjohnson,hortiz,388,1467190079,Updating
2024-01-25 19:49:00-08:00,2024-01-25 19:49:00-08:00,hortiz,hortiz,388,1845038652,Empty
2024-01-25 19:49:01-08:00,2024-01-25 19:49:00-08:00,hortiz,hortiz,388,1467198574,Updating
2024-01-25 19:49:49-08:00,2024-01-25 19:49:49-08:00,hortiz,hortiz,388,1467198874,Approving
2024-01-25 19:49:49-08:00,2024-01-25 19:49:49-08:00,hortiz,hortiz,388,1467198874,Apologizing
2024-01-25 19:49:49-08:00,2024-01-25 19:49:49-08:00,hortiz,hortiz,388,1845039020,Empty
2024-01-27 17:34:57-08:00,2024-01-27 17:32:46-08:00,campbellrachel,hortiz,388,1468709214,Directing
2024-01-27 17:34:57-08:00,2024-01-27 17:34:27-08:00,campbellrachel,hortiz,388,1468709393,Criticizing
2024-01-27 17:34:57-08:00,2024-01-27 17:34:57-08:00,campbellrachel,hortiz,388,1847350385,Criticizing
2024-01-27 17:34:57-08:00,2024-01-27 17:34:57-08:00,campbellrachel,hortiz,388,1847350385,Thanking
2024-01-27 21:02:18-08:00,2024-01-27 21:02:18-08:00,hortiz,hortiz,388,1847396668,Empty
2024-01-27 21:02:18-08:00,2024-01-27 21:02:18-08:00,hortiz,hortiz,388,1468750423,Asking
2024-01-27 21:02:18-08:00,2024-01-27 21:02:18-08:00,hortiz,hortiz,388,1468750423,Updating
2024-01-27 21:04:07-08:00,2024-01-27 21:04:07-08:00,hortiz,hortiz,388,1847396785,Empty
2024-01-27 21:04:07-08:00,2024-01-27 21:04:07-08:00,hortiz,hortiz,388,1468750575,Updating
2024-01-27 21:04:07-08:00,2024-01-27 21:04:07-08:00,hortiz,hortiz,388,1468750575,Asking
2024-01-27 21:31:05-08:00,2024-01-27 21:31:05-08:00,anthonyjohnson,hortiz,388,1847400635,Empty
2024-01-27 21:31:12-08:00,2024-01-27 21:31:05-08:00,anthonyjohnson,hortiz,388,1468754376,Explaining
2024-01-27 21:31:12-08:00,2024-01-27 21:31:05-08:00,anthonyjohnson,hortiz,388,1468754376,Explaining
2024-01-27 21:31:12-08:00,2024-01-27 21:31:05-08:00,anthonyjohnson,hortiz,388,1468754376,Explaining
2024-01-27 21:32:05-08:00,2024-01-27 21:32:05-08:00,anthonyjohnson,hortiz,388,1847400727,Empty
2024-01-27 21:32:05-08:00,2024-01-27 21:32:05-08:00,anthonyjohnson,hortiz,388,1468754451,Explaining
2024-01-27 21:32:19-08:00,2024-01-27 21:32:19-08:00,hortiz,hortiz,388,1847400741,Empty
2024-01-27 21:32:19-08:00,2024-01-27 21:32:19-08:00,hortiz,hortiz,388,1468754477,Asking
2024-01-27 21:33:07-08:00,2024-01-27 21:33:07-08:00,anthonyjohnson,hortiz,388,1847400790,Empty
2024-01-27 21:33:07-08:00,2024-01-27 21:33:07-08:00,anthonyjohnson,hortiz,388,1468754602,Explaining
2024-01-27 21:33:07-08:00,2024-01-27 21:33:07-08:00,anthonyjohnson,hortiz,388,1468754602,Explaining
2024-01-27 21:34:30-08:00,2024-01-27 21:34:30-08:00,anthonyjohnson,hortiz,388,1847400935,Empty
2024-01-27 21:34:31-08:00,2024-01-27 21:34:30-08:00,anthonyjohnson,hortiz,388,1468754781,Agreeing
2024-01-27 21:40:44-08:00,2024-01-27 21:40:44-08:00,anthonyjohnson,hortiz,388,1847401492,Empty
2024-01-27 21:40:44-08:00,2024-01-27 21:40:44-08:00,anthonyjohnson,hortiz,388,1468755369,Updating
2024-01-27 21:43:26-08:00,2024-01-27 21:43:25-08:00,hortiz,hortiz,388,1468755671,Updating
2024-01-27 21:43:26-08:00,2024-01-27 21:43:25-08:00,hortiz,hortiz,388,1468755671,Thanking
2024-01-27 21:43:26-08:00,2024-01-27 21:43:26-08:00,hortiz,hortiz,388,1847401766,Empty
2024-01-27 22:38:56-08:00,2024-01-27 22:38:56-08:00,campbellrachel,hortiz,388,1847412961,Approving
2024-01-28 13:38:49-08:00,2024-01-28 13:38:49-08:00,anthonyjohnson,hortiz,388,1468942079,Directing
2024-01-28 13:38:49-08:00,2024-01-28 13:38:49-08:00,anthonyjohnson,hortiz,388,1847634690,Empty
2024-01-28 13:39:28-08:00,2024-01-28 13:39:28-08:00,anthonyjohnson,hortiz,388,1847634774,Empty
2024-01-28 13:39:28-08:00,2024-01-28 13:39:28-08:00,anthonyjohnson,hortiz,388,1468942169,Directing
2024-01-28 13:43:17-08:00,2024-01-28 13:43:17-08:00,anthonyjohnson,hortiz,388,1847636298,Empty
2024-01-28 13:43:17-08:00,2024-01-28 13:43:17-08:00,anthonyjohnson,hortiz,388,1468943718,Directing
2024-01-28 13:43:17-08:00,2024-01-28 13:43:17-08:00,anthonyjohnson,hortiz,388,1468943718,Criticizing
2024-01-28 13:46:25-08:00,2024-01-28 13:46:25-08:00,hortiz,hortiz,388,1847636731,Empty
2024-01-28 13:46:26-08:00,2024-01-28 13:46:25-08:00,hortiz,hortiz,388,1468944102,Updating
2024-01-28 13:48:06-08:00,2024-01-28 13:48:06-08:00,anthonyjohnson,hortiz,388,1847636979,Empty
2024-01-28 13:48:23-08:00,2024-01-28 13:48:06-08:00,anthonyjohnson,hortiz,388,1468944345,Directing
2024-01-28 13:48:23-08:00,2024-01-28 13:48:06-08:00,anthonyjohnson,hortiz,388,1468944345,Criticizing
2024-01-28 13:48:23-08:00,2024-01-28 13:48:06-08:00,anthonyjohnson,hortiz,388,1468944345,Directing
2024-01-28 13:49:11-08:00,2024-01-28 13:49:10-08:00,hortiz,hortiz,388,1468944535,Updating
2024-01-28 13:49:11-08:00,2024-01-28 13:49:11-08:00,hortiz,hortiz,388,1847637127,Empty
2024-01-28 13:59:05-08:00,2024-01-28 13:59:05-08:00,anthonyjohnson,hortiz,388,1847638851,Empty
2024-01-28 13:59:05-08:00,2024-01-28 13:59:05-08:00,anthonyjohnson,hortiz,388,1468946075,Directing
2024-01-28 13:59:45-08:00,2024-01-28 13:59:45-08:00,anthonyjohnson,hortiz,388,1468946162,Updating
2024-01-28 13:59:45-08:00,2024-01-28 13:59:45-08:00,anthonyjohnson,hortiz,388,1847638946,Empty
2024-01-28 14:08:24-08:00,2024-01-28 14:08:23-08:00,anthonyjohnson,hortiz,388,1468947379,Explaining
2024-01-28 14:08:24-08:00,2024-01-28 14:08:23-08:00,anthonyjohnson,hortiz,388,1468947379,Explaining
2024-01-28 14:08:24-08:00,2024-01-28 14:08:24-08:00,anthonyjohnson,hortiz,388,1847640273,Empty
2024-01-28 14:09:10-08:00,2024-01-28 14:09:09-08:00,anthonyjohnson,hortiz,388,1468947500,Directing
2024-01-28 14:09:10-08:00,2024-01-28 14:09:10-08:00,anthonyjohnson,hortiz,388,1847640391,Empty
2024-01-28 14:11:26-08:00,2024-01-28 14:11:26-08:00,hortiz,hortiz,388,1468947884,Disagreeing
2024-01-28 14:11:26-08:00,2024-01-28 14:11:26-08:00,hortiz,hortiz,388,1847640758,Empty
2024-01-28 14:12:30-08:00,2024-01-28 14:12:30-08:00,hortiz,hortiz,388,1847640940,Empty
2024-01-28 14:12:30-08:00,2024-01-28 14:12:30-08:00,hortiz,hortiz,388,1468948028,Suggesting
2024-01-28 14:21:02-08:00,2024-01-28 14:21:02-08:00,anthonyjohnson,hortiz,388,1847642232,Empty
2024-01-28 14:21:23-08:00,2024-01-28 14:21:01-08:00,anthonyjohnson,hortiz,388,1468949223,Directing
2024-01-28 14:21:23-08:00,2024-01-28 14:21:01-08:00,anthonyjohnson,hortiz,388,1468949223,Asking
2024-01-28 14:40:11-08:00,2024-01-28 14:40:11-08:00,hortiz,hortiz,388,1468952127,Updating
2024-01-28 14:40:11-08:00,2024-01-28 14:40:11-08:00,hortiz,hortiz,388,1847645125,Empty
2024-01-28 14:44:24-08:00,2024-01-28 14:44:24-08:00,hortiz,hortiz,388,1847645841,Empty
2024-01-28 14:44:25-08:00,2024-01-28 14:44:24-08:00,hortiz,hortiz,388,1468952795,Updating
2024-01-28 14:44:43-08:00,2024-01-28 14:44:43-08:00,anthonyjohnson,hortiz,388,1847645901,Empty
2024-01-28 14:44:43-08:00,2024-01-28 14:44:43-08:00,anthonyjohnson,hortiz,388,1468952831,Asking
2024-01-28 14:48:45-08:00,2024-01-28 14:48:45-08:00,hortiz,hortiz,388,1847646568,Empty
2024-01-28 14:48:45-08:00,2024-01-28 14:48:45-08:00,hortiz,hortiz,388,1468953465,Updating
2024-01-28 14:51:31-08:00,2024-01-28 14:51:31-08:00,anthonyjohnson,hortiz,388,1468953806,Asking
2024-01-28 14:51:31-08:00,2024-01-28 14:51:31-08:00,anthonyjohnson,hortiz,388,1847646992,Empty
2024-01-28 14:53:49-08:00,2024-01-28 14:53:49-08:00,hortiz,hortiz,388,1847647380,Empty
2024-01-28 14:54:05-08:00,2024-01-28 14:53:49-08:00,hortiz,hortiz,388,1468954114,Updating
2024-01-28 14:54:05-08:00,2024-01-28 14:53:49-08:00,hortiz,hortiz,388,1468954114,Updating
2024-01-28 14:54:05-08:00,2024-01-28 14:53:49-08:00,hortiz,hortiz,388,1468954114,Updating
2024-01-28 14:59:03-08:00,2024-01-28 14:59:03-08:00,anthonyjohnson,hortiz,388,1847648177,Empty
2024-01-28 14:59:03-08:00,2024-01-28 14:59:03-08:00,anthonyjohnson,hortiz,388,1468954985,Asking
2024-01-28 15:00:27-08:00,2024-01-28 15:00:27-08:00,hortiz,hortiz,388,1468955188,Updating
2024-01-28 15:00:27-08:00,2024-01-28 15:00:27-08:00,hortiz,hortiz,388,1847648458,Empty
2024-01-28 15:05:22-08:00,2024-01-28 15:05:22-08:00,anthonyjohnson,hortiz,388,1468955958,Thanking
2024-01-28 15:05:22-08:00,2024-01-28 15:05:22-08:00,anthonyjohnson,hortiz,388,1468955958,Directing
2024-01-28 15:05:22-08:00,2024-01-28 15:05:22-08:00,anthonyjohnson,hortiz,388,1847649284,Empty
2024-01-28 15:06:22-08:00,2024-01-28 15:06:22-08:00,hortiz,hortiz,388,1468956075,Asking
2024-01-28 15:06:22-08:00,2024-01-28 15:06:22-08:00,hortiz,hortiz,388,1847649466,Empty
2024-01-28 15:08:47-08:00,2024-01-28 15:08:47-08:00,anthonyjohnson,hortiz,388,1468956412,Directing
2024-01-28 15:08:47-08:00,2024-01-28 15:08:47-08:00,anthonyjohnson,hortiz,388,1468956412,Directing
2024-01-28 15:08:47-08:00,2024-01-28 15:08:47-08:00,anthonyjohnson,hortiz,388,1468956412,Criticizing
2024-01-28 15:08:47-08:00,2024-01-28 15:08:47-08:00,anthonyjohnson,hortiz,388,1847649847,Empty
2024-01-28 15:11:26-08:00,2024-01-28 15:11:26-08:00,anthonyjohnson,hortiz,388,1847650261,Empty
2024-01-28 15:11:26-08:00,2024-01-28 15:11:26-08:00,anthonyjohnson,hortiz,388,1468956843,Directing
2024-01-28 15:15:47-08:00,2024-01-28 15:15:47-08:00,hortiz,hortiz,388,1468958706,Updating
2024-01-28 15:15:47-08:00,2024-01-28 15:15:47-08:00,hortiz,hortiz,388,1468958706,Asking
2024-01-28 15:15:47-08:00,2024-01-28 15:15:47-08:00,hortiz,hortiz,388,1468958706,Asking
2024-01-28 15:15:47-08:00,2024-01-28 15:15:47-08:00,hortiz,hortiz,388,1847652349,Empty
2024-01-28 15:17:13-08:00,2024-01-28 15:17:13-08:00,anthonyjohnson,hortiz,388,1847652650,Empty
2024-01-28 15:17:43-08:00,2024-01-28 15:17:13-08:00,anthonyjohnson,hortiz,388,1468958987,Disagreeing
2024-01-28 15:17:43-08:00,2024-01-28 15:17:13-08:00,anthonyjohnson,hortiz,388,1468958987,Disagreeing
2024-01-28 15:17:43-08:00,2024-01-28 15:17:13-08:00,anthonyjohnson,hortiz,388,1468958987,Directing
2024-01-28 15:17:43-08:00,2024-01-28 15:17:13-08:00,anthonyjohnson,hortiz,388,1468958987,Directing
2024-01-28 15:18:59-08:00,2024-01-28 15:18:59-08:00,anthonyjohnson,hortiz,388,1847653019,Empty
2024-01-28 15:18:59-08:00,2024-01-28 15:18:59-08:00,anthonyjohnson,hortiz,388,1468959394,Directing
2024-01-28 15:18:59-08:00,2024-01-28 15:18:59-08:00,anthonyjohnson,hortiz,388,1468959394,Suggesting
2024-01-28 15:59:12-08:00,2024-01-28 15:58:57-08:00,anthonyjohnson,hortiz,388,1468967815,Criticizing
2024-01-28 15:59:12-08:00,2024-01-28 15:58:57-08:00,anthonyjohnson,hortiz,388,1468967815,Directing
2024-01-28 15:59:12-08:00,2024-01-28 15:58:57-08:00,anthonyjohnson,hortiz,388,1468967815,Directing
2024-01-28 15:59:12-08:00,2024-01-28 15:59:12-08:00,anthonyjohnson,hortiz,388,1847664543,Criticizing
2024-01-28 16:05:42-08:00,2024-01-28 16:05:29-08:00,anthonyjohnson,hortiz,388,1468968957,Directing
2024-01-28 16:05:42-08:00,2024-01-28 16:05:42-08:00,anthonyjohnson,hortiz,388,1847666107,Empty
2024-01-28 16:06:45-08:00,2024-01-28 16:06:45-08:00,hortiz,hortiz,388,1847666430,Empty
2024-01-28 16:06:45-08:00,2024-01-28 16:06:45-08:00,hortiz,hortiz,388,1468969147,Apologizing
2024-01-28 16:19:41-08:00,2024-01-28 16:19:41-08:00,anthonyjohnson,hortiz,388,1847671364,Empty
2024-01-28 16:19:42-08:00,2024-01-28 16:19:41-08:00,anthonyjohnson,hortiz,388,1468972464,Updating
2024-01-28 16:19:42-08:00,2024-01-28 16:19:41-08:00,anthonyjohnson,hortiz,388,1468972464,Directing
2024-01-28 16:21:37-08:00,2024-01-28 16:21:37-08:00,anthonyjohnson,hortiz,388,1847671913,Empty
2024-01-28 16:22:15-08:00,2024-01-28 16:22:15-08:00,hortiz,hortiz,388,1847672277,Empty
2024-01-28 16:22:15-08:00,2024-01-28 16:22:15-08:00,hortiz,hortiz,388,1468973011,Asking
2024-01-28 16:22:15-08:00,2024-01-28 16:22:15-08:00,hortiz,hortiz,388,1468973011,Criticizing
2024-01-28 16:23:21-08:00,2024-01-28 16:21:37-08:00,anthonyjohnson,hortiz,388,1468972785,Criticizing
2024-01-28 16:23:21-08:00,2024-01-28 16:21:37-08:00,anthonyjohnson,hortiz,388,1468972785,Directing
2024-01-28 16:23:38-08:00,2024-01-28 16:23:38-08:00,anthonyjohnson,hortiz,388,1468973349,Directing
2024-01-28 16:23:38-08:00,2024-01-28 16:23:38-08:00,anthonyjohnson,hortiz,388,1847672682,Empty
2024-01-28 16:26:43-08:00,2024-01-28 16:26:43-08:00,hortiz,hortiz,388,1847673665,Empty
2024-01-28 16:26:43-08:00,2024-01-28 16:26:43-08:00,hortiz,hortiz,388,1468974181,Updating
2024-01-28 16:27:18-08:00,2024-01-28 16:27:18-08:00,hortiz,hortiz,388,1847673843,Empty
2024-01-28 16:27:19-08:00,2024-01-28 16:27:18-08:00,hortiz,hortiz,388,1468974325,Asking
2024-01-28 16:27:19-08:00,2024-01-28 16:27:18-08:00,hortiz,hortiz,388,1468974325,Updating
2024-01-28 16:29:40-08:00,2024-01-28 16:29:40-08:00,anthonyjohnson,hortiz,388,1847674520,Empty
2024-01-28 16:30:50-08:00,2024-01-28 16:29:40-08:00,anthonyjohnson,hortiz,388,1468974823,Updating
2024-01-28 16:30:50-08:00,2024-01-28 16:29:40-08:00,anthonyjohnson,hortiz,388,1468974823,Directing
2024-01-28 16:31:06-08:00,2024-01-28 16:31:06-08:00,anthonyjohnson,hortiz,388,1468975073,Updating
2024-01-28 16:31:06-08:00,2024-01-28 16:31:06-08:00,anthonyjohnson,hortiz,388,1468975073,Apologizing
2024-01-28 16:31:06-08:00,2024-01-28 16:31:06-08:00,anthonyjohnson,hortiz,388,1847674918,Empty
2024-01-28 16:31:26-08:00,2024-01-28 16:31:26-08:00,hortiz,hortiz,388,1468975116,Asking
2024-01-28 16:31:26-08:00,2024-01-28 16:31:26-08:00,hortiz,hortiz,388,1468975116,Updating
2024-01-28 16:31:26-08:00,2024-01-28 16:31:26-08:00,hortiz,hortiz,388,1847674998,Empty
2024-01-28 16:32:42-08:00,2024-01-28 16:32:42-08:00,hortiz,hortiz,388,1468975395,Updating
2024-01-28 16:32:42-08:00,2024-01-28 16:32:42-08:00,hortiz,hortiz,388,1847675311,Empty
2024-01-28 16:34:14-08:00,2024-01-28 16:34:14-08:00,anthonyjohnson,hortiz,388,1468975775,Explaining
2024-01-28 16:34:14-08:00,2024-01-28 16:34:14-08:00,anthonyjohnson,hortiz,388,1468975775,Updating
2024-01-28 16:34:14-08:00,2024-01-28 16:34:14-08:00,anthonyjohnson,hortiz,388,1847675785,Empty
2024-01-28 16:36:09-08:00,2024-01-28 16:36:09-08:00,anthonyjohnson,hortiz,388,1468976120,Explaining
2024-01-28 16:36:09-08:00,2024-01-28 16:36:09-08:00,anthonyjohnson,hortiz,388,1468976120,Updating
2024-01-28 16:36:09-08:00,2024-01-28 16:36:09-08:00,anthonyjohnson,hortiz,388,1847676299,Empty
2024-01-28 16:37:51-08:00,2024-01-28 16:37:50-08:00,anthonyjohnson,hortiz,388,1468976529,Explaining
2024-01-28 16:37:51-08:00,2024-01-28 16:37:51-08:00,anthonyjohnson,hortiz,388,1847676890,Empty
2024-01-28 16:41:29-08:00,2024-01-28 16:41:29-08:00,anthonyjohnson,hortiz,388,1468977494,Criticizing
2024-01-28 16:41:29-08:00,2024-01-28 16:41:29-08:00,anthonyjohnson,hortiz,388,1847678050,Empty
2024-01-28 16:57:50-08:00,2024-01-28 16:57:50-08:00,anthonyjohnson,hortiz,388,1847683918,Empty
2024-01-28 16:57:50-08:00,2024-01-28 16:57:50-08:00,anthonyjohnson,hortiz,388,1468981637,Directing
2024-01-28 16:59:55-08:00,2024-01-28 16:59:54-08:00,hortiz,hortiz,388,1468982158,Updating
2024-01-28 16:59:55-08:00,2024-01-28 16:59:55-08:00,hortiz,hortiz,388,1847684853,Empty
2024-01-28 17:06:12-08:00,2024-01-28 17:06:12-08:00,anthonyjohnson,hortiz,388,1847688365,Approving
2024-01-28 17:56:33-08:00,2024-01-28 17:56:33-08:00,campbellrachel,hortiz,388,1847717433,Empty
2024-01-27 20:22:26-08:00,2024-01-27 18:18:24-08:00,campbellrachel,hwhite,393,1468719523,Asking
2024-01-27 20:22:26-08:00,2024-01-27 18:34:56-08:00,campbellrachel,hwhite,393,1468724003,Criticizing
2024-01-27 20:22:26-08:00,2024-01-27 18:34:56-08:00,campbellrachel,hwhite,393,1468724003,Updating
2024-01-27 20:22:26-08:00,2024-01-27 18:34:56-08:00,campbellrachel,hwhite,393,1468724003,Directing
2024-01-27 20:22:26-08:00,2024-01-27 18:34:56-08:00,campbellrachel,hwhite,393,1468724003,Updating
2024-01-27 20:22:26-08:00,2024-01-27 18:41:55-08:00,campbellrachel,hwhite,393,1468726039,Criticizing
2024-01-27 20:22:26-08:00,2024-01-27 18:41:55-08:00,campbellrachel,hwhite,393,1468726039,Directing
2024-01-27 20:22:26-08:00,2024-01-27 18:43:35-08:00,campbellrachel,hwhite,393,1468726143,Directing
2024-01-27 20:22:26-08:00,2024-01-27 19:57:52-08:00,campbellrachel,hwhite,393,1468734996,Criticizing
2024-01-27 20:22:26-08:00,2024-01-27 20:22:26-08:00,campbellrachel,hwhite,393,1847362907,Criticizing
2024-01-27 20:22:26-08:00,2024-01-27 20:22:26-08:00,campbellrachel,hwhite,393,1847362907,Directing
2024-01-28 13:32:43-08:00,2024-01-28 13:32:43-08:00,josephwatkins,hwhite,393,1468941284,Asking
2024-01-28 13:32:43-08:00,2024-01-28 13:32:43-08:00,josephwatkins,hwhite,393,1847633976,Empty
2024-01-28 13:44:59-08:00,2024-01-28 13:44:59-08:00,hwhite,hwhite,393,1847636530,Empty
2024-01-28 13:44:59-08:00,2024-01-28 13:44:59-08:00,hwhite,hwhite,393,1468943888,Explaining
2024-01-28 13:44:59-08:00,2024-01-28 13:44:59-08:00,hwhite,hwhite,393,1468943888,Explaining
2024-01-28 13:44:59-08:00,2024-01-28 13:44:59-08:00,hwhite,hwhite,393,1468943888,Explaining
2024-01-28 13:45:42-08:00,2024-01-28 13:45:42-08:00,hwhite,hwhite,393,1847636644,Empty
2024-01-28 13:45:42-08:00,2024-01-28 13:45:42-08:00,hwhite,hwhite,393,1468943996,Agreeing
2024-01-28 13:46:27-08:00,2024-01-28 13:46:27-08:00,hwhite,hwhite,393,1847636738,Empty
2024-01-28 13:46:27-08:00,2024-01-28 13:46:27-08:00,hwhite,hwhite,393,1468944104,Updating
2024-01-28 13:46:27-08:00,2024-01-28 13:46:27-08:00,hwhite,hwhite,393,1468944104,Updating
2024-01-28 20:46:41-08:00,2024-01-28 20:46:41-08:00,hwhite,hwhite,393,1847823659,Empty
2024-01-28 20:46:41-08:00,2024-01-28 20:46:41-08:00,hwhite,hwhite,393,1469072269,Criticizing
2024-03-22 12:42:24-07:00,2024-03-22 12:42:24-07:00,hortiz,anthonyjohnson,394,1955667374,Complimenting
2024-03-22 12:42:24-07:00,2024-03-22 12:42:24-07:00,hortiz,anthonyjohnson,394,1955667374,Criticizing
2024-03-22 12:42:24-07:00,2024-03-22 12:42:24-07:00,hortiz,anthonyjohnson,394,1955667374,Approving
2024-03-22 14:32:07-07:00,2024-03-22 14:32:07-07:00,hortiz,anthonyjohnson,394,1955832638,Updating
2024-01-25 17:45:29-08:00,2024-01-25 17:45:29-08:00,hwhite,hortiz,395,1844970562,Empty
2024-01-25 17:45:30-08:00,2024-01-25 17:45:29-08:00,hwhite,hortiz,395,1467147848,Criticizing
2024-01-25 17:45:30-08:00,2024-01-25 17:45:29-08:00,hwhite,hortiz,395,1467147848,Directing
2024-01-25 17:45:30-08:00,2024-01-25 17:45:29-08:00,hwhite,hortiz,395,1467147848,Criticizing
2024-01-25 17:45:30-08:00,2024-01-25 17:45:29-08:00,hwhite,hortiz,395,1467147848,Directing
2024-01-25 17:45:30-08:00,2024-01-25 17:45:29-08:00,hwhite,hortiz,395,1467147848,Updating
2024-01-25 17:45:30-08:00,2024-01-25 17:45:29-08:00,hwhite,hortiz,395,1467147848,Explaining
2024-01-25 17:45:30-08:00,2024-01-25 17:45:29-08:00,hwhite,hortiz,395,1467147848,Explaining
2024-01-25 17:47:38-08:00,2024-01-25 17:47:38-08:00,hwhite,hortiz,395,1844971836,Empty
2024-01-25 17:47:38-08:00,2024-01-25 17:47:38-08:00,hwhite,hortiz,395,1467148970,Updating
2024-01-25 17:47:38-08:00,2024-01-25 17:47:38-08:00,hwhite,hortiz,395,1467148970,Apologizing
2024-01-25 17:53:16-08:00,2024-01-25 17:53:15-08:00,hwhite,hortiz,395,1467151503,Criticizing
2024-01-25 17:53:16-08:00,2024-01-25 17:53:15-08:00,hwhite,hortiz,395,1467151503,Criticizing
2024-01-25 17:53:16-08:00,2024-01-25 17:53:15-08:00,hwhite,hortiz,395,1467151503,Criticizing
2024-01-25 17:53:16-08:00,2024-01-25 17:53:15-08:00,hwhite,hortiz,395,1467151503,Directing
2024-01-25 17:53:16-08:00,2024-01-25 17:53:15-08:00,hwhite,hortiz,395,1467151503,Suggesting
2024-01-25 17:53:16-08:00,2024-01-25 17:53:16-08:00,hwhite,hortiz,395,1844975057,Empty
2024-01-25 17:54:12-08:00,2024-01-25 17:54:11-08:00,hwhite,hortiz,395,1467152014,Criticizing
2024-01-25 17:54:12-08:00,2024-01-25 17:54:12-08:00,hwhite,hortiz,395,1844975650,Empty
2024-01-25 18:36:37-08:00,2024-01-25 18:36:37-08:00,hortiz,hortiz,395,1467170402,Updating
2024-01-25 18:36:37-08:00,2024-01-25 18:36:37-08:00,hortiz,hortiz,395,1845001076,Empty
2024-01-25 20:44:50-08:00,2024-01-25 20:44:50-08:00,hortiz,hortiz,395,1845064149,Empty
2024-01-25 20:44:51-08:00,2024-01-25 20:44:50-08:00,hortiz,hortiz,395,1467217625,Updating
2024-01-26 10:49:41-08:00,2024-01-26 10:49:41-08:00,hortiz,hortiz,395,1468025993,Updating
2024-01-26 10:49:41-08:00,2024-01-26 10:49:41-08:00,hortiz,hortiz,395,1846354230,Empty
2024-01-28 13:29:37-08:00,2024-01-28 13:29:37-08:00,josephwatkins,hortiz,395,1847633588,Empty
2024-01-28 13:29:37-08:00,2024-01-28 13:29:37-08:00,josephwatkins,hortiz,395,1468940871,Criticizing
2024-01-28 13:29:37-08:00,2024-01-28 13:29:37-08:00,josephwatkins,hortiz,395,1468940871,Criticizing
2024-01-28 13:29:37-08:00,2024-01-28 13:29:37-08:00,josephwatkins,hortiz,395,1468940871,Suggesting
2024-01-28 13:29:37-08:00,2024-01-28 13:29:37-08:00,josephwatkins,hortiz,395,1468940871,Directing
2024-01-28 13:45:01-08:00,2024-01-28 13:45:01-08:00,hortiz,hortiz,395,1847636534,Empty
2024-01-28 13:45:01-08:00,2024-01-28 13:45:01-08:00,hortiz,hortiz,395,1468943891,Updating
2024-01-28 13:53:09-08:00,2024-01-28 13:53:08-08:00,hwhite,hortiz,395,1468945043,Criticizing
2024-01-28 13:53:09-08:00,2024-01-28 13:53:08-08:00,hwhite,hortiz,395,1468945043,Directing
2024-01-28 13:53:09-08:00,2024-01-28 13:53:09-08:00,hwhite,hortiz,395,1847637662,Empty
2024-01-28 13:53:58-08:00,2024-01-28 13:53:58-08:00,hwhite,hortiz,395,1847637771,Empty
2024-01-28 13:53:58-08:00,2024-01-28 13:53:58-08:00,hwhite,hortiz,395,1468945148,Criticizing
2024-01-28 13:56:00-08:00,2024-01-28 13:56:00-08:00,hwhite,hortiz,395,1847638355,Empty
2024-01-28 13:56:00-08:00,2024-01-28 13:56:00-08:00,hwhite,hortiz,395,1468945616,Updating
2024-01-28 14:33:44-08:00,2024-01-28 14:33:44-08:00,hortiz,hortiz,395,1847644216,Empty
2024-01-28 14:36:24-08:00,2024-01-28 14:33:44-08:00,hortiz,hortiz,395,1468951247,Criticizing
2024-01-28 14:36:24-08:00,2024-01-28 14:33:44-08:00,hortiz,hortiz,395,1468951247,Asking
2024-02-18 22:08:55-08:00,2024-02-18 22:08:49-08:00,anthonyjohnson,hortiz,395,1494050025,Explaining
2024-02-18 22:08:55-08:00,2024-02-18 22:08:49-08:00,anthonyjohnson,hortiz,395,1494050025,Explaining
2024-02-18 22:08:55-08:00,2024-02-18 22:08:49-08:00,anthonyjohnson,hortiz,395,1494050025,Explaining
2024-02-18 22:08:55-08:00,2024-02-18 22:08:55-08:00,anthonyjohnson,hortiz,395,1887614924,Empty
2024-02-18 22:14:41-08:00,2024-02-18 22:14:41-08:00,anthonyjohnson,hortiz,395,1887622281,Empty
2024-02-18 22:14:41-08:00,2024-02-18 22:14:41-08:00,anthonyjohnson,hortiz,395,1494053512,Explaining
2024-02-18 22:14:41-08:00,2024-02-18 22:14:41-08:00,anthonyjohnson,hortiz,395,1494053512,Explaining
2024-02-18 22:16:18-08:00,2024-02-18 22:16:18-08:00,anthonyjohnson,hortiz,395,1887625761,Empty
2024-02-18 22:17:42-08:00,2024-02-18 22:16:18-08:00,anthonyjohnson,hortiz,395,1494055415,Directing
2024-02-19 10:44:38-08:00,2024-02-19 10:44:38-08:00,hortiz,hortiz,395,1889012788,Empty
2024-02-19 10:44:38-08:00,2024-02-19 10:44:38-08:00,hortiz,hortiz,395,1494925313,Complimenting
2024-02-19 10:44:38-08:00,2024-02-19 10:44:38-08:00,hortiz,hortiz,395,1494925313,Updating
2024-02-20 07:29:15-08:00,2024-02-20 06:59:57-08:00,anthonyjohnson,hortiz,395,1495972561,Suggesting
2024-02-20 07:29:15-08:00,2024-02-20 07:12:36-08:00,anthonyjohnson,hortiz,395,1495992474,Suggesting
2024-02-20 07:29:15-08:00,2024-02-20 07:12:36-08:00,anthonyjohnson,hortiz,395,1495992474,Updating
2024-02-20 07:29:15-08:00,2024-02-20 07:13:33-08:00,anthonyjohnson,hortiz,395,1495994377,Directing
2024-02-20 07:29:15-08:00,2024-02-20 07:13:33-08:00,anthonyjohnson,hortiz,395,1495994377,Criticizing
2024-02-20 07:29:15-08:00,2024-02-20 07:19:01-08:00,anthonyjohnson,hortiz,395,1496007060,Directing
2024-02-20 07:29:15-08:00,2024-02-20 07:19:01-08:00,anthonyjohnson,hortiz,395,1496007060,Updating
2024-02-20 07:29:15-08:00,2024-02-20 07:19:43-08:00,anthonyjohnson,hortiz,395,1496008065,Directing
2024-02-20 07:29:15-08:00,2024-02-20 07:19:43-08:00,anthonyjohnson,hortiz,395,1496008065,Directing
2024-02-20 07:29:15-08:00,2024-02-20 07:20:40-08:00,anthonyjohnson,hortiz,395,1496009514,Directing
2024-02-20 07:29:15-08:00,2024-02-20 07:21:21-08:00,anthonyjohnson,hortiz,395,1496010769,Directing
2024-02-20 07:29:15-08:00,2024-02-20 07:24:16-08:00,anthonyjohnson,hortiz,395,1496015406,Directing
2024-02-20 07:29:15-08:00,2024-02-20 07:27:16-08:00,anthonyjohnson,hortiz,395,1496020280,Directing
2024-02-20 07:29:15-08:00,2024-02-20 07:28:16-08:00,anthonyjohnson,hortiz,395,1496021965,Asking
2024-02-20 07:29:15-08:00,2024-02-20 07:28:16-08:00,anthonyjohnson,hortiz,395,1496021965,Directing
2024-02-20 07:29:15-08:00,2024-02-20 07:29:15-08:00,anthonyjohnson,hortiz,395,1890665966,Directing
2024-02-20 07:29:15-08:00,2024-02-20 07:29:15-08:00,anthonyjohnson,hortiz,395,1890665966,Updating
2024-02-21 15:33:24-08:00,2024-02-21 15:33:24-08:00,hortiz,hortiz,395,1894606291,Empty
2024-02-21 15:33:24-08:00,2024-02-21 15:33:24-08:00,hortiz,hortiz,395,1498438909,Updating
2024-02-21 15:33:24-08:00,2024-02-21 15:33:24-08:00,hortiz,hortiz,395,1498438909,Approving
2024-02-21 15:40:34-08:00,2024-02-21 15:40:34-08:00,hortiz,hortiz,395,1894612685,Empty
2024-02-21 15:40:35-08:00,2024-02-21 15:40:34-08:00,hortiz,hortiz,395,1498443345,Updating
2024-02-21 15:44:45-08:00,2024-02-21 15:44:45-08:00,hortiz,hortiz,395,1498445807,Disagreeing
2024-02-21 15:44:45-08:00,2024-02-21 15:44:45-08:00,hortiz,hortiz,395,1498445807,Updating
2024-02-21 15:44:45-08:00,2024-02-21 15:44:45-08:00,hortiz,hortiz,395,1894616348,Empty
2024-02-21 15:50:56-08:00,2024-02-21 15:50:56-08:00,hortiz,hortiz,395,1894621444,Empty
2024-02-21 15:50:56-08:00,2024-02-21 15:50:56-08:00,hortiz,hortiz,395,1498449451,Criticizing
2024-02-21 20:58:29-08:00,2024-02-21 20:58:29-08:00,anthonyjohnson,hortiz,395,1498641433,Updating
2024-02-21 20:58:29-08:00,2024-02-21 20:58:29-08:00,anthonyjohnson,hortiz,395,1498641433,Updating
2024-02-21 20:58:29-08:00,2024-02-21 20:58:29-08:00,anthonyjohnson,hortiz,395,1498641433,Directing
2024-02-21 20:58:29-08:00,2024-02-21 20:58:29-08:00,anthonyjohnson,hortiz,395,1894899414,Empty
2024-02-21 21:00:50-08:00,2024-02-21 21:00:50-08:00,anthonyjohnson,hortiz,395,1894901413,Empty
2024-02-21 21:00:50-08:00,2024-02-21 21:00:50-08:00,anthonyjohnson,hortiz,395,1498642645,Thanking
2024-02-21 21:00:50-08:00,2024-02-21 21:00:50-08:00,anthonyjohnson,hortiz,395,1498642645,Suggesting
2024-02-21 21:00:50-08:00,2024-02-21 21:00:50-08:00,anthonyjohnson,hortiz,395,1498642645,Updating
2024-02-21 21:01:16-08:00,2024-02-21 21:01:16-08:00,anthonyjohnson,hortiz,395,1894901742,Empty
2024-02-21 21:01:16-08:00,2024-02-21 21:01:16-08:00,anthonyjohnson,hortiz,395,1498642858,Directing
2024-02-21 21:01:49-08:00,2024-02-21 21:01:49-08:00,anthonyjohnson,hortiz,395,1498643158,Updating
2024-02-21 21:01:49-08:00,2024-02-21 21:01:49-08:00,anthonyjohnson,hortiz,395,1894902146,Empty
2024-02-21 21:14:07-08:00,2024-02-21 21:14:07-08:00,hortiz,hortiz,395,1498652264,Updating
2024-02-21 21:14:07-08:00,2024-02-21 21:14:07-08:00,hortiz,hortiz,395,1894919743,Empty
2024-02-21 21:39:55-08:00,2024-02-21 21:39:55-08:00,anthonyjohnson,hortiz,395,1894943286,Empty
2024-02-21 21:39:55-08:00,2024-02-21 21:39:55-08:00,anthonyjohnson,hortiz,395,1498671249,Approving
2024-02-21 21:39:55-08:00,2024-02-21 21:39:55-08:00,anthonyjohnson,hortiz,395,1498671249,Disagreeing
2024-02-21 21:39:55-08:00,2024-02-21 21:39:55-08:00,anthonyjohnson,hortiz,395,1498671249,Directing
2024-02-21 21:52:09-08:00,2024-02-21 21:52:09-08:00,anthonyjohnson,hortiz,395,1894962079,Empty
2024-02-21 21:52:10-08:00,2024-02-21 21:52:09-08:00,anthonyjohnson,hortiz,395,1498681472,Directing
2024-02-21 21:58:53-08:00,2024-02-21 21:58:53-08:00,anthonyjohnson,hortiz,395,1894979002,Empty
2024-01-25 18:04:36-08:00,2024-01-25 18:04:36-08:00,anthonyjohnson,hortiz,399,1844981801,Empty
2024-01-25 18:04:37-08:00,2024-01-25 18:04:36-08:00,anthonyjohnson,hortiz,399,1467156644,Directing
2024-01-25 18:08:03-08:00,2024-01-25 18:08:03-08:00,anthonyjohnson,hortiz,399,1844983959,Empty
2024-01-25 18:08:03-08:00,2024-01-25 18:08:03-08:00,anthonyjohnson,hortiz,399,1467158135,Directing
2024-01-25 18:08:49-08:00,2024-01-25 18:08:49-08:00,anthonyjohnson,hortiz,399,1467158465,Directing
2024-01-25 18:08:49-08:00,2024-01-25 18:08:49-08:00,anthonyjohnson,hortiz,399,1844984455,Empty
2024-01-25 18:14:24-08:00,2024-01-25 18:14:24-08:00,anthonyjohnson,hortiz,399,1844987642,Empty
2024-01-25 18:14:24-08:00,2024-01-25 18:14:24-08:00,anthonyjohnson,hortiz,399,1467160708,Criticizing
2024-01-25 18:15:38-08:00,2024-01-25 18:15:38-08:00,hortiz,hortiz,399,1844988434,Empty
2024-01-25 18:15:38-08:00,2024-01-25 18:15:38-08:00,hortiz,hortiz,399,1467161238,Updating
2024-01-25 18:15:41-08:00,2024-01-25 18:15:41-08:00,hortiz,hortiz,399,1467161253,Updating
2024-01-25 18:15:41-08:00,2024-01-25 18:15:41-08:00,hortiz,hortiz,399,1467161253,Updating
2024-01-25 18:15:41-08:00,2024-01-25 18:15:41-08:00,hortiz,hortiz,399,1844988463,Empty
2024-01-25 18:19:43-08:00,2024-01-25 18:19:43-08:00,anthonyjohnson,hortiz,399,1844990769,Empty
2024-01-25 18:19:43-08:00,2024-01-25 18:19:43-08:00,anthonyjohnson,hortiz,399,1467163007,Updating
2024-01-25 18:19:55-08:00,2024-01-25 18:19:55-08:00,anthonyjohnson,hortiz,399,1844990890,Empty
2024-01-25 18:19:55-08:00,2024-01-25 18:19:55-08:00,anthonyjohnson,hortiz,399,1467163108,Directing
2024-01-25 18:19:55-08:00,2024-01-25 18:19:55-08:00,anthonyjohnson,hortiz,399,1467163108,Updating
2024-01-25 18:21:00-08:00,2024-01-25 18:20:59-08:00,anthonyjohnson,hortiz,399,1467163603,Updating
2024-01-25 18:21:00-08:00,2024-01-25 18:20:59-08:00,anthonyjohnson,hortiz,399,1467163603,Agreeing
2024-01-25 18:21:00-08:00,2024-01-25 18:20:59-08:00,anthonyjohnson,hortiz,399,1467163603,Directing
2024-01-25 18:21:00-08:00,2024-01-25 18:21:00-08:00,anthonyjohnson,hortiz,399,1844991534,Empty
2024-01-25 18:21:17-08:00,2024-01-25 18:21:17-08:00,anthonyjohnson,hortiz,399,1844991719,Empty
2024-01-25 18:25:05-08:00,2024-01-25 18:25:05-08:00,anthonyjohnson,hortiz,399,1844994289,Empty
2024-01-26 10:09:08-08:00,2024-01-26 10:09:08-08:00,hortiz,anthonyjohnson,400,1846270742,Empty
2024-01-26 10:09:42-08:00,2024-01-26 10:09:08-08:00,hortiz,anthonyjohnson,400,1467976144,Criticizing
2024-01-26 10:41:23-08:00,2024-01-26 10:41:23-08:00,anthonyjohnson,anthonyjohnson,400,1846343526,Empty
2024-01-26 10:41:23-08:00,2024-01-26 10:41:23-08:00,anthonyjohnson,anthonyjohnson,400,1468016465,Agreeing
2024-01-26 10:41:23-08:00,2024-01-26 10:41:23-08:00,anthonyjohnson,anthonyjohnson,400,1468016465,Updating
2024-01-26 10:41:23-08:00,2024-01-26 10:41:23-08:00,anthonyjohnson,anthonyjohnson,400,1468016465,Directing
2024-01-26 10:41:23-08:00,2024-01-26 10:41:23-08:00,anthonyjohnson,anthonyjohnson,400,1468016465,Directing
2024-01-26 12:45:29-08:00,2024-01-26 12:45:29-08:00,anthonyjohnson,anthonyjohnson,400,1468130157,Updating
2024-01-26 12:45:29-08:00,2024-01-26 12:45:29-08:00,anthonyjohnson,anthonyjohnson,400,1846523699,Empty
2024-01-26 12:57:33-08:00,2024-01-26 12:57:33-08:00,anthonyjohnson,anthonyjohnson,400,1846538492,Empty
2024-01-26 12:57:33-08:00,2024-01-26 12:57:33-08:00,anthonyjohnson,anthonyjohnson,400,1468139748,Updating
2024-01-27 17:18:49-08:00,2024-01-27 17:18:49-08:00,hwhite,anthonyjohnson,400,1847346215,Approving
2024-01-27 17:18:49-08:00,2024-01-27 17:18:49-08:00,hwhite,anthonyjohnson,400,1847346215,Approving
2024-01-28 19:40:36-08:00,2024-01-28 19:40:36-08:00,hortiz,josephwatkins,402,1847779691,Empty
2024-01-28 19:40:36-08:00,2024-01-28 19:40:36-08:00,hortiz,josephwatkins,402,1469044789,Criticizing
2024-01-28 22:30:41-08:00,2024-01-28 22:30:41-08:00,hwhite,josephwatkins,402,1469128956,Directing
2024-01-28 22:30:41-08:00,2024-01-28 22:30:41-08:00,hwhite,josephwatkins,402,1847914966,Empty
2024-01-28 22:37:55-08:00,2024-01-28 22:37:55-08:00,hwhite,josephwatkins,402,1847922335,Approving
2024-01-28 22:37:55-08:00,2024-01-28 22:37:55-08:00,hwhite,josephwatkins,402,1847922335,Directing
2024-01-29 17:55:33-08:00,2024-01-29 17:55:33-08:00,hwhite,josephwatkins,402,1850094296,Approving
2024-01-30 01:24:29-08:00,2024-01-30 01:24:29-08:00,hortiz,josephwatkins,402,1850620573,Complimenting
2024-02-04 22:14:27-08:00,2024-02-04 22:14:27-08:00,hwhite,josephwatkins,402,1477710982,Criticizing
2024-02-04 22:14:27-08:00,2024-02-04 22:14:27-08:00,hwhite,josephwatkins,402,1477710982,Directing
2024-02-04 22:14:27-08:00,2024-02-04 22:14:27-08:00,hwhite,josephwatkins,402,1477710982,Directing
2024-02-04 22:14:27-08:00,2024-02-04 22:14:27-08:00,hwhite,josephwatkins,402,1861953963,Empty
2024-02-04 22:20:48-08:00,2024-02-04 22:20:48-08:00,hwhite,josephwatkins,402,1861959809,Criticizing
2024-02-04 22:20:48-08:00,2024-02-04 22:20:48-08:00,hwhite,josephwatkins,402,1861959809,Approving
2024-02-06 22:30:43-08:00,2024-02-06 22:30:43-08:00,anthonyjohnson,josephwatkins,402,1866993768,Approving
2024-02-06 23:20:14-08:00,2024-02-06 23:20:14-08:00,anthonyjohnson,josephwatkins,402,1867051755,Empty
2024-02-06 23:20:15-08:00,2024-02-06 23:20:14-08:00,anthonyjohnson,josephwatkins,402,1480993795,Directing
2024-02-06 23:20:15-08:00,2024-02-06 23:20:14-08:00,anthonyjohnson,josephwatkins,402,1480993795,Asking
2024-02-06 23:20:15-08:00,2024-02-06 23:20:14-08:00,anthonyjohnson,josephwatkins,402,1480993795,Criticizing
2024-02-06 23:50:54-08:00,2024-02-06 23:50:54-08:00,anthonyjohnson,josephwatkins,402,1867105221,Approving
2024-01-27 20:31:09-08:00,2024-01-27 20:31:09-08:00,campbellrachel,campbellrachel,403,1847388321,Empty
2024-01-27 20:31:09-08:00,2024-01-27 20:31:09-08:00,campbellrachel,campbellrachel,403,1468743310,Updating
2024-01-27 20:31:09-08:00,2024-01-27 20:31:09-08:00,campbellrachel,campbellrachel,403,1468743310,Updating
2024-01-28 11:44:08-08:00,2024-01-28 11:44:08-08:00,hwhite,campbellrachel,403,1847619798,Approving
2024-01-28 11:44:08-08:00,2024-01-28 11:44:08-08:00,hwhite,campbellrachel,403,1847619798,Updating
2024-01-28 16:53:34-08:00,2024-01-28 16:53:34-08:00,hortiz,campbellrachel,403,1847682315,Updating
2024-01-28 16:53:34-08:00,2024-01-28 16:53:34-08:00,hortiz,campbellrachel,403,1847682315,Approving
2024-01-28 17:34:01-08:00,2024-01-28 17:34:01-08:00,anthonyjohnson,campbellrachel,403,1847701580,Criticizing
2024-01-28 17:41:22-08:00,2024-01-28 17:41:22-08:00,anthonyjohnson,campbellrachel,403,1468995395,Criticizing
2024-01-28 17:41:22-08:00,2024-01-28 17:41:22-08:00,anthonyjohnson,campbellrachel,403,1847705025,Empty
2024-01-28 17:50:16-08:00,2024-01-28 17:50:16-08:00,anthonyjohnson,campbellrachel,403,1847710920,Empty
2024-01-28 17:50:17-08:00,2024-01-28 17:50:16-08:00,anthonyjohnson,campbellrachel,403,1468998751,Directing
2024-01-28 17:50:17-08:00,2024-01-28 17:50:16-08:00,anthonyjohnson,campbellrachel,403,1468998751,Asking
2024-01-28 17:50:17-08:00,2024-01-28 17:50:16-08:00,anthonyjohnson,campbellrachel,403,1468998751,Asking
2024-01-28 18:26:37-08:00,2024-01-28 18:26:37-08:00,hwhite,campbellrachel,403,1847736062,Empty
2024-01-28 18:26:37-08:00,2024-01-28 18:26:37-08:00,hwhite,campbellrachel,403,1469015922,Suggesting
2024-01-28 18:26:37-08:00,2024-01-28 18:26:37-08:00,hwhite,campbellrachel,403,1469015922,Directing
2024-01-28 19:40:53-08:00,2024-01-28 19:40:53-08:00,campbellrachel,campbellrachel,403,1469044918,Agreeing
2024-01-28 19:40:53-08:00,2024-01-28 19:40:53-08:00,campbellrachel,campbellrachel,403,1469044918,Criticizing
2024-01-28 19:40:53-08:00,2024-01-28 19:40:53-08:00,campbellrachel,campbellrachel,403,1469044918,Directing
2024-01-28 19:40:53-08:00,2024-01-28 19:40:53-08:00,campbellrachel,campbellrachel,403,1847779869,Empty
2024-01-28 19:42:01-08:00,2024-01-28 19:42:01-08:00,campbellrachel,campbellrachel,403,1469045337,Complimenting
2024-01-28 19:42:01-08:00,2024-01-28 19:42:01-08:00,campbellrachel,campbellrachel,403,1469045337,Updating
2024-01-28 19:42:01-08:00,2024-01-28 19:42:01-08:00,campbellrachel,campbellrachel,403,1469045337,Updating
2024-01-28 19:42:01-08:00,2024-01-28 19:42:01-08:00,campbellrachel,campbellrachel,403,1847780839,Empty
2024-01-29 10:17:17-08:00,2024-01-29 10:17:17-08:00,anthonyjohnson,campbellrachel,403,1849467880,Empty
2024-01-29 10:17:18-08:00,2024-01-29 10:17:17-08:00,anthonyjohnson,campbellrachel,403,1470014255,Thanking
2024-01-29 18:13:46-08:00,2024-01-29 18:13:46-08:00,hortiz,campbellrachel,403,1850108411,Approving
2024-01-29 18:20:25-08:00,2024-01-29 18:20:25-08:00,hwhite,campbellrachel,403,1850113337,Updating
2024-01-29 18:20:25-08:00,2024-01-29 18:20:25-08:00,hwhite,campbellrachel,403,1850113337,Approving
2024-01-28 11:53:43-08:00,2024-01-28 11:53:43-08:00,hwhite,campbellrachel,406,1468927686,Directing
2024-01-28 11:53:43-08:00,2024-01-28 11:53:43-08:00,hwhite,campbellrachel,406,1847621032,Empty
2024-01-28 11:55:01-08:00,2024-01-28 11:55:01-08:00,hwhite,campbellrachel,406,1847621176,Approving
2024-01-28 11:55:01-08:00,2024-01-28 11:55:01-08:00,hwhite,campbellrachel,406,1847621176,Thanking
2024-01-28 11:55:01-08:00,2024-01-28 11:55:01-08:00,hwhite,campbellrachel,406,1847621176,Criticizing
2024-01-28 14:05:58-08:00,2024-01-28 14:05:58-08:00,josephwatkins,campbellrachel,406,1847639871,Approving
2024-01-28 11:58:33-08:00,2024-01-28 11:58:33-08:00,hwhite,josephwatkins,407,1847621636,Approving
2024-01-28 11:58:33-08:00,2024-01-28 11:58:33-08:00,hwhite,josephwatkins,407,1847621636,Encouraging
2024-01-28 17:45:00-08:00,2024-01-28 17:45:00-08:00,campbellrachel,josephwatkins,407,1847706755,Empty
2024-01-27 22:48:26-08:00,2024-01-27 22:48:26-08:00,campbellrachel,anthonyjohnson,410,1847414452,Empty
2024-01-28 14:02:27-08:00,2024-01-28 14:02:27-08:00,campbellrachel,hwhite,412,1847639335,Approving
2024-01-29 11:05:33-08:00,2024-01-29 11:05:33-08:00,hortiz,hwhite,412,1849563853,Approving
2024-01-31 15:09:22-08:00,2024-01-31 15:09:22-08:00,campbellrachel,hwhite,412,1855049965,Empty
2024-02-02 21:39:21-08:00,2024-02-02 21:39:21-08:00,hortiz,hwhite,412,1860850025,Asking
2024-02-18 16:26:17-08:00,2024-02-18 16:26:17-08:00,hortiz,hwhite,412,1887375309,Empty
2024-02-18 16:26:18-08:00,2024-02-18 16:26:17-08:00,hortiz,hwhite,412,1493886573,Asking
2024-02-18 16:26:18-08:00,2024-02-18 16:26:17-08:00,hortiz,hwhite,412,1493886573,Updating
2024-02-18 16:27:15-08:00,2024-02-18 16:27:15-08:00,hortiz,hwhite,412,1493886781,Directing
2024-02-18 16:27:15-08:00,2024-02-18 16:27:15-08:00,hortiz,hwhite,412,1887375633,Empty
2024-02-18 16:29:12-08:00,2024-02-18 16:29:12-08:00,hortiz,hwhite,412,1887376221,Empty
2024-02-18 16:29:12-08:00,2024-02-18 16:29:12-08:00,hortiz,hwhite,412,1493887203,Directing
2024-02-18 16:30:34-08:00,2024-02-18 16:30:34-08:00,hwhite,hwhite,412,1493888496,Agreeing
2024-02-18 16:30:34-08:00,2024-02-18 16:30:34-08:00,hwhite,hwhite,412,1493888496,Updating
2024-02-18 16:30:34-08:00,2024-02-18 16:30:34-08:00,hwhite,hwhite,412,1493888496,Updating
2024-02-18 16:30:34-08:00,2024-02-18 16:30:34-08:00,hwhite,hwhite,412,1887378140,Empty
2024-02-18 18:24:21-08:00,2024-02-18 18:24:21-08:00,hortiz,hwhite,412,1887448367,Approving
2024-02-18 18:24:21-08:00,2024-02-18 18:24:21-08:00,hortiz,hwhite,412,1887448367,Complimenting
2024-02-22 22:45:03-08:00,2024-02-22 22:45:02-08:00,anthonyjohnson,hwhite,412,1500260815,Directing
2024-02-22 22:45:03-08:00,2024-02-22 22:45:03-08:00,anthonyjohnson,hwhite,412,1897452819,Empty
2024-02-22 22:45:29-08:00,2024-02-22 22:45:29-08:00,anthonyjohnson,hwhite,412,1897453206,Empty
2024-02-22 22:45:29-08:00,2024-02-22 22:45:29-08:00,anthonyjohnson,hwhite,412,1500261062,Directing
2024-02-22 22:49:27-08:00,2024-02-22 22:49:27-08:00,anthonyjohnson,hwhite,412,1897456583,Empty
2024-02-22 22:49:28-08:00,2024-02-22 22:49:27-08:00,anthonyjohnson,hwhite,412,1500263150,Directing
2024-02-22 22:52:41-08:00,2024-02-22 22:52:40-08:00,anthonyjohnson,hwhite,412,1500264902,Directing
2024-02-22 22:52:41-08:00,2024-02-22 22:52:41-08:00,anthonyjohnson,hwhite,412,1897459579,Empty
2024-02-22 22:53:01-08:00,2024-02-22 22:53:01-08:00,anthonyjohnson,hwhite,412,1897459904,Empty
2024-02-22 22:53:01-08:00,2024-02-22 22:53:01-08:00,anthonyjohnson,hwhite,412,1500265087,Updating
2024-02-22 22:54:02-08:00,2024-02-22 22:54:02-08:00,anthonyjohnson,hwhite,412,1897460870,Empty
2024-02-22 22:54:02-08:00,2024-02-22 22:54:02-08:00,anthonyjohnson,hwhite,412,1500265641,Criticizing
2024-02-22 22:54:32-08:00,2024-02-22 22:54:32-08:00,anthonyjohnson,hwhite,412,1500265948,Directing
2024-02-22 22:54:32-08:00,2024-02-22 22:54:32-08:00,anthonyjohnson,hwhite,412,1897461427,Empty
2024-02-22 23:01:53-08:00,2024-02-22 23:01:53-08:00,anthonyjohnson,hwhite,412,1897468304,Empty
2024-02-22 23:01:54-08:00,2024-02-22 23:01:53-08:00,anthonyjohnson,hwhite,412,1500269845,Directing
2024-02-22 23:03:10-08:00,2024-02-22 23:03:10-08:00,anthonyjohnson,hwhite,412,1897469468,Empty
2024-02-22 23:03:10-08:00,2024-02-22 23:03:10-08:00,anthonyjohnson,hwhite,412,1500270561,Directing
2024-02-22 23:09:49-08:00,2024-02-22 23:09:48-08:00,anthonyjohnson,hwhite,412,1500274580,Directing
2024-02-22 23:09:49-08:00,2024-02-22 23:09:49-08:00,anthonyjohnson,hwhite,412,1897475902,Empty
2024-02-23 12:09:37-08:00,2024-02-23 12:09:37-08:00,hwhite,hwhite,412,1501121582,Updating
2024-02-23 12:09:37-08:00,2024-02-23 12:09:37-08:00,hwhite,hwhite,412,1501121582,Agreeing
2024-02-23 12:09:37-08:00,2024-02-23 12:09:37-08:00,hwhite,hwhite,412,1898855322,Empty
2024-02-23 12:56:36-08:00,2024-02-23 12:56:35-08:00,anthonyjohnson,hwhite,412,1501157766,Directing
2024-02-23 12:56:36-08:00,2024-02-23 12:56:36-08:00,anthonyjohnson,hwhite,412,1898917809,Empty
2024-02-23 12:57:31-08:00,2024-02-23 12:57:31-08:00,anthonyjohnson,hwhite,412,1501158434,Directing
2024-02-23 12:57:31-08:00,2024-02-23 12:57:31-08:00,anthonyjohnson,hwhite,412,1898918875,Empty
2024-02-23 12:57:42-08:00,2024-02-23 12:57:41-08:00,anthonyjohnson,hwhite,412,1501158612,Directing
2024-02-23 12:57:42-08:00,2024-02-23 12:57:42-08:00,anthonyjohnson,hwhite,412,1898919078,Empty
2024-02-23 12:58:18-08:00,2024-02-23 12:58:18-08:00,anthonyjohnson,hwhite,412,1898919938,Directing
2024-02-23 13:04:39-08:00,2024-02-23 13:04:39-08:00,anthonyjohnson,hwhite,412,1501164003,Directing
2024-02-23 13:04:39-08:00,2024-02-23 13:04:39-08:00,anthonyjohnson,hwhite,412,1501164003,Explaining
2024-02-23 13:04:39-08:00,2024-02-23 13:04:39-08:00,anthonyjohnson,hwhite,412,1898928647,Empty
2024-02-23 13:05:37-08:00,2024-02-23 13:05:37-08:00,anthonyjohnson,hwhite,412,1898930033,Empty
2024-02-23 13:05:38-08:00,2024-02-23 13:05:37-08:00,anthonyjohnson,hwhite,412,1501164686,Directing
2024-02-23 13:05:38-08:00,2024-02-23 13:05:37-08:00,anthonyjohnson,hwhite,412,1501164686,Directing
2024-02-25 20:08:50-08:00,2024-02-25 20:08:50-08:00,anthonyjohnson,hwhite,412,1899924269,Approving
2024-02-25 20:08:50-08:00,2024-02-25 20:08:50-08:00,anthonyjohnson,hwhite,412,1899924269,Updating
2024-02-25 20:15:26-08:00,2024-02-25 20:15:26-08:00,anthonyjohnson,hwhite,412,1899928106,Approving
2024-01-28 16:47:21-08:00,2024-01-28 16:47:21-08:00,hortiz,anthonyjohnson,414,1847680019,Approving
2024-01-28 16:47:21-08:00,2024-01-28 16:47:21-08:00,hortiz,anthonyjohnson,414,1847680019,Asking
2024-01-28 16:50:28-08:00,2024-01-28 16:50:28-08:00,hwhite,anthonyjohnson,414,1847681146,Approving
2024-01-28 18:27:36-08:00,2024-01-28 18:27:36-08:00,hwhite,anthonyjohnson,423,1847736653,Complimenting
2024-01-28 20:41:17-08:00,2024-01-28 20:41:17-08:00,anthonyjohnson,hortiz,425,1847818656,Empty
2024-01-28 20:41:18-08:00,2024-01-28 20:41:17-08:00,anthonyjohnson,hortiz,425,1469069462,Directing
2024-01-28 20:41:37-08:00,2024-01-28 20:41:37-08:00,anthonyjohnson,hortiz,425,1469069622,Directing
2024-01-28 20:41:37-08:00,2024-01-28 20:41:37-08:00,anthonyjohnson,hortiz,425,1847818830,Empty
2024-01-28 22:49:39-08:00,2024-01-28 22:49:39-08:00,anthonyjohnson,hortiz,425,1847934174,Empty
2024-01-28 22:49:39-08:00,2024-01-28 22:49:39-08:00,anthonyjohnson,hortiz,425,1469140791,Directing
2024-01-28 22:51:37-08:00,2024-01-28 22:51:37-08:00,anthonyjohnson,hortiz,425,1847936235,Agreeing
2024-01-28 22:51:37-08:00,2024-01-28 22:51:37-08:00,anthonyjohnson,hortiz,425,1847936235,Complimenting
2024-01-30 01:17:45-08:00,2024-01-30 01:17:45-08:00,anthonyjohnson,hwhite,426,1850602947,Empty
2024-01-30 01:17:46-08:00,2024-01-30 01:17:45-08:00,anthonyjohnson,hwhite,426,1470827093,Directing
2024-01-30 01:17:46-08:00,2024-01-30 01:17:45-08:00,anthonyjohnson,hwhite,426,1470827093,Criticizing
2024-01-30 01:17:46-08:00,2024-01-30 01:17:45-08:00,anthonyjohnson,hwhite,426,1470827093,Updating
2024-01-30 01:18:52-08:00,2024-01-30 01:18:52-08:00,anthonyjohnson,hwhite,426,1850606521,Empty
2024-01-30 01:18:53-08:00,2024-01-30 01:18:52-08:00,anthonyjohnson,hwhite,426,1470829484,Asking
2024-01-30 01:23:03-08:00,2024-01-30 01:23:03-08:00,anthonyjohnson,hwhite,426,1470835327,Criticizing
2024-01-30 01:23:03-08:00,2024-01-30 01:23:03-08:00,anthonyjohnson,hwhite,426,1850616801,Empty
2024-01-30 01:25:58-08:00,2024-01-30 01:25:58-08:00,anthonyjohnson,hwhite,426,1850623885,Empty
2024-01-30 01:25:58-08:00,2024-01-30 01:25:58-08:00,anthonyjohnson,hwhite,426,1470839400,Disagreeing
2024-01-30 01:25:58-08:00,2024-01-30 01:25:58-08:00,anthonyjohnson,hwhite,426,1470839400,Directing
2024-01-31 14:20:21-08:00,2024-01-31 13:31:50-08:00,campbellrachel,hwhite,426,1473488943,Asking
2024-01-31 14:20:21-08:00,2024-01-31 13:34:08-08:00,campbellrachel,hwhite,426,1473490804,Asking
2024-01-31 14:20:21-08:00,2024-01-31 13:36:05-08:00,campbellrachel,hwhite,426,1473492861,Directing
2024-01-31 14:20:21-08:00,2024-01-31 13:44:17-08:00,campbellrachel,hwhite,426,1473502697,Directing
2024-01-31 14:20:21-08:00,2024-01-31 13:44:27-08:00,campbellrachel,hwhite,426,1473502822,Directing
2024-01-31 14:20:21-08:00,2024-01-31 14:07:37-08:00,campbellrachel,hwhite,426,1473526829,Directing
2024-01-31 14:20:21-08:00,2024-01-31 14:09:23-08:00,campbellrachel,hwhite,426,1473528187,Directing
2024-01-31 14:20:21-08:00,2024-01-31 14:18:50-08:00,campbellrachel,hwhite,426,1473537206,Asking
2024-01-31 14:20:21-08:00,2024-01-31 14:18:50-08:00,campbellrachel,hwhite,426,1473537206,Criticizing
2024-01-31 14:20:21-08:00,2024-01-31 14:20:05-08:00,campbellrachel,hwhite,426,1473538665,Criticizing
2024-01-31 14:20:21-08:00,2024-01-31 14:20:21-08:00,campbellrachel,hwhite,426,1854877605,Updating
2024-01-31 14:20:21-08:00,2024-01-31 14:20:21-08:00,campbellrachel,hwhite,426,1854877605,Thanking
2024-02-01 17:08:49-08:00,2024-02-01 17:08:49-08:00,hwhite,hwhite,426,1858056082,Empty
2024-02-01 17:08:50-08:00,2024-02-01 17:08:49-08:00,hwhite,hwhite,426,1475394286,Apologizing
2024-02-01 17:08:50-08:00,2024-02-01 17:08:49-08:00,hwhite,hwhite,426,1475394286,Updating
2024-02-01 17:08:50-08:00,2024-02-01 17:08:49-08:00,hwhite,hwhite,426,1475394286,Updating
2024-02-01 17:11:32-08:00,2024-02-01 17:11:32-08:00,hwhite,hwhite,426,1475395887,Updating
2024-02-01 17:11:32-08:00,2024-02-01 17:11:32-08:00,hwhite,hwhite,426,1475395887,Updating
2024-02-01 17:11:32-08:00,2024-02-01 17:11:32-08:00,hwhite,hwhite,426,1858059199,Empty
2024-02-01 17:14:19-08:00,2024-02-01 17:14:19-08:00,hwhite,hwhite,426,1858063930,Empty
2024-02-01 17:14:19-08:00,2024-02-01 17:14:19-08:00,hwhite,hwhite,426,1475397929,Explaining
2024-02-01 17:14:19-08:00,2024-02-01 17:14:19-08:00,hwhite,hwhite,426,1475397929,Explaining
2024-02-01 17:15:35-08:00,2024-02-01 17:15:35-08:00,hwhite,hwhite,426,1475398489,Agreeing
2024-02-01 17:15:35-08:00,2024-02-01 17:15:35-08:00,hwhite,hwhite,426,1475398489,Updating
2024-02-01 17:15:35-08:00,2024-02-01 17:15:35-08:00,hwhite,hwhite,426,1858064781,Empty
2024-02-01 17:16:25-08:00,2024-02-01 17:16:24-08:00,hwhite,hwhite,426,1475399309,Disagreeing
2024-02-01 17:16:25-08:00,2024-02-01 17:16:24-08:00,hwhite,hwhite,426,1475399309,Directing
2024-02-01 17:16:25-08:00,2024-02-01 17:16:25-08:00,hwhite,hwhite,426,1858066175,Empty
2024-02-01 21:26:05-08:00,2024-02-01 21:26:05-08:00,hwhite,hwhite,426,1475553477,Agreeing
2024-02-01 21:26:05-08:00,2024-02-01 21:26:05-08:00,hwhite,hwhite,426,1858334507,Empty
2024-02-01 22:08:05-08:00,2024-02-01 22:08:05-08:00,anthonyjohnson,hwhite,426,1858391782,Empty
2024-02-01 22:08:05-08:00,2024-02-01 22:08:05-08:00,anthonyjohnson,hwhite,426,1475582391,Updating
2024-02-01 22:08:05-08:00,2024-02-01 22:08:05-08:00,anthonyjohnson,hwhite,426,1475582391,Updating
2024-02-04 00:26:16-08:00,2024-02-04 00:26:16-08:00,campbellrachel,hwhite,426,1861314502,Approving
2024-02-04 00:26:16-08:00,2024-02-04 00:26:16-08:00,campbellrachel,hwhite,426,1861314502,Updating
2024-02-04 10:41:59-08:00,2024-02-04 10:41:59-08:00,hortiz,hwhite,426,1861539640,Approving
2024-02-04 16:29:44-08:00,2024-02-04 16:29:44-08:00,campbellrachel,hwhite,426,1861654194,Empty
2024-02-04 16:45:10-08:00,2024-02-04 16:45:10-08:00,anthonyjohnson,hwhite,426,1477525910,Criticizing
2024-02-04 16:45:10-08:00,2024-02-04 16:45:10-08:00,anthonyjohnson,hwhite,426,1477525910,Directing
2024-02-04 16:45:10-08:00,2024-02-04 16:45:10-08:00,anthonyjohnson,hwhite,426,1861663741,Empty
2024-02-04 16:45:22-08:00,2024-02-04 16:45:22-08:00,anthonyjohnson,hwhite,426,1861663830,Directing
2024-02-04 18:06:28-08:00,2024-02-04 18:06:28-08:00,anthonyjohnson,hwhite,426,1861743108,Empty
2024-02-04 18:12:15-08:00,2024-02-04 18:12:15-08:00,anthonyjohnson,hwhite,426,1861748817,Criticizing
2024-02-04 19:03:28-08:00,2024-02-04 19:03:28-08:00,anthonyjohnson,hwhite,426,1861816368,Approving
2024-01-28 22:22:31-08:00,2024-01-28 22:22:31-08:00,hwhite,anthonyjohnson,427,1847906665,Approving
2024-01-28 22:23:19-08:00,2024-01-28 22:23:19-08:00,josephwatkins,anthonyjohnson,427,1847907446,Empty
2024-01-30 00:11:39-08:00,2024-01-30 00:11:39-08:00,hwhite,josephwatkins,435,1850466956,Approving
2024-01-30 00:11:39-08:00,2024-01-30 00:11:39-08:00,hwhite,josephwatkins,435,1850466956,Updating
2024-01-30 01:05:16-08:00,2024-01-30 01:05:16-08:00,anthonyjohnson,josephwatkins,435,1850573551,Updating
2024-01-30 01:05:16-08:00,2024-01-30 01:05:16-08:00,anthonyjohnson,josephwatkins,435,1850573551,Approving
2024-01-30 02:36:59-08:00,2024-01-30 02:36:59-08:00,campbellrachel,anthonyjohnson,436,1850841504,Empty
2024-02-04 11:50:15-08:00,2024-02-04 11:50:15-08:00,hortiz,campbellrachel,444,1861548222,Approving
2024-01-31 17:53:56-08:00,2024-01-31 17:53:56-08:00,anthonyjohnson,campbellrachel,447,1855232689,Approving
2024-02-01 00:57:28-08:00,2024-02-01 00:57:28-08:00,anthonyjohnson,campbellrachel,451,1855906744,Empty
2024-02-01 19:35:57-08:00,2024-02-01 19:35:57-08:00,hortiz,anthonyjohnson,455,1858206830,Empty
2024-02-01 19:35:57-08:00,2024-02-01 19:35:57-08:00,hortiz,anthonyjohnson,455,1475481838,Asking
2024-02-01 19:36:44-08:00,2024-02-01 19:36:44-08:00,hortiz,anthonyjohnson,455,1475482102,Updating
2024-02-01 19:36:44-08:00,2024-02-01 19:36:44-08:00,hortiz,anthonyjohnson,455,1858207256,Empty
2024-02-01 19:46:58-08:00,2024-02-01 19:46:58-08:00,anthonyjohnson,anthonyjohnson,455,1858216607,Empty
2024-02-01 19:46:58-08:00,2024-02-01 19:46:58-08:00,anthonyjohnson,anthonyjohnson,455,1475488001,Directing
2024-02-01 19:46:58-08:00,2024-02-01 19:46:58-08:00,anthonyjohnson,anthonyjohnson,455,1475488001,Directing
2024-02-01 19:52:53-08:00,2024-02-01 19:52:53-08:00,hortiz,anthonyjohnson,455,1475491278,Approving
2024-02-01 19:52:53-08:00,2024-02-01 19:52:53-08:00,hortiz,anthonyjohnson,455,1858225694,Empty
2024-02-01 19:53:13-08:00,2024-02-01 19:53:13-08:00,hortiz,anthonyjohnson,455,1858226176,Approving
2024-02-02 23:06:46-08:00,2024-02-02 23:06:46-08:00,hortiz,anthonyjohnson,458,1860907184,Approving
2024-02-02 23:06:46-08:00,2024-02-02 23:06:46-08:00,hortiz,anthonyjohnson,458,1860907184,Approving
2024-02-04 16:27:12-08:00,2024-02-04 16:27:12-08:00,campbellrachel,anthonyjohnson,458,1861653355,Approving
2024-02-04 19:28:48-08:00,2024-02-04 19:28:48-08:00,josephwatkins,anthonyjohnson,458,1861832932,Approving
2024-02-04 19:28:48-08:00,2024-02-04 19:28:48-08:00,josephwatkins,anthonyjohnson,458,1861832932,Thanking
2024-02-13 15:43:52-08:00,2024-02-13 15:43:52-08:00,hwhite,anthonyjohnson,462,1879139556,Approving
2024-02-13 15:43:52-08:00,2024-02-13 15:43:52-08:00,hwhite,anthonyjohnson,462,1879139556,Approving
2024-02-13 19:14:53-08:00,2024-02-13 19:14:53-08:00,hortiz,anthonyjohnson,462,1879297466,Approving
2024-02-26 11:37:37-08:00,2024-02-26 11:37:37-08:00,campbellrachel,hwhite,466,1901836996,Empty
2024-02-26 11:42:29-08:00,2024-02-26 11:42:29-08:00,campbellrachel,hwhite,466,1901845572,Directing
2024-02-04 18:22:57-08:00,2024-02-04 18:22:57-08:00,anthonyjohnson,campbellrachel,468,1861758216,Approving
2024-02-05 16:18:31-08:00,2024-02-05 16:18:31-08:00,anthonyjohnson,hortiz,472,1479079963,Directing
2024-02-05 16:18:31-08:00,2024-02-05 16:18:31-08:00,anthonyjohnson,hortiz,472,1864071374,Empty
2024-02-05 16:19:34-08:00,2024-02-05 16:19:34-08:00,anthonyjohnson,hortiz,472,1864072358,Empty
2024-02-05 16:19:34-08:00,2024-02-05 16:19:34-08:00,anthonyjohnson,hortiz,472,1479080678,Directing
2024-02-05 16:21:44-08:00,2024-02-05 16:21:44-08:00,anthonyjohnson,hortiz,472,1479081996,Suggesting
2024-02-05 16:21:44-08:00,2024-02-05 16:21:44-08:00,anthonyjohnson,hortiz,472,1479081996,Asking
2024-02-05 16:21:44-08:00,2024-02-05 16:21:44-08:00,anthonyjohnson,hortiz,472,1864074169,Empty
2024-02-05 16:22:54-08:00,2024-02-05 16:22:54-08:00,anthonyjohnson,hortiz,472,1864075096,Empty
2024-02-05 16:25:08-08:00,2024-02-05 16:25:08-08:00,anthonyjohnson,hortiz,472,1479083848,Asking
2024-02-05 16:25:08-08:00,2024-02-05 16:25:08-08:00,anthonyjohnson,hortiz,472,1479083848,Asking
2024-02-05 16:25:08-08:00,2024-02-05 16:25:08-08:00,anthonyjohnson,hortiz,472,1864076857,Empty
2024-02-05 16:33:25-08:00,2024-02-05 16:33:25-08:00,anthonyjohnson,hortiz,472,1864083738,Empty
2024-02-05 16:33:25-08:00,2024-02-05 16:33:25-08:00,anthonyjohnson,hortiz,472,1479088650,Asking
2024-02-05 16:39:59-08:00,2024-02-05 16:39:59-08:00,anthonyjohnson,hortiz,472,1479092145,Criticizing
2024-02-05 16:39:59-08:00,2024-02-05 16:39:59-08:00,anthonyjohnson,hortiz,472,1864088863,Empty
2024-02-05 16:41:46-08:00,2024-02-05 16:41:46-08:00,anthonyjohnson,hortiz,472,1864090531,Empty
2024-02-05 16:41:46-08:00,2024-02-05 16:41:46-08:00,anthonyjohnson,hortiz,472,1479093301,Asking
2024-02-05 16:45:18-08:00,2024-02-05 16:45:18-08:00,anthonyjohnson,hortiz,472,1479095199,Directing
2024-02-05 16:45:18-08:00,2024-02-05 16:45:18-08:00,anthonyjohnson,hortiz,472,1479095199,Directing
2024-02-05 16:45:18-08:00,2024-02-05 16:45:18-08:00,anthonyjohnson,hortiz,472,1479095199,Updating
2024-02-05 16:45:18-08:00,2024-02-05 16:45:18-08:00,anthonyjohnson,hortiz,472,1479095199,Asking
2024-02-05 16:45:18-08:00,2024-02-05 16:45:18-08:00,anthonyjohnson,hortiz,472,1864093184,Empty
2024-02-05 16:53:27-08:00,2024-02-05 16:22:54-08:00,anthonyjohnson,hortiz,472,1479082553,Directing
2024-02-06 11:54:10-08:00,2024-02-06 11:54:10-08:00,hortiz,hortiz,472,1480463342,Updating
2024-02-06 11:54:10-08:00,2024-02-06 11:54:10-08:00,hortiz,hortiz,472,1480463342,Agreeing
2024-02-06 11:54:10-08:00,2024-02-06 11:54:10-08:00,hortiz,hortiz,472,1480463342,Asking
2024-02-06 11:54:10-08:00,2024-02-06 11:54:10-08:00,hortiz,hortiz,472,1866198669,Empty
2024-02-06 11:55:43-08:00,2024-02-06 11:55:43-08:00,hortiz,hortiz,472,1866201972,Empty
2024-02-06 11:55:43-08:00,2024-02-06 11:55:43-08:00,hortiz,hortiz,472,1480465106,Agreeing
2024-02-06 11:55:43-08:00,2024-02-06 11:55:43-08:00,hortiz,hortiz,472,1480465106,Updating
2024-02-06 11:55:43-08:00,2024-02-06 11:55:43-08:00,hortiz,hortiz,472,1480465106,Updating
2024-02-06 11:56:26-08:00,2024-02-06 11:56:26-08:00,hortiz,hortiz,472,1866203088,Empty
2024-02-06 11:57:57-08:00,2024-02-06 11:57:57-08:00,hortiz,hortiz,472,1866205679,Empty
2024-02-06 11:57:57-08:00,2024-02-06 11:57:57-08:00,hortiz,hortiz,472,1480467410,Agreeing
2024-02-06 11:57:57-08:00,2024-02-06 11:57:57-08:00,hortiz,hortiz,472,1480467410,Agreeing
2024-02-06 12:01:51-08:00,2024-02-06 11:56:26-08:00,hortiz,hortiz,472,1480465863,Updating
2024-02-06 12:38:51-08:00,2024-02-06 12:38:51-08:00,anthonyjohnson,hortiz,472,1866274486,Empty
2024-02-06 12:39:30-08:00,2024-02-06 12:38:51-08:00,anthonyjohnson,hortiz,472,1480511436,Suggesting
2024-02-06 12:39:30-08:00,2024-02-06 12:38:51-08:00,anthonyjohnson,hortiz,472,1480511436,Directing
2024-02-06 12:39:30-08:00,2024-02-06 12:38:51-08:00,anthonyjohnson,hortiz,472,1480511436,Directing
2024-02-06 12:40:11-08:00,2024-02-06 12:40:11-08:00,anthonyjohnson,hortiz,472,1480512858,Agreeing
2024-02-06 12:40:11-08:00,2024-02-06 12:40:11-08:00,anthonyjohnson,hortiz,472,1866276486,Empty
2024-02-06 12:40:51-08:00,2024-02-06 12:40:51-08:00,anthonyjohnson,hortiz,472,1480513522,Suggesting
2024-02-06 12:40:51-08:00,2024-02-06 12:40:51-08:00,anthonyjohnson,hortiz,472,1480513522,Suggesting
2024-02-06 12:40:51-08:00,2024-02-06 12:40:51-08:00,anthonyjohnson,hortiz,472,1866277503,Empty
2024-02-06 12:47:09-08:00,2024-02-06 12:47:09-08:00,hortiz,hortiz,472,1480520682,Agreeing
2024-02-06 12:47:09-08:00,2024-02-06 12:47:09-08:00,hortiz,hortiz,472,1480520682,Directing
2024-02-06 12:47:09-08:00,2024-02-06 12:47:09-08:00,hortiz,hortiz,472,1866288980,Empty
2024-02-06 14:14:44-08:00,2024-02-06 14:14:44-08:00,anthonyjohnson,hortiz,472,1480604762,Directing
2024-02-06 14:14:44-08:00,2024-02-06 14:14:44-08:00,anthonyjohnson,hortiz,472,1866427754,Empty
2024-02-06 14:14:57-08:00,2024-02-06 14:14:57-08:00,anthonyjohnson,hortiz,472,1480604953,Directing
2024-02-06 14:14:57-08:00,2024-02-06 14:14:57-08:00,anthonyjohnson,hortiz,472,1866428002,Empty
2024-02-06 14:19:12-08:00,2024-02-06 14:19:12-08:00,anthonyjohnson,hortiz,472,1866433090,Empty
2024-02-06 14:19:12-08:00,2024-02-06 14:19:12-08:00,anthonyjohnson,hortiz,472,1480608346,Directing
2024-02-06 14:29:29-08:00,2024-02-06 14:29:29-08:00,hortiz,hortiz,472,1866445232,Empty
2024-02-06 14:29:29-08:00,2024-02-06 14:29:29-08:00,hortiz,hortiz,472,1480616219,Agreeing
2024-02-06 14:31:37-08:00,2024-02-06 14:31:37-08:00,hortiz,hortiz,472,1480617833,Updating
2024-02-06 14:31:37-08:00,2024-02-06 14:31:37-08:00,hortiz,hortiz,472,1866447621,Empty
2024-02-06 20:25:22-08:00,2024-02-06 20:25:17-08:00,campbellrachel,hortiz,472,1480880004,Directing
2024-02-06 20:25:22-08:00,2024-02-06 20:25:17-08:00,campbellrachel,hortiz,472,1480880004,Explaining
2024-02-06 20:25:22-08:00,2024-02-06 20:25:22-08:00,campbellrachel,hortiz,472,1866882138,Empty
2024-02-06 20:49:02-08:00,2024-02-06 20:49:02-08:00,hortiz,hortiz,472,1866899510,Empty
2024-02-06 20:49:02-08:00,2024-02-06 20:49:02-08:00,hortiz,hortiz,472,1480892353,Updating
2024-02-06 20:51:16-08:00,2024-02-06 20:51:03-08:00,campbellrachel,hortiz,472,1480893330,Explaining
2024-02-06 20:51:16-08:00,2024-02-06 20:51:16-08:00,campbellrachel,hortiz,472,1866900977,Empty
2024-02-06 21:33:23-08:00,2024-02-06 21:33:23-08:00,anthonyjohnson,hortiz,472,1866937374,Empty
2024-02-06 21:33:24-08:00,2024-02-06 21:33:23-08:00,anthonyjohnson,hortiz,472,1480917957,Criticizing
2024-02-06 21:33:24-08:00,2024-02-06 21:33:23-08:00,anthonyjohnson,hortiz,472,1480917957,Directing
2024-02-06 21:34:16-08:00,2024-02-06 21:34:16-08:00,anthonyjohnson,hortiz,472,1866938313,Empty
2024-02-06 21:34:16-08:00,2024-02-06 21:34:16-08:00,anthonyjohnson,hortiz,472,1480918731,Directing
2024-02-06 21:34:16-08:00,2024-02-06 21:34:16-08:00,anthonyjohnson,hortiz,472,1480918731,Directing
2024-02-06 21:42:38-08:00,2024-02-06 21:42:38-08:00,hortiz,hortiz,472,1866945789,Empty
2024-02-06 21:42:38-08:00,2024-02-06 21:42:38-08:00,hortiz,hortiz,472,1480923719,Criticizing
2024-02-06 21:42:38-08:00,2024-02-06 21:42:38-08:00,hortiz,hortiz,472,1480923719,Directing
2024-02-06 21:44:52-08:00,2024-02-06 21:44:52-08:00,anthonyjohnson,hortiz,472,1866947759,Empty
2024-02-06 21:44:52-08:00,2024-02-06 21:44:52-08:00,anthonyjohnson,hortiz,472,1480925057,Thanking
2024-02-06 21:44:52-08:00,2024-02-06 21:44:52-08:00,anthonyjohnson,hortiz,472,1480925057,Directing
2024-02-06 21:59:09-08:00,2024-02-06 21:59:09-08:00,anthonyjohnson,hortiz,472,1866960625,Approving
2024-02-04 23:18:13-08:00,2024-02-04 23:18:13-08:00,campbellrachel,hwhite,473,1862022716,Empty
2024-02-04 23:20:50-08:00,2024-02-04 23:20:50-08:00,campbellrachel,hwhite,473,1862025904,Criticizing
2024-02-04 23:20:50-08:00,2024-02-04 23:20:50-08:00,campbellrachel,hwhite,473,1862025904,Directing
2024-02-06 12:47:31-08:00,2024-02-06 12:47:31-08:00,campbellrachel,hwhite,473,1866289582,Empty
2024-02-04 23:49:36-08:00,2024-02-04 23:49:36-08:00,campbellrachel,anthonyjohnson,478,1862064657,Empty
2024-02-04 23:54:20-08:00,2024-02-04 23:54:20-08:00,campbellrachel,anthonyjohnson,478,1862071539,Empty
2024-02-06 12:56:04-08:00,2024-02-06 12:56:04-08:00,anthonyjohnson,campbellrachel,486,1866303152,Empty
2024-02-08 15:01:59-08:00,2024-02-08 15:01:58-08:00,hortiz,anthonyjohnson,492,1483687069,Asking
2024-02-08 15:01:59-08:00,2024-02-08 15:01:58-08:00,hortiz,anthonyjohnson,492,1483687069,Criticizing
2024-02-08 15:01:59-08:00,2024-02-08 15:01:59-08:00,hortiz,anthonyjohnson,492,1871410611,Empty
2024-02-08 15:06:03-08:00,2024-02-08 15:06:03-08:00,anthonyjohnson,anthonyjohnson,492,1871414345,Empty
2024-02-08 15:06:03-08:00,2024-02-08 15:06:03-08:00,anthonyjohnson,anthonyjohnson,492,1483689609,Explaining
2024-02-08 15:06:03-08:00,2024-02-08 15:06:03-08:00,anthonyjohnson,anthonyjohnson,492,1483689609,Explaining
2024-02-08 15:06:03-08:00,2024-02-08 15:06:03-08:00,anthonyjohnson,anthonyjohnson,492,1483689609,Explaining
2024-02-08 15:06:03-08:00,2024-02-08 15:06:03-08:00,anthonyjohnson,anthonyjohnson,492,1483689609,Updating
2024-02-08 15:08:58-08:00,2024-02-08 15:08:58-08:00,anthonyjohnson,anthonyjohnson,492,1483691453,Agreeing
2024-02-08 15:08:58-08:00,2024-02-08 15:08:58-08:00,anthonyjohnson,anthonyjohnson,492,1483691453,Updating
2024-02-08 15:08:58-08:00,2024-02-08 15:08:58-08:00,anthonyjohnson,anthonyjohnson,492,1483691453,Agreeing
2024-02-08 15:08:58-08:00,2024-02-08 15:08:58-08:00,anthonyjohnson,anthonyjohnson,492,1871417216,Empty
2024-02-08 15:24:13-08:00,2024-02-08 15:24:13-08:00,hortiz,anthonyjohnson,492,1483700618,Thanking
2024-02-08 15:24:13-08:00,2024-02-08 15:24:13-08:00,hortiz,anthonyjohnson,492,1871431368,Empty
2024-02-08 15:24:28-08:00,2024-02-08 15:24:28-08:00,hortiz,anthonyjohnson,492,1871431612,Approving
2024-02-08 15:24:28-08:00,2024-02-08 15:24:28-08:00,hortiz,anthonyjohnson,492,1871431612,Approving
2024-02-08 04:09:21-08:00,2024-02-08 04:09:21-08:00,anthonyjohnson,campbellrachel,499,1482868570,Criticizing
2024-02-08 04:09:21-08:00,2024-02-08 04:09:21-08:00,anthonyjohnson,campbellrachel,499,1482868570,Directing
2024-02-08 04:09:21-08:00,2024-02-08 04:09:21-08:00,anthonyjohnson,campbellrachel,499,1870052348,Empty
2024-02-08 04:10:09-08:00,2024-02-08 04:10:09-08:00,anthonyjohnson,campbellrachel,499,1870053754,Empty
2024-02-08 04:10:10-08:00,2024-02-08 04:10:09-08:00,anthonyjohnson,campbellrachel,499,1482869694,Directing
2024-02-08 16:04:22-08:00,2024-02-08 16:04:22-08:00,anthonyjohnson,campbellrachel,499,1483722578,Directing
2024-02-08 16:04:22-08:00,2024-02-08 16:04:22-08:00,anthonyjohnson,campbellrachel,499,1871462420,Empty
2024-02-08 19:43:30-08:00,2024-02-08 19:43:30-08:00,anthonyjohnson,campbellrachel,499,1871611824,Updating
2024-02-08 21:52:04-08:00,2024-02-08 21:52:04-08:00,anthonyjohnson,campbellrachel,499,1871704060,Empty
2024-02-08 15:03:16-08:00,2024-02-08 15:03:16-08:00,hortiz,anthonyjohnson,502,1871411793,Approving
2024-02-08 15:24:27-08:00,2024-02-08 15:24:27-08:00,campbellrachel,hortiz,504,1871431589,Empty
2024-02-08 15:27:03-08:00,2024-02-08 15:27:03-08:00,anthonyjohnson,hortiz,504,1871433966,Empty
2024-02-13 12:59:16-08:00,2024-02-13 12:57:07-08:00,campbellrachel,hortiz,511,1488564366,Directing
2024-02-13 12:59:16-08:00,2024-02-13 12:57:07-08:00,campbellrachel,hortiz,511,1488564366,Directing
2024-02-13 12:59:16-08:00,2024-02-13 12:59:16-08:00,campbellrachel,hortiz,511,1878897988,Updating
2024-02-13 12:59:16-08:00,2024-02-13 12:59:16-08:00,campbellrachel,hortiz,511,1878897988,Thanking
2024-02-15 12:52:26-08:00,2024-02-15 12:52:26-08:00,anthonyjohnson,hortiz,511,1491656532,Agreeing
2024-02-15 12:52:26-08:00,2024-02-15 12:52:26-08:00,anthonyjohnson,hortiz,511,1491656532,Criticizing
2024-02-15 12:52:26-08:00,2024-02-15 12:52:26-08:00,anthonyjohnson,hortiz,511,1883858069,Empty
2024-02-15 12:53:27-08:00,2024-02-15 12:53:27-08:00,anthonyjohnson,hortiz,511,1883859476,Empty
2024-02-15 12:53:28-08:00,2024-02-15 12:53:27-08:00,anthonyjohnson,hortiz,511,1491657363,Criticizing
2024-02-15 12:56:07-08:00,2024-02-15 12:56:07-08:00,anthonyjohnson,hortiz,511,1883863115,Empty
2024-02-15 12:56:08-08:00,2024-02-15 12:56:07-08:00,anthonyjohnson,hortiz,511,1491659673,Criticizing
2024-02-15 12:56:08-08:00,2024-02-15 12:56:07-08:00,anthonyjohnson,hortiz,511,1491659673,Criticizing
2024-02-15 12:56:08-08:00,2024-02-15 12:56:07-08:00,anthonyjohnson,hortiz,511,1491659673,Directing
2024-02-15 12:56:37-08:00,2024-02-15 12:56:37-08:00,anthonyjohnson,hortiz,511,1883863830,Empty
2024-02-15 12:57:50-08:00,2024-02-15 12:57:49-08:00,anthonyjohnson,hortiz,511,1491661315,Criticizing
2024-02-15 12:57:50-08:00,2024-02-15 12:57:49-08:00,anthonyjohnson,hortiz,511,1491661315,Directing
2024-02-15 12:57:50-08:00,2024-02-15 12:57:49-08:00,anthonyjohnson,hortiz,511,1491661315,Criticizing
2024-02-15 12:57:50-08:00,2024-02-15 12:57:50-08:00,anthonyjohnson,hortiz,511,1883865487,Empty
2024-02-15 22:49:43-08:00,2024-02-15 22:49:43-08:00,hortiz,hortiz,511,1884415945,Empty
2024-02-15 22:49:43-08:00,2024-02-15 22:49:43-08:00,hortiz,hortiz,511,1492023338,Agreeing
2024-02-15 22:50:41-08:00,2024-02-15 22:50:41-08:00,hortiz,hortiz,511,1884417033,Empty
2024-02-15 22:50:41-08:00,2024-02-15 22:50:41-08:00,hortiz,hortiz,511,1492024060,Disagreeing
2024-02-15 22:57:44-08:00,2024-02-15 22:57:44-08:00,hortiz,hortiz,511,1492029291,Updating
2024-02-15 22:57:44-08:00,2024-02-15 22:57:44-08:00,hortiz,hortiz,511,1884424690,Empty
2024-02-15 22:59:19-08:00,2024-02-15 22:59:19-08:00,hortiz,hortiz,511,1492030562,Apologizing
2024-02-15 22:59:19-08:00,2024-02-15 22:59:19-08:00,hortiz,hortiz,511,1492030562,Asking
2024-02-15 22:59:19-08:00,2024-02-15 22:59:19-08:00,hortiz,hortiz,511,1492030562,Asking
2024-02-15 22:59:19-08:00,2024-02-15 22:59:19-08:00,hortiz,hortiz,511,1884426435,Empty
2024-02-15 23:04:53-08:00,2024-02-15 23:04:53-08:00,hortiz,hortiz,511,1884432595,Empty
2024-02-15 23:04:54-08:00,2024-02-15 23:04:53-08:00,hortiz,hortiz,511,1492034485,Criticizing
2024-02-15 23:04:54-08:00,2024-02-15 23:04:53-08:00,hortiz,hortiz,511,1492034485,Updating
2024-02-15 23:12:10-08:00,2024-02-15 23:12:10-08:00,hortiz,hortiz,511,1492039640,Updating
2024-02-15 23:12:10-08:00,2024-02-15 23:12:10-08:00,hortiz,hortiz,511,1884440491,Empty
2024-02-18 12:32:44-08:00,2024-02-18 12:32:44-08:00,anthonyjohnson,hortiz,511,1887320547,Empty
2024-02-18 12:33:25-08:00,2024-02-18 12:32:44-08:00,anthonyjohnson,hortiz,511,1493839370,Directing
2024-02-18 12:35:11-08:00,2024-02-18 12:35:11-08:00,anthonyjohnson,hortiz,511,1493839689,Updating
2024-02-18 12:35:11-08:00,2024-02-18 12:35:11-08:00,anthonyjohnson,hortiz,511,1493839689,Apologizing
2024-02-18 12:35:11-08:00,2024-02-18 12:35:11-08:00,anthonyjohnson,hortiz,511,1887320865,Empty
2024-02-18 12:36:28-08:00,2024-02-15 12:56:37-08:00,anthonyjohnson,hortiz,511,1491660190,Directing
2024-02-18 12:37:24-08:00,2024-02-18 12:37:24-08:00,anthonyjohnson,hortiz,511,1887321152,Empty
2024-02-18 12:38:46-08:00,2024-02-18 12:38:46-08:00,anthonyjohnson,hortiz,511,1887321300,Empty
2024-02-18 12:42:47-08:00,2024-02-18 12:42:47-08:00,anthonyjohnson,hortiz,511,1887321859,Empty
2024-02-18 12:42:47-08:00,2024-02-18 12:42:47-08:00,anthonyjohnson,hortiz,511,1493840764,Explaining
2024-02-18 12:45:48-08:00,2024-02-18 12:45:47-08:00,anthonyjohnson,hortiz,511,1493841126,Thanking
2024-02-18 12:45:48-08:00,2024-02-18 12:45:47-08:00,anthonyjohnson,hortiz,511,1493841126,Updating
2024-02-18 12:45:48-08:00,2024-02-18 12:45:48-08:00,anthonyjohnson,hortiz,511,1887322225,Empty
2024-02-18 12:50:44-08:00,2024-02-18 12:38:46-08:00,anthonyjohnson,hortiz,511,1493840138,Criticizing
2024-02-18 12:50:44-08:00,2024-02-18 12:38:46-08:00,anthonyjohnson,hortiz,511,1493840138,Directing
2024-02-18 12:50:44-08:00,2024-02-18 12:38:46-08:00,anthonyjohnson,hortiz,511,1493840138,Directing
2024-02-18 12:50:44-08:00,2024-02-18 12:38:46-08:00,anthonyjohnson,hortiz,511,1493840138,Directing
2024-02-18 13:58:45-08:00,2024-02-18 13:58:45-08:00,anthonyjohnson,hortiz,511,1493856067,Updating
2024-02-18 13:58:45-08:00,2024-02-18 13:58:45-08:00,anthonyjohnson,hortiz,511,1887338176,Empty
2024-02-18 14:12:12-08:00,2024-02-18 12:37:24-08:00,anthonyjohnson,hortiz,511,1493839969,Apologizing
2024-02-18 14:12:12-08:00,2024-02-18 12:37:24-08:00,anthonyjohnson,hortiz,511,1493839969,Directing
2024-02-18 14:12:12-08:00,2024-02-18 12:37:24-08:00,anthonyjohnson,hortiz,511,1493839969,Suggesting
2024-02-18 14:13:14-08:00,2024-02-18 14:13:14-08:00,anthonyjohnson,hortiz,511,1493858297,Directing
2024-02-18 14:13:14-08:00,2024-02-18 14:13:14-08:00,anthonyjohnson,hortiz,511,1887340998,Empty
2024-02-18 18:37:35-08:00,2024-02-18 18:37:35-08:00,hortiz,hortiz,511,1887456268,Empty
2024-02-18 18:37:35-08:00,2024-02-18 18:37:35-08:00,hortiz,hortiz,511,1493942898,Apologizing
2024-02-18 18:40:35-08:00,2024-02-18 18:40:35-08:00,hortiz,hortiz,511,1887458512,Empty
2024-02-18 18:40:35-08:00,2024-02-18 18:40:35-08:00,hortiz,hortiz,511,1493944375,Asking
2024-02-18 18:45:42-08:00,2024-02-18 18:45:41-08:00,hortiz,hortiz,511,1493946769,Asking
2024-02-18 18:45:42-08:00,2024-02-18 18:45:42-08:00,hortiz,hortiz,511,1887461869,Empty
2024-02-18 18:52:38-08:00,2024-02-18 18:52:38-08:00,anthonyjohnson,hortiz,511,1887465895,Empty
2024-02-18 18:52:38-08:00,2024-02-18 18:52:38-08:00,anthonyjohnson,hortiz,511,1493949538,Agreeing
2024-02-18 18:55:58-08:00,2024-02-18 18:55:58-08:00,anthonyjohnson,hortiz,511,1493950919,Agreeing
2024-02-18 18:55:58-08:00,2024-02-18 18:55:58-08:00,anthonyjohnson,hortiz,511,1493950919,Agreeing
2024-02-18 18:55:58-08:00,2024-02-18 18:55:58-08:00,anthonyjohnson,hortiz,511,1887467895,Empty
2024-02-20 06:40:49-08:00,2024-02-20 06:33:28-08:00,anthonyjohnson,hortiz,511,1495925240,Directing
2024-02-20 06:40:49-08:00,2024-02-20 06:33:28-08:00,anthonyjohnson,hortiz,511,1495925240,Criticizing
2024-02-20 06:40:49-08:00,2024-02-20 06:35:17-08:00,anthonyjohnson,hortiz,511,1495928065,Directing
2024-02-20 06:40:49-08:00,2024-02-20 06:36:39-08:00,anthonyjohnson,hortiz,511,1495930213,Directing
2024-02-20 06:40:49-08:00,2024-02-20 06:36:39-08:00,anthonyjohnson,hortiz,511,1495930213,Updating
2024-02-20 06:40:49-08:00,2024-02-20 06:40:49-08:00,anthonyjohnson,hortiz,511,1890591625,Directing
2024-02-21 15:27:07-08:00,2024-02-21 15:27:07-08:00,hortiz,hortiz,511,1894600693,Empty
2024-02-21 15:27:08-08:00,2024-02-21 15:27:07-08:00,hortiz,hortiz,511,1498434888,Disagreeing
2024-02-21 15:27:08-08:00,2024-02-21 15:27:07-08:00,hortiz,hortiz,511,1498434888,Updating
2024-02-21 15:29:23-08:00,2024-02-21 15:29:22-08:00,hortiz,hortiz,511,1498436477,Updating
2024-02-21 15:29:23-08:00,2024-02-21 15:29:23-08:00,hortiz,hortiz,511,1894602896,Empty
2024-02-21 20:53:22-08:00,2024-02-21 20:53:22-08:00,anthonyjohnson,hortiz,511,1894892302,Empty
2024-02-21 20:53:23-08:00,2024-02-21 20:53:22-08:00,anthonyjohnson,hortiz,511,1498635759,Thanking
2024-02-21 20:53:23-08:00,2024-02-21 20:53:22-08:00,anthonyjohnson,hortiz,511,1498635759,Directing
2024-02-21 20:54:30-08:00,2024-02-21 20:54:30-08:00,anthonyjohnson,hortiz,511,1894895273,Approving
2024-02-21 20:54:30-08:00,2024-02-21 20:54:30-08:00,anthonyjohnson,hortiz,511,1894895273,Updating
2024-02-21 21:48:09-08:00,2024-02-21 21:48:09-08:00,anthonyjohnson,hortiz,511,1894951981,Approving
2024-02-11 15:13:32-08:00,2024-02-11 15:13:32-08:00,hortiz,hwhite,513,1874455271,Approving
2024-02-11 15:13:32-08:00,2024-02-11 15:13:32-08:00,hortiz,hwhite,513,1874455271,Thanking
2024-02-11 21:22:37-08:00,2024-02-11 21:22:37-08:00,josephwatkins,hwhite,514,1874558097,Approving
2024-02-11 21:22:37-08:00,2024-02-11 21:22:37-08:00,josephwatkins,hwhite,514,1874558097,Updating
2024-02-23 10:32:50-08:00,2024-02-23 10:32:50-08:00,hortiz,hwhite,514,1898711172,Approving
2024-02-26 10:30:34-08:00,2024-02-26 10:30:34-08:00,hortiz,hwhite,514,1901697385,Updating
2024-02-26 11:29:31-08:00,2024-02-26 11:29:07-08:00,campbellrachel,hwhite,514,1503184408,Directing
2024-02-26 11:29:31-08:00,2024-02-26 11:29:07-08:00,campbellrachel,hwhite,514,1503184408,Directing
2024-02-26 11:29:31-08:00,2024-02-26 11:29:31-08:00,campbellrachel,hwhite,514,1901820323,Approving
2024-02-26 11:29:31-08:00,2024-02-26 11:29:31-08:00,campbellrachel,hwhite,514,1901820323,Directing
2024-02-27 12:42:53-08:00,2024-02-27 12:42:53-08:00,hortiz,hwhite,514,1904769944,Approving
2024-02-21 18:11:57-08:00,2024-02-21 18:11:57-08:00,hortiz,hwhite,524,1498529623,Criticizing
2024-02-21 18:11:57-08:00,2024-02-21 18:11:57-08:00,hortiz,hwhite,524,1894736717,Empty
2024-02-21 18:13:03-08:00,2024-02-21 18:13:03-08:00,hortiz,hwhite,524,1894737533,Empty
2024-02-21 18:13:03-08:00,2024-02-21 18:13:03-08:00,hortiz,hwhite,524,1498530228,Asking
2024-02-22 12:03:00-08:00,2024-02-22 12:03:00-08:00,hwhite,hwhite,524,1896846239,Empty
2024-02-22 12:03:00-08:00,2024-02-22 12:03:00-08:00,hwhite,hwhite,524,1499874167,Updating
2024-02-22 12:03:00-08:00,2024-02-22 12:03:00-08:00,hwhite,hwhite,524,1499874167,Updating
2024-02-23 10:34:16-08:00,2024-02-23 10:34:16-08:00,hortiz,hwhite,524,1898713746,Complimenting
2024-02-26 11:22:50-08:00,2024-02-26 11:22:50-08:00,hortiz,hwhite,524,1901809469,Directing
2024-02-27 12:43:12-08:00,2024-02-27 12:43:12-08:00,hortiz,hwhite,524,1904770452,Approving
2024-03-03 11:07:51-08:00,2024-03-03 11:07:51-08:00,hortiz,josephwatkins,525,1913064450,Approving
2024-03-03 11:07:51-08:00,2024-03-03 11:07:51-08:00,hortiz,josephwatkins,525,1913064450,Asking
2024-03-03 21:10:04-08:00,2024-03-03 21:10:03-08:00,hortiz,josephwatkins,525,1510594826,Explaining
2024-03-03 21:10:04-08:00,2024-03-03 21:10:04-08:00,hortiz,josephwatkins,525,1913383264,Empty
2024-03-03 21:11:17-08:00,2024-03-03 21:11:17-08:00,anthonyjohnson,josephwatkins,525,1913384222,Empty
2024-03-03 21:11:17-08:00,2024-03-03 21:11:17-08:00,anthonyjohnson,josephwatkins,525,1510595524,Agreeing
2024-03-03 21:11:26-08:00,2024-03-03 21:11:26-08:00,josephwatkins,josephwatkins,525,1510595679,Agreeing
2024-03-03 21:11:26-08:00,2024-03-03 21:11:26-08:00,josephwatkins,josephwatkins,525,1913384339,Empty
2024-03-03 21:13:03-08:00,2024-03-03 21:13:02-08:00,anthonyjohnson,josephwatkins,525,1510596433,Directing
2024-03-03 21:13:03-08:00,2024-03-03 21:13:03-08:00,anthonyjohnson,josephwatkins,525,1913385577,Empty
2024-03-03 22:09:04-08:00,2024-03-03 22:09:04-08:00,anthonyjohnson,josephwatkins,525,1913439713,Empty
2024-02-12 20:53:33-08:00,2024-02-12 20:53:33-08:00,anthonyjohnson,campbellrachel,527,1487177970,Directing
2024-02-12 20:53:33-08:00,2024-02-12 20:53:33-08:00,anthonyjohnson,campbellrachel,527,1876871147,Empty
2024-02-12 20:55:10-08:00,2024-02-12 20:55:10-08:00,anthonyjohnson,campbellrachel,527,1487179315,Directing
2024-02-12 20:55:10-08:00,2024-02-12 20:55:10-08:00,anthonyjohnson,campbellrachel,527,1876872289,Empty
2024-02-12 21:02:46-08:00,2024-02-12 21:02:46-08:00,anthonyjohnson,campbellrachel,527,1487185560,Directing
2024-02-12 21:02:46-08:00,2024-02-12 21:02:46-08:00,anthonyjohnson,campbellrachel,527,1876877927,Empty
2024-02-12 21:04:52-08:00,2024-02-12 21:04:51-08:00,anthonyjohnson,campbellrachel,527,1487187270,Criticizing
2024-02-12 21:04:52-08:00,2024-02-12 21:04:52-08:00,anthonyjohnson,campbellrachel,527,1876879480,Empty
2024-02-12 21:05:04-08:00,2024-02-12 21:05:04-08:00,anthonyjohnson,campbellrachel,527,1876879612,Empty
2024-02-12 21:06:06-08:00,2024-02-12 21:05:04-08:00,anthonyjohnson,campbellrachel,527,1487187417,Asking
2024-02-12 21:06:28-08:00,2024-02-12 21:06:28-08:00,anthonyjohnson,campbellrachel,527,1876880654,Empty
2024-02-12 21:06:28-08:00,2024-02-12 21:06:28-08:00,anthonyjohnson,campbellrachel,527,1487188537,Criticizing
2024-02-12 21:07:54-08:00,2024-02-12 21:07:54-08:00,anthonyjohnson,campbellrachel,527,1487189846,Directing
2024-02-12 21:07:54-08:00,2024-02-12 21:07:54-08:00,anthonyjohnson,campbellrachel,527,1876881784,Empty
2024-02-12 21:11:32-08:00,2024-02-12 21:11:32-08:00,anthonyjohnson,campbellrachel,527,1876884766,Criticizing
2024-02-12 21:11:32-08:00,2024-02-12 21:11:32-08:00,anthonyjohnson,campbellrachel,527,1876884766,Criticizing
2024-02-12 21:15:22-08:00,2024-02-12 21:15:22-08:00,anthonyjohnson,campbellrachel,527,1876887734,Criticizing
2024-02-12 21:15:22-08:00,2024-02-12 21:15:22-08:00,anthonyjohnson,campbellrachel,527,1876887734,Criticizing
2024-02-12 21:15:22-08:00,2024-02-12 21:15:22-08:00,anthonyjohnson,campbellrachel,527,1876887734,Directing
2024-02-12 21:15:22-08:00,2024-02-12 21:15:22-08:00,anthonyjohnson,campbellrachel,527,1876887734,Directing
2024-02-13 01:11:00-08:00,2024-02-13 01:11:00-08:00,anthonyjohnson,campbellrachel,527,1877245907,Empty
2024-02-13 01:11:00-08:00,2024-02-13 01:11:00-08:00,anthonyjohnson,campbellrachel,527,1487449766,Directing
2024-02-13 01:42:23-08:00,2024-02-13 01:42:23-08:00,anthonyjohnson,campbellrachel,527,1877360009,Approving
2024-02-13 01:43:59-08:00,2024-02-13 01:43:59-08:00,anthonyjohnson,campbellrachel,527,1877366284,Empty
2024-02-13 12:42:02-08:00,2024-02-13 12:42:01-08:00,hwhite,campbellrachel,527,1488548516,Suggesting
2024-02-13 12:42:02-08:00,2024-02-13 12:42:01-08:00,hwhite,campbellrachel,527,1488548516,Directing
2024-02-13 12:42:02-08:00,2024-02-13 12:42:02-08:00,hwhite,campbellrachel,527,1878872076,Empty
2024-02-13 12:42:53-08:00,2024-02-13 12:42:53-08:00,hwhite,campbellrachel,527,1878873149,Approving
2024-02-13 12:42:53-08:00,2024-02-13 12:42:53-08:00,hwhite,campbellrachel,527,1878873149,Approving
2024-02-13 13:51:38-08:00,2024-02-13 13:51:38-08:00,campbellrachel,campbellrachel,527,1488631182,Agreeing
2024-02-13 13:51:38-08:00,2024-02-13 13:51:38-08:00,campbellrachel,campbellrachel,527,1488631182,Updating
2024-02-13 13:51:38-08:00,2024-02-13 13:51:38-08:00,campbellrachel,campbellrachel,527,1878997681,Empty
2024-02-13 14:35:10-08:00,2024-02-13 14:35:10-08:00,anthonyjohnson,campbellrachel,527,1879060085,Approving
2024-02-13 14:35:10-08:00,2024-02-13 14:35:10-08:00,anthonyjohnson,campbellrachel,527,1879060085,Approving
2024-02-13 14:57:26-08:00,2024-02-13 14:57:26-08:00,hwhite,campbellrachel,527,1879092121,Approving
2024-02-13 14:57:26-08:00,2024-02-13 14:57:26-08:00,hwhite,campbellrachel,527,1879092121,Thanking
2024-02-13 13:23:09-08:00,2024-02-13 13:23:09-08:00,campbellrachel,anthonyjohnson,534,1878943205,Approving
2024-02-13 13:21:13-08:00,2024-02-13 13:21:13-08:00,campbellrachel,anthonyjohnson,535,1878940454,Empty
2024-02-13 12:43:52-08:00,2024-02-13 12:43:52-08:00,hwhite,anthonyjohnson,536,1878874429,Approving
2024-02-13 12:43:52-08:00,2024-02-13 12:43:52-08:00,hwhite,anthonyjohnson,536,1878874429,Updating
2024-02-15 21:43:25-08:00,2024-02-15 21:43:25-08:00,hortiz,anthonyjohnson,554,1884349969,Directing
2024-02-16 12:11:30-08:00,2024-02-16 12:11:30-08:00,hortiz,anthonyjohnson,554,1885937100,Approving
2024-02-18 15:56:39-08:00,2024-02-18 15:56:39-08:00,hwhite,anthonyjohnson,558,1887366322,Approving
2024-02-18 15:56:39-08:00,2024-02-18 15:56:39-08:00,hwhite,anthonyjohnson,558,1887366322,Asking
2024-02-18 16:00:27-08:00,2024-02-18 16:00:27-08:00,hwhite,anthonyjohnson,558,1887367141,Empty
2024-02-18 18:24:50-08:00,2024-02-18 18:24:50-08:00,hortiz,anthonyjohnson,558,1887448697,Approving
2024-02-18 18:26:49-08:00,2024-02-18 18:26:49-08:00,josephwatkins,anthonyjohnson,558,1887449864,Approving
2024-02-18 19:47:47-08:00,2024-02-18 19:47:47-08:00,hwhite,hortiz,559,1887504209,Empty
2024-02-18 19:47:47-08:00,2024-02-18 19:47:47-08:00,hwhite,hortiz,559,1493974517,Criticizing
2024-02-18 19:47:47-08:00,2024-02-18 19:47:47-08:00,hwhite,hortiz,559,1493974517,Criticizing
2024-02-18 19:47:47-08:00,2024-02-18 19:47:47-08:00,hwhite,hortiz,559,1493974517,Directing
2024-02-18 19:47:47-08:00,2024-02-18 19:47:47-08:00,hwhite,hortiz,559,1493974517,Directing
2024-02-18 19:47:47-08:00,2024-02-18 19:47:47-08:00,hwhite,hortiz,559,1493974517,Directing
2024-02-18 19:47:47-08:00,2024-02-18 19:47:47-08:00,hwhite,hortiz,559,1493974517,Updating
2024-02-18 19:50:59-08:00,2024-02-18 19:50:59-08:00,hwhite,hortiz,559,1887505967,Criticizing
2024-02-18 19:50:59-08:00,2024-02-18 19:50:59-08:00,hwhite,hortiz,559,1887505967,Updating
2024-02-18 19:50:59-08:00,2024-02-18 19:50:59-08:00,hwhite,hortiz,559,1887505967,Asking
2024-02-18 19:50:59-08:00,2024-02-18 19:50:59-08:00,hwhite,hortiz,559,1887505967,Criticizing
2024-02-18 19:50:59-08:00,2024-02-18 19:50:59-08:00,hwhite,hortiz,559,1887505967,Updating
2024-02-18 20:30:10-08:00,2024-02-18 20:30:10-08:00,hortiz,hortiz,559,1493995472,Updating
2024-02-18 20:30:10-08:00,2024-02-18 20:30:10-08:00,hortiz,hortiz,559,1493995472,Updating
2024-02-18 20:30:10-08:00,2024-02-18 20:30:10-08:00,hortiz,hortiz,559,1887533280,Empty
2024-02-22 12:12:46-08:00,2024-02-22 12:12:46-08:00,hwhite,hortiz,559,1896864435,Complimenting
2024-02-22 12:12:46-08:00,2024-02-22 12:12:46-08:00,hwhite,hortiz,559,1896864435,Approving
2024-02-22 12:12:46-08:00,2024-02-22 12:12:46-08:00,hwhite,hortiz,559,1896864435,Approving
2024-02-23 15:24:39-08:00,2024-02-23 15:24:39-08:00,josephwatkins,hortiz,559,1899086970,Approving
2024-02-21 15:57:54-08:00,2024-02-21 15:57:54-08:00,hortiz,hwhite,570,1894627500,Updating
2024-02-21 15:57:54-08:00,2024-02-21 15:57:54-08:00,hortiz,hwhite,570,1894627500,Directing
2024-02-23 09:57:14-08:00,2024-02-23 09:57:14-08:00,hortiz,hwhite,570,1898657634,Approving
2024-02-21 22:03:48-08:00,2024-02-21 22:03:48-08:00,anthonyjohnson,hwhite,572,1894983815,Empty
2024-02-21 22:03:48-08:00,2024-02-21 22:03:48-08:00,anthonyjohnson,hwhite,572,1498692902,Directing
2024-02-21 22:05:12-08:00,2024-02-21 22:05:12-08:00,anthonyjohnson,hwhite,572,1894985440,Directing
2024-02-22 12:34:37-08:00,2024-02-22 12:34:37-08:00,hwhite,hwhite,572,1499904387,Updating
2024-02-22 12:34:37-08:00,2024-02-22 12:34:37-08:00,hwhite,hwhite,572,1499904387,Updating
2024-02-22 12:34:37-08:00,2024-02-22 12:34:37-08:00,hwhite,hwhite,572,1896896768,Empty
2024-02-22 22:39:41-08:00,2024-02-22 22:39:41-08:00,anthonyjohnson,hwhite,572,1897448263,Approving
2024-02-22 22:39:41-08:00,2024-02-22 22:39:41-08:00,anthonyjohnson,hwhite,572,1897448263,Thanking
2024-02-21 18:15:25-08:00,2024-02-21 18:15:25-08:00,hortiz,campbellrachel,579,1894739311,Approving
2024-02-21 22:28:58-08:00,2024-02-21 22:28:58-08:00,anthonyjohnson,campbellrachel,579,1498711867,Directing
2024-02-21 22:28:58-08:00,2024-02-21 22:28:58-08:00,anthonyjohnson,campbellrachel,579,1498711867,Criticizing
2024-02-21 22:28:58-08:00,2024-02-21 22:28:58-08:00,anthonyjohnson,campbellrachel,579,1895011215,Empty
2024-02-22 23:17:02-08:00,2024-02-22 23:17:02-08:00,anthonyjohnson,campbellrachel,579,1500279513,Directing
2024-02-22 23:17:02-08:00,2024-02-22 23:17:02-08:00,anthonyjohnson,campbellrachel,579,1897484681,Empty
2024-02-22 23:34:34-08:00,2024-02-22 23:34:34-08:00,anthonyjohnson,campbellrachel,579,1500292519,Suggesting
2024-02-22 23:34:34-08:00,2024-02-22 23:34:34-08:00,anthonyjohnson,campbellrachel,579,1897506956,Empty
2024-02-22 23:59:02-08:00,2024-02-22 23:59:02-08:00,anthonyjohnson,campbellrachel,579,1897554005,Approving
2024-02-22 23:59:02-08:00,2024-02-22 23:59:02-08:00,anthonyjohnson,campbellrachel,579,1897554005,Criticizing
2024-02-23 00:06:12-08:00,2024-02-23 00:06:12-08:00,anthonyjohnson,campbellrachel,579,1897563288,Empty
2024-02-23 00:07:08-08:00,2024-02-23 00:06:12-08:00,anthonyjohnson,campbellrachel,579,1500318312,Directing
2024-02-23 12:22:20-08:00,2024-02-23 12:22:20-08:00,campbellrachel,campbellrachel,579,1898871460,Empty
2024-02-23 12:22:21-08:00,2024-02-23 12:22:20-08:00,campbellrachel,campbellrachel,579,1501131084,Updating
2024-02-23 12:22:21-08:00,2024-02-23 12:22:20-08:00,campbellrachel,campbellrachel,579,1501131084,Thanking
2024-02-23 12:50:41-08:00,2024-02-23 12:50:41-08:00,anthonyjohnson,campbellrachel,579,1898910241,Empty
2024-02-24 01:57:22-08:00,2024-02-24 01:57:22-08:00,campbellrachel,hwhite,593,1899393721,Updating
2024-02-24 01:57:22-08:00,2024-02-24 01:57:22-08:00,campbellrachel,hwhite,593,1899393721,Updating
2024-02-24 01:57:22-08:00,2024-02-24 01:57:22-08:00,campbellrachel,hwhite,593,1899393721,Directing
2024-02-26 10:33:11-08:00,2024-02-26 10:33:11-08:00,hortiz,anthonyjohnson,594,1901701768,Approving
2024-02-26 10:33:11-08:00,2024-02-26 10:33:11-08:00,hortiz,anthonyjohnson,594,1901701768,Directing
2024-02-26 11:00:00-08:00,2024-02-26 11:00:00-08:00,campbellrachel,anthonyjohnson,594,1901755039,Empty
2024-02-24 02:02:29-08:00,2024-02-24 02:02:29-08:00,anthonyjohnson,campbellrachel,595,1899394227,Empty
2024-02-26 11:37:19-08:00,2024-02-26 11:37:19-08:00,campbellrachel,hwhite,600,1901836336,Approving
2024-02-26 17:12:25-08:00,2024-02-26 17:12:25-08:00,hortiz,anthonyjohnson,601,1503509031,Complimenting
2024-02-26 17:12:25-08:00,2024-02-26 17:12:25-08:00,hortiz,anthonyjohnson,601,1902336113,Empty
2024-02-26 17:15:13-08:00,2024-02-26 17:15:13-08:00,hortiz,anthonyjohnson,601,1902338532,Empty
2024-02-26 17:15:13-08:00,2024-02-26 17:15:13-08:00,hortiz,anthonyjohnson,601,1503510571,Asking
2024-02-26 17:15:13-08:00,2024-02-26 17:15:13-08:00,hortiz,anthonyjohnson,601,1503510571,Updating
2024-02-26 17:15:13-08:00,2024-02-26 17:15:13-08:00,hortiz,anthonyjohnson,601,1503510571,Asking
2024-02-26 17:18:27-08:00,2024-02-26 17:18:27-08:00,anthonyjohnson,anthonyjohnson,601,1902341500,Empty
2024-02-26 17:18:27-08:00,2024-02-26 17:18:27-08:00,anthonyjohnson,anthonyjohnson,601,1503512717,Updating
2024-02-26 17:18:43-08:00,2024-02-26 17:18:43-08:00,anthonyjohnson,anthonyjohnson,601,1902341707,Empty
2024-02-26 17:19:09-08:00,2024-02-26 17:19:09-08:00,anthonyjohnson,anthonyjohnson,601,1503513219,Updating
2024-02-26 17:19:09-08:00,2024-02-26 17:19:09-08:00,anthonyjohnson,anthonyjohnson,601,1902342084,Empty
2024-02-26 17:23:33-08:00,2024-02-26 17:18:43-08:00,anthonyjohnson,anthonyjohnson,601,1503512891,Updating
2024-02-26 17:23:33-08:00,2024-02-26 17:18:43-08:00,anthonyjohnson,anthonyjohnson,601,1503512891,Explaining
2024-02-26 17:59:35-08:00,2024-02-26 17:59:35-08:00,hortiz,anthonyjohnson,601,1503536718,Thanking
2024-02-26 17:59:35-08:00,2024-02-26 17:59:35-08:00,hortiz,anthonyjohnson,601,1902374851,Empty
2024-02-26 17:59:45-08:00,2024-02-26 17:59:45-08:00,hortiz,anthonyjohnson,601,1902374994,Approving
2024-02-26 17:16:06-08:00,2024-02-26 17:16:06-08:00,hortiz,anthonyjohnson,602,1902339223,Approving
2024-02-28 00:03:42-08:00,2024-02-28 00:03:42-08:00,campbellrachel,anthonyjohnson,613,1905550621,Empty
2024-02-29 10:51:38-08:00,2024-02-29 10:51:38-08:00,hwhite,campbellrachel,615,1508046427,Updating
2024-02-29 10:51:38-08:00,2024-02-29 10:51:38-08:00,hwhite,campbellrachel,615,1909637645,Empty
2024-02-29 10:55:27-08:00,2024-02-29 10:55:27-08:00,hwhite,campbellrachel,615,1909652764,Complimenting
2024-02-29 10:55:27-08:00,2024-02-29 10:55:27-08:00,hwhite,campbellrachel,615,1909652764,Thanking
2024-02-29 10:59:37-08:00,2024-02-29 10:59:37-08:00,hwhite,anthonyjohnson,619,1909664076,Approving
2024-02-29 19:54:26-08:00,2024-02-29 19:54:26-08:00,hortiz,hwhite,626,1910272460,Updating
2024-02-29 19:54:26-08:00,2024-02-29 19:54:26-08:00,hortiz,hwhite,626,1910272460,Approving
2024-02-29 19:54:26-08:00,2024-02-29 19:54:26-08:00,hortiz,hwhite,626,1910272460,Updating
2024-02-29 20:06:49-08:00,2024-02-29 20:06:49-08:00,hortiz,hwhite,626,1910280217,Complimenting
2024-03-03 09:41:13-08:00,2024-03-03 09:41:13-08:00,josephwatkins,hwhite,627,1510338710,Approving
2024-03-03 09:41:13-08:00,2024-03-03 09:41:13-08:00,josephwatkins,hwhite,627,1510338710,Directing
2024-03-03 09:41:13-08:00,2024-03-03 09:41:13-08:00,josephwatkins,hwhite,627,1510338710,Suggesting
2024-03-03 09:41:13-08:00,2024-03-03 09:41:13-08:00,josephwatkins,hwhite,627,1913048718,Empty
2024-03-03 21:26:14-08:00,2024-03-03 21:26:14-08:00,hortiz,hwhite,627,1913395521,Approving
2024-03-03 21:26:14-08:00,2024-03-03 21:26:14-08:00,hortiz,hwhite,627,1913395521,Complimenting
2024-02-29 22:44:13-08:00,2024-02-29 22:44:12-08:00,anthonyjohnson,hwhite,629,1508543915,Directing
2024-02-29 22:44:13-08:00,2024-02-29 22:44:13-08:00,anthonyjohnson,hwhite,629,1910415255,Empty
2024-02-29 22:46:03-08:00,2024-02-29 22:46:03-08:00,anthonyjohnson,hwhite,629,1910417027,Empty
2024-02-29 22:46:03-08:00,2024-02-29 22:46:03-08:00,anthonyjohnson,hwhite,629,1508545142,Criticizing
2024-02-29 22:46:29-08:00,2024-02-29 22:46:29-08:00,anthonyjohnson,hwhite,629,1910417461,Empty
2024-02-29 22:46:29-08:00,2024-02-29 22:46:29-08:00,anthonyjohnson,hwhite,629,1508545434,Directing
2024-02-29 22:46:49-08:00,2024-02-29 22:46:49-08:00,anthonyjohnson,hwhite,629,1910417778,Approving
2024-02-29 22:46:49-08:00,2024-02-29 22:46:49-08:00,anthonyjohnson,hwhite,629,1910417778,Criticizing
2024-03-01 02:36:10-08:00,2024-03-01 02:36:10-08:00,anthonyjohnson,hwhite,629,1910832558,Approving
2024-03-01 02:36:10-08:00,2024-03-01 02:36:10-08:00,anthonyjohnson,hwhite,629,1910832558,Thanking
2024-02-29 22:41:51-08:00,2024-02-29 22:41:51-08:00,anthonyjohnson,hwhite,630,1910413013,Approving
2024-02-29 22:41:51-08:00,2024-02-29 22:41:51-08:00,anthonyjohnson,hwhite,630,1910413013,Approving
2024-03-01 21:28:07-08:00,2024-03-01 21:28:07-08:00,hortiz,campbellrachel,632,1509890079,Asking
2024-03-01 21:28:07-08:00,2024-03-01 21:28:07-08:00,hortiz,campbellrachel,632,1509890079,Criticizing
2024-03-01 21:28:07-08:00,2024-03-01 21:28:07-08:00,hortiz,campbellrachel,632,1912581882,Empty
2024-03-01 21:44:58-08:00,2024-03-01 21:44:58-08:00,hortiz,campbellrachel,632,1509891988,Directing
2024-03-01 21:44:58-08:00,2024-03-01 21:44:58-08:00,hortiz,campbellrachel,632,1912583669,Empty
2024-03-01 21:48:59-08:00,2024-03-01 21:48:59-08:00,campbellrachel,campbellrachel,632,1509892521,Updating
2024-03-01 21:48:59-08:00,2024-03-01 21:48:59-08:00,campbellrachel,campbellrachel,632,1509892521,Asking
2024-03-01 21:48:59-08:00,2024-03-01 21:48:59-08:00,campbellrachel,campbellrachel,632,1912584130,Empty
2024-03-01 21:49:20-08:00,2024-03-01 21:49:20-08:00,campbellrachel,campbellrachel,632,1912584161,Empty
2024-03-01 21:49:21-08:00,2024-03-01 21:49:20-08:00,campbellrachel,campbellrachel,632,1509892590,Updating
2024-03-01 21:58:10-08:00,2024-03-01 21:58:10-08:00,hortiz,campbellrachel,632,1912584937,Approving
2024-03-01 21:58:10-08:00,2024-03-01 21:58:10-08:00,hortiz,campbellrachel,632,1912584937,Updating
2024-03-01 19:02:06-08:00,2024-03-01 19:02:06-08:00,hwhite,hortiz,633,1912563630,Empty
2024-03-01 19:02:06-08:00,2024-03-01 19:02:06-08:00,hwhite,hortiz,633,1509872689,Updating
2024-03-01 19:03:43-08:00,2024-03-01 19:03:43-08:00,hwhite,hortiz,633,1912563884,Agreeing
2024-03-01 19:03:43-08:00,2024-03-01 19:03:43-08:00,hwhite,hortiz,633,1912563884,Approving
2024-03-01 19:03:43-08:00,2024-03-01 19:03:43-08:00,hwhite,hortiz,633,1912563884,Complimenting
2024-03-02 14:02:39-08:00,2024-03-02 14:02:39-08:00,hwhite,campbellrachel,636,1912747518,Empty
2024-03-02 14:02:39-08:00,2024-03-02 14:02:39-08:00,hwhite,campbellrachel,636,1510083307,Directing
2024-03-02 14:03:16-08:00,2024-03-02 14:03:16-08:00,hwhite,campbellrachel,636,1510083402,Suggesting
2024-03-02 14:03:16-08:00,2024-03-02 14:03:16-08:00,hwhite,campbellrachel,636,1912747663,Empty
2024-03-02 14:04:10-08:00,2024-03-02 14:04:10-08:00,hwhite,campbellrachel,636,1912747756,Approving
2024-03-02 14:04:10-08:00,2024-03-02 14:04:10-08:00,hwhite,campbellrachel,636,1912747756,Thanking
2024-03-02 14:04:10-08:00,2024-03-02 14:04:10-08:00,hwhite,campbellrachel,636,1912747756,Criticizing
2024-03-02 14:04:10-08:00,2024-03-02 14:04:10-08:00,hwhite,campbellrachel,636,1912747756,Approving
2024-03-03 20:52:32-08:00,2024-03-03 20:52:32-08:00,campbellrachel,campbellrachel,636,1510586118,Updating
2024-03-03 20:52:32-08:00,2024-03-03 20:52:32-08:00,campbellrachel,campbellrachel,636,1913370710,Empty
2024-03-03 21:19:14-08:00,2024-03-03 21:19:14-08:00,hortiz,campbellrachel,636,1913390216,Updating
2024-03-03 21:19:14-08:00,2024-03-03 21:19:14-08:00,hortiz,campbellrachel,636,1913390216,Complimenting
2024-03-03 21:22:42-08:00,2024-03-03 21:22:42-08:00,josephwatkins,campbellrachel,636,1913392762,Approving
2024-03-03 21:50:25-08:00,2024-03-03 21:50:25-08:00,josephwatkins,campbellrachel,636,1913416360,Approving
2024-03-03 11:39:13-08:00,2024-03-03 11:39:13-08:00,hortiz,hwhite,637,1510364601,Criticizing
2024-03-03 11:39:13-08:00,2024-03-03 11:39:13-08:00,hortiz,hwhite,637,1510364601,Approving
2024-03-03 11:39:13-08:00,2024-03-03 11:39:13-08:00,hortiz,hwhite,637,1913101913,Empty
2024-03-03 12:24:43-08:00,2024-03-03 12:24:43-08:00,hwhite,hwhite,637,1510387187,Updating
2024-03-03 12:24:43-08:00,2024-03-03 12:24:43-08:00,hwhite,hwhite,637,1510387187,Agreeing
2024-03-03 12:24:43-08:00,2024-03-03 12:24:43-08:00,hwhite,hwhite,637,1510387187,Updating
2024-03-03 12:24:43-08:00,2024-03-03 12:24:43-08:00,hwhite,hwhite,637,1913109266,Empty
2024-03-03 14:47:24-08:00,2024-03-03 14:47:23-08:00,hortiz,hwhite,637,1510418050,Complimenting
2024-03-03 14:47:24-08:00,2024-03-03 14:47:23-08:00,hortiz,hwhite,637,1510418050,Updating
2024-03-03 14:47:24-08:00,2024-03-03 14:47:24-08:00,hortiz,hwhite,637,1913140420,Empty
2024-03-03 16:06:49-08:00,2024-03-03 16:06:49-08:00,hortiz,hwhite,637,1913173488,Empty
2024-03-03 17:09:13-08:00,2024-03-03 17:09:13-08:00,hwhite,hortiz,641,1913197242,Updating
2024-03-03 17:13:34-08:00,2024-03-03 17:13:34-08:00,anthonyjohnson,hortiz,641,1913205979,Empty
2024-03-03 18:42:44-08:00,2024-03-03 18:42:44-08:00,anthonyjohnson,hwhite,643,1913286550,Directing
2024-03-03 19:38:56-08:00,2024-03-03 19:38:56-08:00,anthonyjohnson,hwhite,643,1913325256,Empty
2024-03-03 22:13:43-08:00,2024-03-03 22:13:43-08:00,hwhite,hortiz,645,1913444091,Complimenting
2024-03-03 22:13:43-08:00,2024-03-03 22:13:43-08:00,hwhite,hortiz,645,1913444091,Approving
2024-03-03 22:13:43-08:00,2024-03-03 22:13:43-08:00,hwhite,hortiz,645,1913444091,Directing
2024-03-03 22:13:43-08:00,2024-03-03 22:13:43-08:00,hwhite,hortiz,645,1913444091,Suggesting
2024-03-03 23:55:06-08:00,2024-03-03 23:55:06-08:00,hwhite,hortiz,645,1913573393,Empty
2024-03-03 22:07:39-08:00,2024-03-03 22:07:39-08:00,anthonyjohnson,josephwatkins,647,1913438378,Approving
2024-03-03 22:07:39-08:00,2024-03-03 22:07:39-08:00,anthonyjohnson,josephwatkins,647,1913438378,Updating
2024-03-03 22:10:09-08:00,2024-03-03 22:10:09-08:00,anthonyjohnson,josephwatkins,647,1913440710,Empty
2024-03-03 22:39:27-08:00,2024-03-03 22:39:27-08:00,hwhite,hortiz,649,1913475099,Empty
2024-03-03 22:39:27-08:00,2024-03-03 22:39:27-08:00,hwhite,hortiz,649,1510653899,Criticizing
2024-03-03 22:39:27-08:00,2024-03-03 22:39:27-08:00,hwhite,hortiz,649,1510653899,Criticizing
2024-03-03 22:40:07-08:00,2024-03-03 22:40:07-08:00,hwhite,hortiz,649,1913475762,Complimenting
2024-03-03 22:40:22-08:00,2024-03-03 22:40:22-08:00,anthonyjohnson,hortiz,649,1510654493,Criticizing
2024-03-03 22:40:22-08:00,2024-03-03 22:40:22-08:00,anthonyjohnson,hortiz,649,1510654493,Asking
2024-03-03 22:40:22-08:00,2024-03-03 22:40:22-08:00,anthonyjohnson,hortiz,649,1913476009,Empty
2024-03-03 22:43:27-08:00,2024-03-03 22:43:27-08:00,hortiz,hortiz,649,1510656575,Updating
2024-03-03 22:43:27-08:00,2024-03-03 22:43:27-08:00,hortiz,hortiz,649,1510656575,Explaining
2024-03-03 22:43:27-08:00,2024-03-03 22:43:27-08:00,hortiz,hortiz,649,1510656575,Explaining
2024-03-03 22:43:27-08:00,2024-03-03 22:43:27-08:00,hortiz,hortiz,649,1913479404,Empty
2024-03-04 00:14:51-08:00,2024-03-04 00:14:51-08:00,anthonyjohnson,hortiz,649,1913621487,Empty
2024-03-04 01:49:30-08:00,2024-03-04 01:49:30-08:00,josephwatkins,hwhite,652,1913870990,Agreeing
2024-03-04 01:49:30-08:00,2024-03-04 01:49:30-08:00,josephwatkins,hwhite,652,1913870990,Thanking
2024-03-04 01:50:33-08:00,2024-03-04 01:50:33-08:00,anthonyjohnson,hwhite,652,1913873200,Empty
2024-03-04 00:52:03-08:00,2024-03-04 00:52:03-08:00,anthonyjohnson,josephwatkins,653,1913729666,Empty
2024-03-04 02:05:06-08:00,2024-03-04 02:05:06-08:00,anthonyjohnson,hortiz,655,1913904643,Thanking
2024-03-04 17:40:04-08:00,2024-03-04 17:40:04-08:00,anthonyjohnson,hwhite,658,1915681349,Empty
2024-03-04 17:20:39-08:00,2024-03-04 17:20:39-08:00,hwhite,hortiz,660,1915664452,Updating
2024-03-04 19:16:36-08:00,2024-03-04 19:16:36-08:00,anthonyjohnson,hwhite,662,1915794200,Empty
2024-03-04 18:58:46-08:00,2024-03-04 18:58:46-08:00,hwhite,hortiz,664,1915761577,Empty
2024-03-04 18:58:46-08:00,2024-03-04 18:58:46-08:00,hwhite,hortiz,664,1512070206,Directing
2024-03-04 18:58:46-08:00,2024-03-04 18:58:46-08:00,hwhite,hortiz,664,1512070206,Criticizing
2024-03-04 18:58:46-08:00,2024-03-04 18:58:46-08:00,hwhite,hortiz,664,1512070206,Criticizing
2024-03-04 18:59:36-08:00,2024-03-04 18:59:36-08:00,hortiz,hortiz,664,1915763213,Empty
2024-03-04 18:59:36-08:00,2024-03-04 18:59:36-08:00,hortiz,hortiz,664,1512070810,Complimenting
2024-03-04 19:01:28-08:00,2024-03-04 19:01:28-08:00,anthonyjohnson,hortiz,664,1512072039,Directing
2024-03-04 19:01:28-08:00,2024-03-04 19:01:28-08:00,anthonyjohnson,hortiz,664,1915766654,Empty
2024-03-04 19:02:44-08:00,2024-03-04 19:02:44-08:00,hwhite,hortiz,664,1915769028,Empty
2024-03-04 19:02:45-08:00,2024-03-04 19:02:44-08:00,hwhite,hortiz,664,1512072848,Updating
2024-03-04 19:03:22-08:00,2024-03-04 19:03:22-08:00,hwhite,hortiz,664,1915770178,Approving
2024-03-04 19:03:22-08:00,2024-03-04 19:03:22-08:00,hwhite,hortiz,664,1915770178,Directing
2024-03-04 19:03:22-08:00,2024-03-04 19:03:22-08:00,anthonyjohnson,hortiz,664,1915770175,Empty
2024-03-04 19:03:47-08:00,2024-03-04 19:03:22-08:00,anthonyjohnson,hortiz,664,1512073204,Directing
2024-03-04 19:05:40-08:00,2024-03-04 19:05:40-08:00,hwhite,hortiz,664,1512074597,Updating
2024-03-04 19:05:40-08:00,2024-03-04 19:05:40-08:00,hwhite,hortiz,664,1512074597,Asking
2024-03-04 19:05:40-08:00,2024-03-04 19:05:40-08:00,hwhite,hortiz,664,1512074597,Updating
2024-03-04 19:05:40-08:00,2024-03-04 19:05:40-08:00,hwhite,hortiz,664,1512074597,Directing
2024-03-04 19:05:40-08:00,2024-03-04 19:05:40-08:00,hwhite,hortiz,664,1915774486,Empty
2024-03-04 19:08:40-08:00,2024-03-04 19:08:40-08:00,hortiz,hortiz,664,1915779866,Empty
2024-03-04 19:08:40-08:00,2024-03-04 19:08:40-08:00,hortiz,hortiz,664,1512076689,Asking
2024-03-04 19:08:40-08:00,2024-03-04 19:08:40-08:00,hortiz,hortiz,664,1512076689,Updating
2024-03-04 19:08:40-08:00,2024-03-04 19:08:40-08:00,hortiz,hortiz,664,1512076689,Updating
2024-03-04 19:15:50-08:00,2024-03-04 19:15:50-08:00,anthonyjohnson,hortiz,664,1512081277,Updating
2024-03-04 19:15:50-08:00,2024-03-04 19:15:50-08:00,anthonyjohnson,hortiz,664,1915792919,Empty
2024-03-04 19:20:06-08:00,2024-03-04 19:20:06-08:00,hwhite,hortiz,664,1915799133,Empty
2024-03-04 19:20:07-08:00,2024-03-04 19:20:06-08:00,hwhite,hortiz,664,1512083822,Updating
2024-03-04 19:20:07-08:00,2024-03-04 19:20:06-08:00,hwhite,hortiz,664,1512083822,Apologizing
2024-03-04 19:23:30-08:00,2024-03-04 19:23:30-08:00,hwhite,hortiz,664,1915801462,Complimenting
2024-03-04 19:23:30-08:00,2024-03-04 19:23:30-08:00,hwhite,hortiz,664,1915801462,Criticizing
2024-03-04 19:23:30-08:00,2024-03-04 19:23:30-08:00,hwhite,hortiz,664,1915801462,Criticizing
2024-03-04 19:25:20-08:00,2024-03-04 19:25:20-08:00,anthonyjohnson,hortiz,664,1915803555,Empty
2024-03-04 19:36:44-08:00,2024-03-04 19:36:44-08:00,anthonyjohnson,hortiz,666,1512093828,Directing
2024-03-04 19:36:44-08:00,2024-03-04 19:36:44-08:00,anthonyjohnson,hortiz,666,1915811339,Empty
2024-03-04 19:37:47-08:00,2024-03-04 19:37:47-08:00,anthonyjohnson,hortiz,666,1512094311,Directing
2024-03-04 19:37:47-08:00,2024-03-04 19:37:47-08:00,anthonyjohnson,hortiz,666,1915812065,Empty
2024-03-04 20:02:33-08:00,2024-03-04 20:02:33-08:00,anthonyjohnson,hortiz,666,1915829326,Updating
2024-03-04 20:02:33-08:00,2024-03-04 20:02:33-08:00,anthonyjohnson,hortiz,666,1915829326,Approving
2024-03-04 21:20:48-08:00,2024-03-04 21:20:48-08:00,anthonyjohnson,hortiz,666,1915891013,Approving
2024-03-04 21:20:48-08:00,2024-03-04 21:20:48-08:00,anthonyjohnson,hortiz,666,1915891013,Directing
2024-03-04 21:31:50-08:00,2024-03-04 21:31:50-08:00,anthonyjohnson,hortiz,670,1915901191,Empty
2024-03-04 21:35:41-08:00,2024-03-04 21:35:41-08:00,hwhite,hortiz,670,1915904767,Approving
2024-03-04 21:35:37-08:00,2024-03-04 21:35:37-08:00,anthonyjohnson,hwhite,672,1915904698,Approving
2024-03-04 21:35:37-08:00,2024-03-04 21:35:37-08:00,anthonyjohnson,hwhite,672,1915904698,Updating
2024-03-04 21:37:51-08:00,2024-03-04 21:37:51-08:00,hortiz,hwhite,672,1915906732,Empty
2024-03-04 21:38:54-08:00,2024-03-04 21:38:54-08:00,anthonyjohnson,hwhite,672,1915907763,Empty
2024-03-04 21:39:49-08:00,2024-03-04 21:39:49-08:00,hortiz,hwhite,672,1915908539,Complimenting
2024-03-04 22:11:15-08:00,2024-03-04 22:11:15-08:00,hwhite,josephwatkins,673,1915941963,Approving
2024-03-04 22:11:15-08:00,2024-03-04 22:11:15-08:00,hwhite,josephwatkins,673,1915941963,Approving
2024-03-04 22:13:24-08:00,2024-03-04 22:13:24-08:00,hortiz,josephwatkins,673,1915944241,Updating
2024-03-04 22:13:24-08:00,2024-03-04 22:13:24-08:00,hortiz,josephwatkins,673,1915944241,Approving
2024-03-07 00:32:12-08:00,2024-03-07 00:10:57-08:00,anthonyjohnson,hortiz,678,1515716695,Directing
2024-03-07 00:32:12-08:00,2024-03-07 00:13:09-08:00,anthonyjohnson,hortiz,678,1515719321,Directing
2024-03-07 00:32:12-08:00,2024-03-07 00:13:09-08:00,anthonyjohnson,hortiz,678,1515719321,Directing
2024-03-07 00:32:12-08:00,2024-03-07 00:32:12-08:00,anthonyjohnson,hortiz,678,1921732323,Approving
2024-03-07 00:32:12-08:00,2024-03-07 00:32:12-08:00,anthonyjohnson,hortiz,678,1921732323,Updating
2024-03-07 00:32:12-08:00,2024-03-07 00:32:12-08:00,anthonyjohnson,hortiz,678,1921732323,Complimenting
2024-03-07 00:35:35-08:00,2024-03-07 00:35:35-08:00,anthonyjohnson,hortiz,678,1921788918,Empty
2024-03-07 00:35:35-08:00,2024-03-07 00:35:35-08:00,anthonyjohnson,hortiz,678,1515749804,Updating
2024-03-07 00:35:35-08:00,2024-03-07 00:35:35-08:00,anthonyjohnson,hortiz,678,1515749804,Directing
2024-03-07 00:43:48-08:00,2024-03-07 00:43:48-08:00,anthonyjohnson,hortiz,678,1921807150,Empty
2024-03-07 00:47:39-08:00,2024-03-07 00:43:48-08:00,anthonyjohnson,hortiz,678,1515762719,Directing
2024-03-07 00:47:39-08:00,2024-03-07 00:43:48-08:00,anthonyjohnson,hortiz,678,1515762719,Directing
2024-03-07 00:47:39-08:00,2024-03-07 00:43:48-08:00,anthonyjohnson,hortiz,678,1515762719,Updating
2024-03-10 20:38:50-07:00,2024-03-10 20:38:50-07:00,hwhite,hortiz,678,1926886389,Approving
2024-03-10 20:38:50-07:00,2024-03-10 20:38:50-07:00,hwhite,hortiz,678,1926886389,Complimenting
2024-03-10 20:52:25-07:00,2024-03-10 20:52:25-07:00,hwhite,hortiz,678,1926893220,Approving
2024-03-10 20:52:25-07:00,2024-03-10 20:52:25-07:00,hwhite,hortiz,678,1926893220,Thanking
2024-03-10 21:54:10-07:00,2024-03-10 21:54:10-07:00,anthonyjohnson,hortiz,678,1926930530,Approving
2024-03-17 20:06:37-07:00,2024-03-17 20:06:37-07:00,hwhite,josephwatkins,684,1941903347,Complimenting
2024-03-17 20:06:37-07:00,2024-03-17 20:06:37-07:00,hwhite,josephwatkins,684,1941903347,Criticizing
2024-03-17 20:06:37-07:00,2024-03-17 20:06:37-07:00,hwhite,josephwatkins,684,1941903347,Directing
2024-03-10 20:04:35-07:00,2024-03-10 20:04:35-07:00,hortiz,anthonyjohnson,685,1926842301,Approving
2024-03-10 20:04:35-07:00,2024-03-10 20:04:35-07:00,hortiz,anthonyjohnson,685,1926842301,Complimenting
2024-03-10 20:04:35-07:00,2024-03-10 20:04:35-07:00,hortiz,anthonyjohnson,685,1926842301,Updating
2024-03-12 20:15:40-07:00,2024-03-12 20:15:40-07:00,josephwatkins,hwhite,689,1933089711,Updating
2024-03-12 20:15:40-07:00,2024-03-12 20:15:40-07:00,josephwatkins,hwhite,689,1933089711,Approving
2024-03-12 20:15:40-07:00,2024-03-12 20:15:40-07:00,josephwatkins,hwhite,689,1933089711,Approving
2024-03-12 21:25:52-07:00,2024-03-12 21:25:52-07:00,campbellrachel,hwhite,689,1933138480,Approving
2024-03-16 17:25:05-07:00,2024-03-16 17:25:05-07:00,hortiz,anthonyjohnson,697,1941352326,Criticizing
2024-03-16 17:25:05-07:00,2024-03-16 17:25:05-07:00,hortiz,anthonyjohnson,697,1941352326,Asking
2024-03-16 17:25:05-07:00,2024-03-16 17:25:05-07:00,hortiz,anthonyjohnson,697,1941352326,Approving
2024-03-16 17:25:05-07:00,2024-03-16 17:25:05-07:00,hortiz,anthonyjohnson,697,1941352326,Criticizing
2024-03-16 17:25:05-07:00,2024-03-16 17:25:05-07:00,hortiz,anthonyjohnson,697,1941352326,Updating
2024-03-16 19:33:17-07:00,2024-03-16 19:33:17-07:00,hortiz,anthonyjohnson,697,1941362079,Approving
2024-03-14 08:56:20-07:00,2024-03-14 08:56:20-07:00,josephwatkins,campbellrachel,704,1937124740,Empty
2024-03-14 08:56:20-07:00,2024-03-14 08:56:20-07:00,josephwatkins,campbellrachel,704,1525125501,Directing
2024-03-14 09:03:26-07:00,2024-03-14 09:03:26-07:00,josephwatkins,campbellrachel,704,1937142038,Empty
2024-03-14 09:05:35-07:00,2024-03-14 09:03:26-07:00,josephwatkins,campbellrachel,704,1525136483,Criticizing
2024-03-14 09:05:35-07:00,2024-03-14 09:03:26-07:00,josephwatkins,campbellrachel,704,1525136483,Updating
2024-03-14 12:35:19-07:00,2024-03-14 12:35:19-07:00,campbellrachel,campbellrachel,704,1937574573,Empty
2024-03-14 12:35:20-07:00,2024-03-14 12:35:19-07:00,campbellrachel,campbellrachel,704,1525399663,Updating
2024-03-14 12:35:20-07:00,2024-03-14 12:35:19-07:00,campbellrachel,campbellrachel,704,1525399663,Updating
2024-03-22 15:19:15-07:00,2024-03-22 15:19:15-07:00,anthonyjohnson,campbellrachel,704,1955876664,Approving
2024-03-22 15:19:15-07:00,2024-03-22 15:19:15-07:00,anthonyjohnson,campbellrachel,704,1955876664,Asking
2024-03-25 23:46:36-07:00,2024-03-25 23:46:36-07:00,campbellrachel,campbellrachel,704,1538667369,Updating
2024-03-25 23:46:36-07:00,2024-03-25 23:46:36-07:00,campbellrachel,campbellrachel,704,1959453998,Empty
2024-03-26 00:05:03-07:00,2024-03-26 00:05:03-07:00,anthonyjohnson,campbellrachel,704,1959476741,Updating
2024-03-26 00:05:03-07:00,2024-03-26 00:05:03-07:00,anthonyjohnson,campbellrachel,704,1959476741,Updating
2024-03-26 01:45:09-07:00,2024-03-26 01:45:09-07:00,anthonyjohnson,campbellrachel,704,1959681614,Approving
2024-03-26 01:45:09-07:00,2024-03-26 01:45:09-07:00,anthonyjohnson,campbellrachel,704,1959681614,Thanking
2024-03-26 11:14:33-07:00,2024-03-26 11:14:33-07:00,hwhite,campbellrachel,704,1961342025,Complimenting
2024-03-26 11:14:33-07:00,2024-03-26 11:14:33-07:00,hwhite,campbellrachel,704,1961342025,Updating
2024-03-26 11:14:33-07:00,2024-03-26 11:14:33-07:00,hwhite,campbellrachel,704,1961342025,Criticizing
2024-03-26 11:14:33-07:00,2024-03-26 11:14:33-07:00,hwhite,campbellrachel,704,1961342025,Directing
2024-03-21 22:30:25-07:00,2024-03-21 22:30:25-07:00,campbellrachel,hortiz,712,1953976284,Updating
2024-03-21 22:30:25-07:00,2024-03-21 22:30:25-07:00,campbellrachel,hortiz,712,1953976284,Updating
2024-03-21 22:32:12-07:00,2024-03-21 22:32:11-07:00,campbellrachel,hortiz,712,1535073231,Updating
2024-03-21 22:32:12-07:00,2024-03-21 22:32:12-07:00,campbellrachel,hortiz,712,1953977732,Empty
2024-03-21 22:35:03-07:00,2024-03-21 22:35:03-07:00,hortiz,hortiz,712,1535074751,Asking
2024-03-21 22:35:03-07:00,2024-03-21 22:35:03-07:00,hortiz,hortiz,712,1535074751,Updating
2024-03-21 22:35:03-07:00,2024-03-21 22:35:03-07:00,hortiz,hortiz,712,1953980043,Empty
2024-03-21 22:41:20-07:00,2024-03-21 22:41:20-07:00,campbellrachel,hortiz,712,1953988274,Empty
2024-03-21 22:41:28-07:00,2024-03-21 22:41:19-07:00,campbellrachel,hortiz,712,1535079429,Asking
2024-03-21 22:41:28-07:00,2024-03-21 22:41:19-07:00,campbellrachel,hortiz,712,1535079429,Updating
2024-03-21 22:41:28-07:00,2024-03-21 22:41:19-07:00,campbellrachel,hortiz,712,1535079429,Updating
2024-03-26 11:18:37-07:00,2024-03-26 11:18:37-07:00,hwhite,hortiz,712,1961350180,Empty
2024-03-26 11:18:37-07:00,2024-03-26 11:18:37-07:00,hwhite,hortiz,712,1539864406,Agreeing
2024-03-26 11:20:41-07:00,2024-03-26 11:20:41-07:00,hwhite,hortiz,712,1961355898,Empty
2024-03-26 11:20:41-07:00,2024-03-26 11:20:41-07:00,hwhite,hortiz,712,1539868327,Approving
2024-03-26 11:20:41-07:00,2024-03-26 11:20:41-07:00,hwhite,hortiz,712,1539868327,Criticizing
2024-03-26 11:20:41-07:00,2024-03-26 11:20:41-07:00,hwhite,hortiz,712,1539868327,Criticizing
2024-03-26 11:31:32-07:00,2024-03-26 11:31:32-07:00,hwhite,hortiz,712,1961381730,Empty
2024-03-26 11:31:32-07:00,2024-03-26 11:31:32-07:00,hwhite,hortiz,712,1539887397,Directing
2024-03-26 11:31:32-07:00,2024-03-26 11:31:32-07:00,hwhite,hortiz,712,1539887397,Directing
2024-03-26 11:31:32-07:00,2024-03-26 11:31:32-07:00,hwhite,hortiz,712,1539887397,Suggesting
2024-03-26 11:31:56-07:00,2024-03-26 11:31:56-07:00,hwhite,hortiz,712,1961382884,Criticizing
2024-03-28 22:53:39-07:00,2024-03-28 22:53:39-07:00,campbellrachel,hortiz,712,1967887768,Approving
2024-03-29 00:19:48-07:00,2024-03-29 00:19:48-07:00,anthonyjohnson,hortiz,712,1967999293,Approving
2024-03-19 13:46:26-07:00,2024-03-19 13:46:26-07:00,anthonyjohnson,hortiz,713,1947357239,Approving
2024-03-19 13:46:26-07:00,2024-03-19 13:46:26-07:00,anthonyjohnson,hortiz,713,1947357239,Thanking
2024-03-17 20:14:28-07:00,2024-03-17 20:14:28-07:00,hwhite,josephwatkins,720,1941907794,Thanking
2024-03-25 20:43:45-07:00,2024-03-25 20:43:45-07:00,anthonyjohnson,josephwatkins,722,1538547879,Asking
2024-03-25 20:43:45-07:00,2024-03-25 20:43:45-07:00,anthonyjohnson,josephwatkins,722,1538547879,Directing
2024-03-25 20:43:45-07:00,2024-03-25 20:43:45-07:00,anthonyjohnson,josephwatkins,722,1959240035,Empty
2024-03-25 20:45:51-07:00,2024-03-25 20:45:51-07:00,anthonyjohnson,josephwatkins,722,1538548920,Criticizing
2024-03-25 20:45:51-07:00,2024-03-25 20:45:51-07:00,anthonyjohnson,josephwatkins,722,1538548920,Criticizing
2024-03-25 20:45:51-07:00,2024-03-25 20:45:51-07:00,anthonyjohnson,josephwatkins,722,1959241415,Empty
2024-03-25 20:48:26-07:00,2024-03-25 20:48:26-07:00,josephwatkins,josephwatkins,722,1538550205,Updating
2024-03-25 20:48:26-07:00,2024-03-25 20:48:26-07:00,josephwatkins,josephwatkins,722,1538550205,Updating
2024-03-25 20:48:26-07:00,2024-03-25 20:48:26-07:00,josephwatkins,josephwatkins,722,1959243141,Empty
2024-03-25 20:48:48-07:00,2024-03-25 20:48:48-07:00,josephwatkins,josephwatkins,722,1538550387,Agreeing
2024-03-25 20:48:48-07:00,2024-03-25 20:48:48-07:00,josephwatkins,josephwatkins,722,1538550387,Updating
2024-03-25 20:48:48-07:00,2024-03-25 20:48:48-07:00,josephwatkins,josephwatkins,722,1959243381,Empty
2024-03-25 20:50:51-07:00,2024-03-25 20:50:51-07:00,anthonyjohnson,josephwatkins,722,1538551433,Thanking
2024-03-25 20:50:51-07:00,2024-03-25 20:50:51-07:00,anthonyjohnson,josephwatkins,722,1538551433,Disagreeing
2024-03-25 20:50:51-07:00,2024-03-25 20:50:51-07:00,anthonyjohnson,josephwatkins,722,1959244750,Empty
2024-03-25 20:51:14-07:00,2024-03-25 20:51:14-07:00,anthonyjohnson,josephwatkins,722,1959245001,Approving
2024-03-25 20:51:14-07:00,2024-03-25 20:51:14-07:00,anthonyjohnson,josephwatkins,722,1959245001,Criticizing
2024-03-25 20:58:02-07:00,2024-03-25 20:58:02-07:00,josephwatkins,josephwatkins,722,1959249693,Empty
2024-03-25 20:58:02-07:00,2024-03-25 20:58:02-07:00,josephwatkins,josephwatkins,722,1538554935,Agreeing
2024-03-25 20:58:02-07:00,2024-03-25 20:58:02-07:00,josephwatkins,josephwatkins,722,1538554935,Thanking
2024-03-25 20:58:02-07:00,2024-03-25 20:58:02-07:00,josephwatkins,josephwatkins,722,1538554935,Updating
2024-03-25 21:13:26-07:00,2024-03-25 21:13:26-07:00,anthonyjohnson,josephwatkins,722,1959261269,Approving
2024-03-25 02:12:57-07:00,2024-03-25 02:12:57-07:00,anthonyjohnson,campbellrachel,728,1537254466,Criticizing
2024-03-25 02:12:57-07:00,2024-03-25 02:12:57-07:00,anthonyjohnson,campbellrachel,728,1957191044,Empty
2024-03-26 11:36:38-07:00,2024-03-26 11:36:38-07:00,hwhite,campbellrachel,728,1961394485,Empty
2024-03-26 11:36:38-07:00,2024-03-26 11:36:38-07:00,hwhite,campbellrachel,728,1539896472,Asking
2024-03-26 11:40:06-07:00,2024-03-26 11:40:06-07:00,hwhite,campbellrachel,728,1961405031,Approving
2024-03-26 11:40:06-07:00,2024-03-26 11:40:06-07:00,hwhite,campbellrachel,728,1961405031,Complimenting
2024-03-26 11:40:06-07:00,2024-03-26 11:40:06-07:00,hwhite,campbellrachel,728,1961405031,Criticizing
2024-03-28 22:07:36-07:00,2024-03-28 22:07:36-07:00,campbellrachel,campbellrachel,728,1544065178,Updating
2024-03-28 22:07:36-07:00,2024-03-28 22:07:36-07:00,campbellrachel,campbellrachel,728,1544065178,Agreeing
2024-03-28 22:07:36-07:00,2024-03-28 22:07:36-07:00,campbellrachel,campbellrachel,728,1967838155,Empty
2024-03-29 15:52:21-07:00,2024-03-29 15:52:21-07:00,anthonyjohnson,campbellrachel,728,1969667141,Approving
2024-03-22 12:43:00-07:00,2024-03-22 12:43:00-07:00,hortiz,anthonyjohnson,732,1955668188,Approving
2024-03-24 12:58:56-07:00,2024-03-24 12:58:56-07:00,hortiz,anthonyjohnson,735,1956645155,Complimenting
2024-03-24 12:58:56-07:00,2024-03-24 12:58:56-07:00,hortiz,anthonyjohnson,735,1956645155,Approving
2024-03-25 22:13:54-07:00,2024-03-25 22:13:54-07:00,anthonyjohnson,josephwatkins,736,1959330654,Empty
2024-03-25 22:13:54-07:00,2024-03-25 22:13:54-07:00,anthonyjohnson,josephwatkins,736,1538598627,Criticizing
2024-03-25 22:13:54-07:00,2024-03-25 22:13:54-07:00,anthonyjohnson,josephwatkins,736,1538598627,Directing
2024-03-25 22:14:24-07:00,2024-03-25 22:14:23-07:00,anthonyjohnson,josephwatkins,736,1538598883,Directing
2024-03-25 22:14:24-07:00,2024-03-25 22:14:24-07:00,anthonyjohnson,josephwatkins,736,1959331061,Empty
2024-03-25 22:15:07-07:00,2024-03-25 22:15:07-07:00,anthonyjohnson,josephwatkins,736,1959331774,Empty
2024-03-25 22:15:07-07:00,2024-03-25 22:15:07-07:00,anthonyjohnson,josephwatkins,736,1538599387,Criticizing
2024-03-25 22:15:07-07:00,2024-03-25 22:15:07-07:00,anthonyjohnson,josephwatkins,736,1538599387,Directing
2024-03-25 22:57:30-07:00,2024-03-25 22:57:30-07:00,anthonyjohnson,josephwatkins,736,1538631929,Directing
2024-03-25 22:57:30-07:00,2024-03-25 22:57:30-07:00,anthonyjohnson,josephwatkins,736,1959389616,Empty
2024-03-25 23:02:11-07:00,2024-03-25 23:02:11-07:00,anthonyjohnson,josephwatkins,736,1538635011,Directing
2024-03-25 23:02:11-07:00,2024-03-25 23:02:11-07:00,anthonyjohnson,josephwatkins,736,1959394229,Empty
2024-03-25 23:04:26-07:00,2024-03-25 23:04:26-07:00,anthonyjohnson,josephwatkins,736,1959400156,Empty
2024-03-25 23:05:13-07:00,2024-03-25 23:05:13-07:00,anthonyjohnson,josephwatkins,736,1959401742,Empty
2024-03-25 23:05:13-07:00,2024-03-25 23:05:13-07:00,anthonyjohnson,josephwatkins,736,1538637226,Directing
2024-03-25 23:05:59-07:00,2024-03-25 23:04:26-07:00,anthonyjohnson,josephwatkins,736,1538636477,Directing
2024-03-25 23:08:27-07:00,2024-03-25 23:08:27-07:00,anthonyjohnson,josephwatkins,736,1959407145,Empty
2024-03-25 23:08:27-07:00,2024-03-25 23:08:27-07:00,anthonyjohnson,josephwatkins,736,1538639684,Directing
2024-03-25 23:08:27-07:00,2024-03-25 23:08:27-07:00,anthonyjohnson,josephwatkins,736,1538639684,Criticizing
2024-03-25 23:08:55-07:00,2024-03-25 23:08:55-07:00,anthonyjohnson,josephwatkins,736,1959407632,Empty
2024-03-25 23:08:56-07:00,2024-03-25 23:08:55-07:00,anthonyjohnson,josephwatkins,736,1538639992,Directing
2024-03-25 23:13:51-07:00,2024-03-25 23:13:51-07:00,anthonyjohnson,josephwatkins,736,1959415229,Empty
2024-03-25 23:13:51-07:00,2024-03-25 23:13:51-07:00,anthonyjohnson,josephwatkins,736,1538643214,Directing
2024-03-25 23:13:51-07:00,2024-03-25 23:13:51-07:00,anthonyjohnson,josephwatkins,736,1538643214,Directing
2024-03-25 23:15:32-07:00,2024-03-25 23:15:32-07:00,anthonyjohnson,josephwatkins,736,1538644328,Directing
2024-03-25 23:15:32-07:00,2024-03-25 23:15:32-07:00,anthonyjohnson,josephwatkins,736,1959416914,Empty
2024-03-26 01:03:00-07:00,2024-03-26 01:03:00-07:00,anthonyjohnson,josephwatkins,736,1538740528,Criticizing
2024-03-26 01:03:00-07:00,2024-03-26 01:03:00-07:00,anthonyjohnson,josephwatkins,736,1959585911,Empty
2024-03-26 01:03:42-07:00,2024-03-26 01:03:42-07:00,anthonyjohnson,josephwatkins,736,1538741234,Directing
2024-03-26 01:03:42-07:00,2024-03-26 01:03:42-07:00,anthonyjohnson,josephwatkins,736,1538741234,Directing
2024-03-26 01:03:42-07:00,2024-03-26 01:03:42-07:00,anthonyjohnson,josephwatkins,736,1959587631,Empty
2024-03-26 02:04:55-07:00,2024-03-26 02:04:55-07:00,anthonyjohnson,josephwatkins,736,1959731150,Approving
2024-03-26 02:04:55-07:00,2024-03-26 02:04:55-07:00,anthonyjohnson,josephwatkins,736,1959731150,Complimenting
2024-03-26 11:50:40-07:00,2024-03-26 11:50:40-07:00,hwhite,josephwatkins,736,1961432577,Approving
2024-03-26 11:50:40-07:00,2024-03-26 11:50:40-07:00,hwhite,josephwatkins,736,1961432577,Complimenting
2024-03-26 11:50:40-07:00,2024-03-26 11:50:40-07:00,hwhite,josephwatkins,736,1961432577,Criticizing
2024-03-26 11:50:40-07:00,2024-03-26 11:50:40-07:00,hwhite,josephwatkins,736,1961432577,Directing
2024-03-26 11:50:40-07:00,2024-03-26 11:50:40-07:00,hwhite,josephwatkins,736,1961432577,Explaining
2024-03-26 19:09:04-07:00,2024-03-26 19:09:04-07:00,hwhite,josephwatkins,736,1962124581,Approving
2024-03-26 19:09:04-07:00,2024-03-26 19:09:04-07:00,hwhite,josephwatkins,736,1962124581,Approving
2024-03-24 02:59:42-07:00,2024-03-24 02:59:42-07:00,anthonyjohnson,hwhite,737,1536780050,Directing
2024-03-24 02:59:42-07:00,2024-03-24 02:59:42-07:00,anthonyjohnson,hwhite,737,1536780050,Directing
2024-03-24 02:59:42-07:00,2024-03-24 02:59:42-07:00,anthonyjohnson,hwhite,737,1536780050,Criticizing
2024-03-24 02:59:42-07:00,2024-03-24 02:59:42-07:00,anthonyjohnson,hwhite,737,1956516341,Empty
2024-03-24 03:03:23-07:00,2024-03-24 03:03:23-07:00,anthonyjohnson,hwhite,737,1956516878,Thanking
2024-03-24 03:03:23-07:00,2024-03-24 03:03:23-07:00,anthonyjohnson,hwhite,737,1956516878,Updating
2024-03-24 03:03:23-07:00,2024-03-24 03:03:23-07:00,anthonyjohnson,hwhite,737,1956516878,Criticizing
2024-03-24 13:15:03-07:00,2024-03-24 13:15:03-07:00,hortiz,hwhite,737,1956647564,Empty
2024-03-24 13:15:03-07:00,2024-03-24 13:15:03-07:00,hortiz,hwhite,737,1536903297,Directing
2024-03-24 16:10:06-07:00,2024-03-24 16:10:05-07:00,hwhite,hwhite,737,1536932794,Agreeing
2024-03-24 16:10:06-07:00,2024-03-24 16:10:05-07:00,hwhite,hwhite,737,1536932794,Asking
2024-03-24 16:10:06-07:00,2024-03-24 16:10:06-07:00,hwhite,hwhite,737,1956681339,Empty
2024-03-24 16:35:09-07:00,2024-03-24 16:35:09-07:00,anthonyjohnson,hwhite,737,1536937520,Agreeing
2024-03-24 16:35:09-07:00,2024-03-24 16:35:09-07:00,anthonyjohnson,hwhite,737,1956687350,Empty
2024-03-24 17:01:39-07:00,2024-03-24 17:01:39-07:00,hwhite,hwhite,737,1956694271,Empty
2024-03-24 17:01:39-07:00,2024-03-24 17:01:39-07:00,hwhite,hwhite,737,1536943189,Thanking
2024-03-24 21:51:29-07:00,2024-03-24 21:51:29-07:00,anthonyjohnson,hwhite,737,1956867588,Empty
2024-03-24 22:30:26-07:00,2024-03-24 22:30:26-07:00,anthonyjohnson,hwhite,737,1537073817,Criticizing
2024-03-24 22:30:26-07:00,2024-03-24 22:30:26-07:00,anthonyjohnson,hwhite,737,1537073817,Criticizing
2024-03-24 22:30:26-07:00,2024-03-24 22:30:26-07:00,anthonyjohnson,hwhite,737,1956896652,Empty
2024-03-24 22:32:42-07:00,2024-03-24 22:32:42-07:00,anthonyjohnson,hwhite,737,1956899470,Empty
2024-03-24 22:32:42-07:00,2024-03-24 22:32:42-07:00,anthonyjohnson,hwhite,737,1537075493,Criticizing
2024-03-24 22:32:42-07:00,2024-03-24 22:32:42-07:00,anthonyjohnson,hwhite,737,1537075493,Updating
2024-03-24 22:32:42-07:00,2024-03-24 22:32:42-07:00,anthonyjohnson,hwhite,737,1537075493,Suggesting
2024-03-24 22:33:23-07:00,2024-03-24 22:33:23-07:00,anthonyjohnson,hwhite,737,1956900541,Empty
2024-03-24 22:33:35-07:00,2024-03-24 22:33:23-07:00,anthonyjohnson,hwhite,737,1537076140,Criticizing
2024-03-24 22:36:47-07:00,2024-03-24 22:36:47-07:00,anthonyjohnson,hwhite,737,1956905006,Empty
2024-03-24 22:36:48-07:00,2024-03-24 22:36:47-07:00,anthonyjohnson,hwhite,737,1537078320,Criticizing
2024-03-24 22:36:48-07:00,2024-03-24 22:36:47-07:00,anthonyjohnson,hwhite,737,1537078320,Directing
2024-03-24 22:38:13-07:00,2024-03-24 22:38:13-07:00,anthonyjohnson,hwhite,737,1537079256,Directing
2024-03-24 22:38:13-07:00,2024-03-24 22:38:13-07:00,anthonyjohnson,hwhite,737,1537079256,Updating
2024-03-24 22:38:13-07:00,2024-03-24 22:38:13-07:00,anthonyjohnson,hwhite,737,1956906912,Empty
2024-03-24 22:53:08-07:00,2024-03-24 22:53:08-07:00,anthonyjohnson,hwhite,737,1956919872,Approving
2024-03-24 22:53:08-07:00,2024-03-24 22:53:08-07:00,anthonyjohnson,hwhite,737,1956919872,Criticizing
2024-03-24 22:53:08-07:00,2024-03-24 22:53:08-07:00,anthonyjohnson,hwhite,737,1956919872,Directing
2024-03-26 11:54:28-07:00,2024-03-26 11:54:27-07:00,hwhite,hwhite,737,1539931554,Updating
2024-03-26 11:54:28-07:00,2024-03-26 11:54:27-07:00,hwhite,hwhite,737,1539931554,Updating
2024-03-26 11:54:28-07:00,2024-03-26 11:54:28-07:00,hwhite,hwhite,737,1961447659,Empty
2024-03-26 11:56:51-07:00,2024-03-26 11:56:51-07:00,hwhite,hwhite,737,1539934318,Directing
2024-03-26 11:56:51-07:00,2024-03-26 11:56:51-07:00,hwhite,hwhite,737,1539934318,Updating
2024-03-26 11:56:51-07:00,2024-03-26 11:56:51-07:00,hwhite,hwhite,737,1961452054,Empty
2024-03-27 23:23:30-07:00,2024-03-27 23:23:30-07:00,anthonyjohnson,hwhite,737,1965259759,Empty
2024-03-27 23:23:30-07:00,2024-03-27 23:23:30-07:00,anthonyjohnson,hwhite,737,1542374062,Thanking
2024-03-27 23:28:11-07:00,2024-03-27 23:28:11-07:00,anthonyjohnson,hwhite,737,1965266897,Empty
2024-03-27 23:32:33-07:00,2024-03-27 23:28:11-07:00,anthonyjohnson,hwhite,737,1542379681,Suggesting
2024-03-27 23:32:33-07:00,2024-03-27 23:28:11-07:00,anthonyjohnson,hwhite,737,1542379681,Updating
2024-03-27 23:35:56-07:00,2024-03-27 23:35:56-07:00,anthonyjohnson,hwhite,737,1965275422,Empty
2024-03-27 23:35:56-07:00,2024-03-27 23:35:56-07:00,anthonyjohnson,hwhite,737,1542385169,Updating
2024-03-27 23:35:56-07:00,2024-03-27 23:35:56-07:00,anthonyjohnson,hwhite,737,1542385169,Updating
2024-03-27 23:35:56-07:00,2024-03-27 23:35:56-07:00,anthonyjohnson,hwhite,737,1542385169,Updating
2024-03-27 23:35:56-07:00,2024-03-27 23:35:56-07:00,anthonyjohnson,hwhite,737,1542385169,Approving
2024-03-27 23:36:11-07:00,2024-03-24 21:51:29-07:00,anthonyjohnson,hwhite,737,1537053784,Criticizing
2024-03-28 01:21:49-07:00,2024-03-28 01:21:49-07:00,campbellrachel,hwhite,737,1965453832,Updating
2024-03-28 01:21:49-07:00,2024-03-28 01:21:49-07:00,campbellrachel,hwhite,737,1965453832,Approving
2024-03-28 01:21:49-07:00,2024-03-28 01:21:49-07:00,campbellrachel,hwhite,737,1965453832,Complimenting
2024-03-28 01:21:49-07:00,2024-03-28 01:21:49-07:00,campbellrachel,hwhite,737,1965453832,Criticizing
2024-03-28 01:21:49-07:00,2024-03-28 01:21:49-07:00,campbellrachel,hwhite,737,1965453832,Asking
2024-03-29 18:30:37-07:00,2024-03-29 18:30:37-07:00,hwhite,hwhite,737,1544999228,Updating
2024-03-29 18:30:37-07:00,2024-03-29 18:30:37-07:00,hwhite,hwhite,737,1969713749,Empty
2024-03-29 19:59:27-07:00,2024-03-29 19:59:27-07:00,anthonyjohnson,hwhite,737,1969732001,Empty
2024-03-29 19:59:28-07:00,2024-03-29 19:59:27-07:00,anthonyjohnson,hwhite,737,1545044374,Criticizing
2024-03-29 19:59:28-07:00,2024-03-29 19:59:27-07:00,anthonyjohnson,hwhite,737,1545044374,Asking
2024-03-29 21:31:58-07:00,2024-03-29 21:31:58-07:00,anthonyjohnson,hwhite,737,1545095207,Updating
2024-03-29 21:31:58-07:00,2024-03-29 21:31:58-07:00,anthonyjohnson,hwhite,737,1545095207,Updating
2024-03-29 21:31:58-07:00,2024-03-29 21:31:58-07:00,anthonyjohnson,hwhite,737,1969793813,Empty
2024-03-29 21:33:25-07:00,2024-03-29 21:33:25-07:00,anthonyjohnson,hwhite,737,1969794774,Approving
2024-03-29 21:33:25-07:00,2024-03-29 21:33:25-07:00,anthonyjohnson,hwhite,737,1969794774,Criticizing
2024-03-31 12:01:58-07:00,2024-03-31 12:01:58-07:00,hortiz,hwhite,737,1970392185,Complimenting
2024-03-31 17:09:58-07:00,2024-03-31 17:09:58-07:00,anthonyjohnson,hwhite,737,1970511403,Approving
2024-03-31 17:09:58-07:00,2024-03-31 17:09:58-07:00,anthonyjohnson,hwhite,737,1970511403,Criticizing
2024-03-31 17:16:33-07:00,2024-03-31 17:16:33-07:00,anthonyjohnson,hwhite,737,1970512739,Empty
2024-03-31 17:16:33-07:00,2024-03-31 17:16:33-07:00,anthonyjohnson,hwhite,737,1545870156,Criticizing
2024-03-31 17:17:21-07:00,2024-03-31 17:17:21-07:00,anthonyjohnson,hwhite,737,1970512902,Empty
2024-03-31 17:17:21-07:00,2024-03-31 17:17:21-07:00,anthonyjohnson,hwhite,737,1545870271,Directing
2024-03-31 17:18:20-07:00,2024-03-31 17:18:20-07:00,anthonyjohnson,hwhite,737,1970513136,Empty
2024-03-31 17:18:20-07:00,2024-03-31 17:18:20-07:00,anthonyjohnson,hwhite,737,1545870426,Directing
2024-03-31 17:47:59-07:00,2024-03-31 17:47:59-07:00,hwhite,hwhite,737,1970520275,Empty
2024-03-31 17:47:59-07:00,2024-03-31 17:47:59-07:00,hwhite,hwhite,737,1545875319,Agreeing
2024-03-31 17:47:59-07:00,2024-03-31 17:47:59-07:00,hwhite,hwhite,737,1545875319,Updating
2024-03-31 18:01:35-07:00,2024-03-31 18:01:35-07:00,anthonyjohnson,hwhite,737,1970524113,Approving
2024-03-31 18:01:35-07:00,2024-03-31 18:01:35-07:00,anthonyjohnson,hwhite,737,1970524113,Approving
2024-03-31 18:09:47-07:00,2024-03-31 18:09:47-07:00,josephwatkins,hwhite,737,1970526641,Complimenting
2024-03-25 22:47:57-07:00,2024-03-25 22:47:56-07:00,anthonyjohnson,hwhite,742,1538626113,Directing
2024-03-25 22:47:57-07:00,2024-03-25 22:47:57-07:00,anthonyjohnson,hwhite,742,1959380548,Empty
2024-03-25 22:48:36-07:00,2024-03-25 22:48:36-07:00,anthonyjohnson,hwhite,742,1959381121,Empty
2024-03-25 22:48:36-07:00,2024-03-25 22:48:36-07:00,anthonyjohnson,hwhite,742,1538626537,Criticizing
2024-03-25 22:54:50-07:00,2024-03-25 22:54:50-07:00,anthonyjohnson,hwhite,742,1959387111,Empty
2024-03-25 22:55:30-07:00,2024-03-25 22:55:30-07:00,anthonyjohnson,hwhite,742,1959387756,Empty
2024-03-25 22:55:30-07:00,2024-03-25 22:55:30-07:00,anthonyjohnson,hwhite,742,1538630747,Asking
2024-03-25 22:56:15-07:00,2024-03-25 22:54:50-07:00,anthonyjohnson,hwhite,742,1538630357,Updating
2024-03-25 22:56:15-07:00,2024-03-25 22:54:50-07:00,anthonyjohnson,hwhite,742,1538630357,Criticizing
2024-03-25 22:56:15-07:00,2024-03-25 22:54:50-07:00,anthonyjohnson,hwhite,742,1538630357,Asking
2024-03-25 22:56:15-07:00,2024-03-25 22:54:50-07:00,anthonyjohnson,hwhite,742,1538630357,Criticizing
2024-03-25 22:56:15-07:00,2024-03-25 22:54:50-07:00,anthonyjohnson,hwhite,742,1538630357,Criticizing
2024-03-25 22:56:15-07:00,2024-03-25 22:54:50-07:00,anthonyjohnson,hwhite,742,1538630357,Asking
2024-03-25 22:56:15-07:00,2024-03-25 22:54:50-07:00,anthonyjohnson,hwhite,742,1538630357,Suggesting
2024-03-26 23:09:49-07:00,2024-03-26 23:09:49-07:00,hwhite,hwhite,742,1540528279,Agreeing
2024-03-26 23:09:49-07:00,2024-03-26 23:09:49-07:00,hwhite,hwhite,742,1962393520,Empty
2024-03-26 23:17:39-07:00,2024-03-26 23:17:39-07:00,hwhite,hwhite,742,1540535368,Suggesting
2024-03-26 23:17:39-07:00,2024-03-26 23:17:39-07:00,hwhite,hwhite,742,1540535368,Directing
2024-03-26 23:17:39-07:00,2024-03-26 23:17:39-07:00,hwhite,hwhite,742,1962404325,Empty
2024-03-26 23:40:23-07:00,2024-03-26 23:40:23-07:00,hwhite,hwhite,742,1540551940,Suggesting
2024-03-26 23:40:23-07:00,2024-03-26 23:40:23-07:00,hwhite,hwhite,742,1540551940,Updating
2024-03-26 23:40:23-07:00,2024-03-26 23:40:23-07:00,hwhite,hwhite,742,1962433220,Empty
2024-03-26 23:51:17-07:00,2024-03-26 23:51:17-07:00,hwhite,hwhite,742,1962446897,Empty
2024-03-26 23:51:17-07:00,2024-03-26 23:51:17-07:00,hwhite,hwhite,742,1540560504,Suggesting
2024-03-26 23:51:17-07:00,2024-03-26 23:51:17-07:00,hwhite,hwhite,742,1540560504,Criticizing
2024-03-26 23:51:17-07:00,2024-03-26 23:51:17-07:00,hwhite,hwhite,742,1540560504,Suggesting
2024-03-27 23:31:52-07:00,2024-03-27 23:31:52-07:00,campbellrachel,hwhite,742,1965270814,Directing
2024-03-27 23:39:12-07:00,2024-03-27 23:39:12-07:00,anthonyjohnson,hwhite,742,1965283532,Empty
2024-03-27 23:39:12-07:00,2024-03-27 23:39:12-07:00,anthonyjohnson,hwhite,742,1542388448,Suggesting
2024-03-27 23:39:12-07:00,2024-03-27 23:39:12-07:00,anthonyjohnson,hwhite,742,1542388448,Criticizing
2024-03-27 23:39:12-07:00,2024-03-27 23:39:12-07:00,anthonyjohnson,hwhite,742,1542388448,Directing
2024-03-29 21:37:19-07:00,2024-03-29 21:37:19-07:00,anthonyjohnson,hwhite,742,1969796883,Empty
2024-03-29 21:37:19-07:00,2024-03-29 21:37:19-07:00,anthonyjohnson,hwhite,742,1545102329,Asking
2024-03-29 21:37:19-07:00,2024-03-29 21:37:19-07:00,anthonyjohnson,hwhite,742,1545102329,Asking
2024-03-29 21:37:19-07:00,2024-03-29 21:37:19-07:00,anthonyjohnson,hwhite,742,1545102329,Criticizing
2024-03-30 13:51:22-07:00,2024-03-30 13:51:22-07:00,hortiz,hwhite,742,1970057345,Empty
2024-03-30 13:51:22-07:00,2024-03-30 13:51:22-07:00,hortiz,hwhite,742,1545495029,Directing
2024-03-30 13:51:22-07:00,2024-03-30 13:51:22-07:00,hortiz,hwhite,742,1545495029,Approving
2024-03-30 20:24:23-07:00,2024-03-30 20:24:23-07:00,anthonyjohnson,hwhite,742,1970085316,Empty
2024-03-30 20:24:23-07:00,2024-03-30 20:24:23-07:00,anthonyjohnson,hwhite,742,1545531601,Directing
2024-03-31 20:34:02-07:00,2024-03-31 20:34:02-07:00,anthonyjohnson,hwhite,742,1970612840,Thanking
2024-03-31 20:34:02-07:00,2024-03-31 20:34:02-07:00,anthonyjohnson,hwhite,742,1970612840,Approving
2024-03-31 20:34:02-07:00,2024-03-31 20:34:02-07:00,anthonyjohnson,hwhite,742,1970612840,Updating
2024-03-31 20:37:00-07:00,2024-03-31 20:37:00-07:00,anthonyjohnson,hwhite,742,1970614042,Empty
2024-03-25 21:34:48-07:00,2024-03-25 21:34:48-07:00,anthonyjohnson,hwhite,746,1959281793,Approving
2024-03-25 21:34:48-07:00,2024-03-25 21:34:48-07:00,anthonyjohnson,hwhite,746,1959281793,Approving
2024-03-25 21:55:26-07:00,2024-03-25 21:55:25-07:00,anthonyjohnson,hwhite,746,1538586485,Updating
2024-03-25 21:55:26-07:00,2024-03-25 21:55:25-07:00,anthonyjohnson,hwhite,746,1538586485,Criticizing
2024-03-25 21:55:26-07:00,2024-03-25 21:55:26-07:00,anthonyjohnson,hwhite,746,1959311639,Empty
2024-03-25 21:57:59-07:00,2024-03-25 21:57:59-07:00,anthonyjohnson,hwhite,746,1959315941,Empty
2024-03-25 21:57:59-07:00,2024-03-25 21:57:59-07:00,anthonyjohnson,hwhite,746,1538588509,Directing
2024-03-25 21:57:59-07:00,2024-03-25 21:57:59-07:00,anthonyjohnson,hwhite,746,1538588509,Directing
2024-03-27 21:54:20-07:00,2024-03-27 21:54:20-07:00,anthonyjohnson,hwhite,746,1965163249,Approving
2024-03-27 21:54:20-07:00,2024-03-27 21:54:20-07:00,anthonyjohnson,hwhite,746,1965163249,Complimenting
2024-03-24 23:59:44-07:00,2024-03-24 23:59:44-07:00,anthonyjohnson,josephwatkins,747,1956981122,Updating
2024-03-24 23:59:44-07:00,2024-03-24 23:59:44-07:00,anthonyjohnson,josephwatkins,747,1956981122,Thanking
2024-03-28 18:28:56-07:00,2024-03-28 18:28:56-07:00,hortiz,anthonyjohnson,749,1967656963,Updating
2024-03-28 01:29:12-07:00,2024-03-28 01:29:12-07:00,campbellrachel,anthonyjohnson,754,1965468433,Approving
2024-03-31 17:12:20-07:00,2024-03-31 17:12:20-07:00,hwhite,josephwatkins,755,1970511848,Approving
2024-03-31 17:12:20-07:00,2024-03-31 17:12:20-07:00,hwhite,josephwatkins,755,1970511848,Updating
2024-03-31 17:12:20-07:00,2024-03-31 17:12:20-07:00,hwhite,josephwatkins,755,1970511848,Criticizing
2024-03-31 17:12:20-07:00,2024-03-31 17:12:20-07:00,hwhite,josephwatkins,755,1970511848,Directing
2024-04-05 15:27:09-07:00,2024-04-05 15:27:09-07:00,campbellrachel,josephwatkins,755,1984290373,Updating
2024-04-05 15:27:09-07:00,2024-04-05 15:27:09-07:00,campbellrachel,josephwatkins,755,1984290373,Asking
2024-04-05 15:27:09-07:00,2024-04-05 15:27:09-07:00,campbellrachel,josephwatkins,755,1984290373,Directing
2024-04-05 16:15:04-07:00,2024-04-05 16:15:04-07:00,hwhite,josephwatkins,755,1984359824,Directing
2024-04-05 16:15:04-07:00,2024-04-05 16:15:04-07:00,hwhite,josephwatkins,755,1984359824,Approving
2024-04-05 16:15:04-07:00,2024-04-05 16:15:04-07:00,hwhite,josephwatkins,755,1984359824,Complimenting
2024-04-05 21:50:27-07:00,2024-04-05 21:50:27-07:00,anthonyjohnson,josephwatkins,755,1984440884,Approving
2024-04-05 21:51:11-07:00,2024-04-05 21:51:11-07:00,campbellrachel,josephwatkins,755,1984440945,Approving
2024-03-29 00:37:27-07:00,2024-03-29 00:37:27-07:00,anthonyjohnson,campbellrachel,757,1544186305,Directing
2024-03-29 00:37:27-07:00,2024-03-29 00:37:27-07:00,anthonyjohnson,campbellrachel,757,1544186305,Updating
2024-03-29 00:37:27-07:00,2024-03-29 00:37:27-07:00,anthonyjohnson,campbellrachel,757,1968021313,Empty
2024-03-29 00:45:21-07:00,2024-03-29 00:45:21-07:00,anthonyjohnson,campbellrachel,757,1544191346,Directing
2024-03-29 00:45:21-07:00,2024-03-29 00:45:21-07:00,anthonyjohnson,campbellrachel,757,1968032879,Empty
2024-03-29 00:48:15-07:00,2024-03-29 00:48:15-07:00,anthonyjohnson,campbellrachel,757,1968035570,Approving
2024-03-29 00:48:15-07:00,2024-03-29 00:48:15-07:00,anthonyjohnson,campbellrachel,757,1968035570,Directing
2024-03-29 17:18:20-07:00,2024-03-29 17:18:20-07:00,hwhite,campbellrachel,757,1969697557,Approving
2024-03-30 14:22:48-07:00,2024-03-30 14:22:48-07:00,campbellrachel,campbellrachel,757,1545498220,Updating
2024-03-30 14:22:48-07:00,2024-03-30 14:22:48-07:00,campbellrachel,campbellrachel,757,1970059840,Empty
2024-03-30 20:11:31-07:00,2024-03-30 20:11:31-07:00,anthonyjohnson,campbellrachel,757,1970084327,Empty
2024-03-30 20:18:50-07:00,2024-03-30 20:11:21-07:00,anthonyjohnson,campbellrachel,757,1545530318,Directing
2024-03-30 20:49:49-07:00,2024-03-30 20:49:49-07:00,anthonyjohnson,campbellrachel,757,1970089501,Approving
2024-03-30 20:49:49-07:00,2024-03-30 20:49:49-07:00,anthonyjohnson,campbellrachel,757,1970089501,Updating
2024-03-30 20:54:55-07:00,2024-03-30 20:54:55-07:00,anthonyjohnson,campbellrachel,757,1970090109,Empty
2024-03-31 16:57:22-07:00,2024-03-31 16:57:22-07:00,anthonyjohnson,hortiz,763,1970509120,Approving
2024-03-31 11:31:25-07:00,2024-03-31 11:31:25-07:00,hwhite,anthonyjohnson,764,1970373049,Approving
2024-03-31 11:31:25-07:00,2024-03-31 11:31:25-07:00,hwhite,anthonyjohnson,764,1970373049,Approving
2024-03-31 12:03:04-07:00,2024-03-31 12:03:04-07:00,hortiz,anthonyjohnson,764,1970392502,Complimenting
2024-03-31 11:35:57-07:00,2024-03-31 11:35:57-07:00,hwhite,anthonyjohnson,766,1970375317,Approving
2024-03-31 11:35:57-07:00,2024-03-31 11:35:57-07:00,hwhite,anthonyjohnson,766,1970375317,Updating
2024-03-31 11:35:57-07:00,2024-03-31 11:35:57-07:00,hwhite,anthonyjohnson,766,1970375317,Directing
2024-03-31 11:35:57-07:00,2024-03-31 11:35:57-07:00,hwhite,anthonyjohnson,766,1970375317,Updating
2024-04-01 23:58:55-07:00,2024-04-01 23:58:55-07:00,josephwatkins,anthonyjohnson,766,1972779279,Approving
2024-04-01 23:58:55-07:00,2024-04-01 23:58:55-07:00,josephwatkins,anthonyjohnson,766,1972779279,Complimenting
2024-03-31 17:13:06-07:00,2024-03-31 17:11:41-07:00,anthonyjohnson,hortiz,768,1545869414,Updating
2024-03-31 17:13:06-07:00,2024-03-31 17:11:41-07:00,anthonyjohnson,hortiz,768,1545869414,Complimenting
2024-03-31 17:13:06-07:00,2024-03-31 17:11:41-07:00,anthonyjohnson,hortiz,768,1545869414,Directing
2024-03-31 17:13:06-07:00,2024-03-31 17:11:59-07:00,anthonyjohnson,hortiz,768,1545869439,Directing
2024-03-31 17:13:06-07:00,2024-03-31 17:13:06-07:00,anthonyjohnson,hortiz,768,1970511719,Empty
2024-03-31 17:14:52-07:00,2024-03-31 17:14:52-07:00,hwhite,hortiz,768,1970512365,Updating
2024-03-31 17:20:54-07:00,2024-03-31 17:20:54-07:00,josephwatkins,hortiz,768,1970513708,Empty
2024-03-31 17:20:54-07:00,2024-03-31 17:20:54-07:00,josephwatkins,hortiz,768,1545870780,Agreeing
2024-03-31 19:52:53-07:00,2024-03-31 19:52:53-07:00,anthonyjohnson,hortiz,768,1970584318,Empty
2024-03-31 19:52:53-07:00,2024-03-31 19:52:53-07:00,anthonyjohnson,hortiz,768,1545910562,Asking
2024-03-31 19:54:26-07:00,2024-03-31 19:54:26-07:00,hortiz,hortiz,768,1970585011,Empty
2024-03-31 19:54:27-07:00,2024-03-31 19:54:26-07:00,hortiz,hortiz,768,1545911746,Agreeing
2024-03-31 19:54:31-07:00,2024-03-31 19:54:31-07:00,anthonyjohnson,hortiz,768,1545911806,Criticizing
2024-03-31 19:54:31-07:00,2024-03-31 19:54:31-07:00,anthonyjohnson,hortiz,768,1545911806,Directing
2024-03-31 19:54:31-07:00,2024-03-31 19:54:31-07:00,anthonyjohnson,hortiz,768,1970585044,Empty
2024-03-31 19:56:40-07:00,2024-03-31 19:56:40-07:00,hortiz,hortiz,768,1545913433,Complimenting
2024-03-31 19:56:40-07:00,2024-03-31 19:56:40-07:00,hortiz,hortiz,768,1970586095,Empty
2024-03-31 20:01:19-07:00,2024-03-31 20:01:19-07:00,hortiz,hortiz,768,1545917251,Disagreeing
2024-03-31 20:01:19-07:00,2024-03-31 20:01:19-07:00,hortiz,hortiz,768,1970588297,Empty
2024-03-31 20:03:10-07:00,2024-03-31 20:03:10-07:00,anthonyjohnson,hortiz,768,1970589188,Empty
2024-03-31 20:03:10-07:00,2024-03-31 20:03:10-07:00,anthonyjohnson,hortiz,768,1545918651,Suggesting
2024-03-31 20:09:30-07:00,2024-03-31 20:09:30-07:00,hortiz,hortiz,768,1545923280,Updating
2024-03-31 20:09:30-07:00,2024-03-31 20:09:30-07:00,hortiz,hortiz,768,1970599268,Empty
2024-03-31 20:15:35-07:00,2024-03-31 20:15:35-07:00,anthonyjohnson,hortiz,768,1970603376,Approving
2024-03-31 20:15:35-07:00,2024-03-31 20:15:35-07:00,anthonyjohnson,hortiz,768,1970603376,Updating
2024-03-31 20:26:53-07:00,2024-03-31 20:26:53-07:00,anthonyjohnson,hortiz,768,1970609797,Empty
2024-04-03 02:47:27-07:00,2024-04-03 02:41:07-07:00,campbellrachel,hwhite,770,1549363346,Suggesting
2024-04-03 02:47:27-07:00,2024-04-03 02:41:25-07:00,campbellrachel,hwhite,770,1549363837,Directing
2024-04-03 02:47:27-07:00,2024-04-03 02:46:46-07:00,campbellrachel,hwhite,770,1549373453,Criticizing
2024-04-03 02:47:27-07:00,2024-04-03 02:47:27-07:00,campbellrachel,hwhite,770,1976189787,Directing
2024-04-03 02:47:27-07:00,2024-04-03 02:47:27-07:00,campbellrachel,hwhite,770,1976189787,Thanking
2024-04-03 11:05:58-07:00,2024-04-03 11:05:58-07:00,hwhite,hwhite,770,1977606685,Empty
2024-04-03 11:05:58-07:00,2024-04-03 11:05:58-07:00,hwhite,hwhite,770,1550231025,Updating
2024-04-03 16:00:42-07:00,2024-04-03 16:00:42-07:00,campbellrachel,hwhite,770,1978247636,Empty
2024-04-03 21:34:17-07:00,2024-04-03 21:34:17-07:00,anthonyjohnson,hwhite,770,1978699772,Empty
2024-04-03 21:34:17-07:00,2024-04-03 21:34:17-07:00,anthonyjohnson,hwhite,770,1550909642,Explaining
2024-04-03 21:34:17-07:00,2024-04-03 21:34:17-07:00,anthonyjohnson,hwhite,770,1550909642,Explaining
2024-04-03 21:34:17-07:00,2024-04-03 21:34:17-07:00,anthonyjohnson,hwhite,770,1550909642,Explaining
2024-04-03 21:34:30-07:00,2024-04-03 21:34:30-07:00,anthonyjohnson,hwhite,770,1978699916,Empty
2024-04-03 21:34:30-07:00,2024-04-03 21:34:30-07:00,anthonyjohnson,hwhite,770,1550909735,Directing
2024-04-03 21:43:41-07:00,2024-04-03 21:43:41-07:00,anthonyjohnson,hwhite,770,1978707290,Empty
2024-04-03 21:43:54-07:00,2024-04-03 21:43:41-07:00,anthonyjohnson,hwhite,770,1550914702,Criticizing
2024-04-03 21:44:52-07:00,2024-04-03 21:44:52-07:00,anthonyjohnson,hwhite,770,1978708211,Empty
2024-04-03 21:44:52-07:00,2024-04-03 21:44:52-07:00,anthonyjohnson,hwhite,770,1550915277,Directing
2024-04-03 21:47:38-07:00,2024-04-03 21:47:38-07:00,anthonyjohnson,hwhite,770,1978710543,Empty
2024-04-03 21:47:38-07:00,2024-04-03 21:47:38-07:00,anthonyjohnson,hwhite,770,1550916834,Updating
2024-04-03 21:47:38-07:00,2024-04-03 21:47:38-07:00,anthonyjohnson,hwhite,770,1550916834,Agreeing
2024-04-03 21:51:37-07:00,2024-04-03 21:51:37-07:00,anthonyjohnson,hwhite,770,1550918933,Directing
2024-04-03 21:51:37-07:00,2024-04-03 21:51:37-07:00,anthonyjohnson,hwhite,770,1978714200,Empty
2024-04-03 21:52:53-07:00,2024-04-03 21:52:53-07:00,anthonyjohnson,hwhite,770,1978716735,Empty
2024-04-03 21:52:53-07:00,2024-04-03 21:52:53-07:00,anthonyjohnson,hwhite,770,1550919987,Directing
2024-04-03 21:52:53-07:00,2024-04-03 21:52:53-07:00,anthonyjohnson,hwhite,770,1550919987,Criticizing
2024-04-03 21:52:53-07:00,2024-04-03 21:52:53-07:00,anthonyjohnson,hwhite,770,1550919987,Asking
2024-04-03 21:59:27-07:00,2024-04-03 21:59:27-07:00,anthonyjohnson,hwhite,770,1550923953,Asking
2024-04-03 21:59:27-07:00,2024-04-03 21:59:27-07:00,anthonyjohnson,hwhite,770,1550923953,Updating
2024-04-03 21:59:27-07:00,2024-04-03 21:59:27-07:00,anthonyjohnson,hwhite,770,1550923953,Directing
2024-04-03 21:59:27-07:00,2024-04-03 21:59:27-07:00,anthonyjohnson,hwhite,770,1978725321,Empty
2024-04-03 22:05:31-07:00,2024-04-03 22:05:31-07:00,anthonyjohnson,hwhite,770,1978731208,Approving
2024-04-03 22:05:31-07:00,2024-04-03 22:05:31-07:00,anthonyjohnson,hwhite,770,1978731208,Directing
2024-04-03 22:05:31-07:00,2024-04-03 22:05:31-07:00,anthonyjohnson,hwhite,770,1978731208,Directing
2024-04-03 22:05:31-07:00,2024-04-03 22:05:31-07:00,anthonyjohnson,hwhite,770,1978731208,Directing
2024-04-03 22:05:31-07:00,2024-04-03 22:05:31-07:00,anthonyjohnson,hwhite,770,1978731208,Directing
2024-04-03 22:05:31-07:00,2024-04-03 22:05:31-07:00,anthonyjohnson,hwhite,770,1978731208,Criticizing
2024-04-03 22:05:31-07:00,2024-04-03 22:05:31-07:00,anthonyjohnson,hwhite,770,1978731208,Updating
2024-04-04 10:57:40-07:00,2024-04-04 10:57:40-07:00,hwhite,hwhite,770,1980757844,Empty
2024-04-04 10:57:40-07:00,2024-04-04 10:57:40-07:00,hwhite,hwhite,770,1552180624,Apologizing
2024-04-04 10:58:24-07:00,2024-04-04 10:58:24-07:00,hwhite,hwhite,770,1980759084,Empty
2024-04-04 10:58:24-07:00,2024-04-04 10:58:24-07:00,hwhite,hwhite,770,1552181482,Criticizing
2024-04-04 10:58:52-07:00,2024-04-04 10:58:52-07:00,hwhite,hwhite,770,1552181977,Criticizing
2024-04-04 10:58:52-07:00,2024-04-04 10:58:52-07:00,hwhite,hwhite,770,1552181977,Criticizing
2024-04-04 10:58:52-07:00,2024-04-04 10:58:52-07:00,hwhite,hwhite,770,1980759862,Empty
2024-04-04 10:59:18-07:00,2024-04-04 10:59:18-07:00,hwhite,hwhite,770,1552182458,Updating
2024-04-04 10:59:18-07:00,2024-04-04 10:59:18-07:00,hwhite,hwhite,770,1980760610,Empty
2024-04-04 13:45:24-07:00,2024-04-04 13:45:24-07:00,anthonyjohnson,hwhite,770,1552412610,Updating
2024-04-04 13:45:24-07:00,2024-04-04 13:45:24-07:00,anthonyjohnson,hwhite,770,1981117049,Empty
2024-04-04 13:46:54-07:00,2024-04-04 13:46:54-07:00,anthonyjohnson,hwhite,770,1981121314,Empty
2024-04-04 13:46:54-07:00,2024-04-04 13:46:54-07:00,anthonyjohnson,hwhite,770,1552414773,Agreeing
2024-04-04 13:46:54-07:00,2024-04-04 13:46:54-07:00,anthonyjohnson,hwhite,770,1552414773,Directing
2024-04-04 13:46:54-07:00,2024-04-04 13:46:54-07:00,anthonyjohnson,hwhite,770,1552414773,Updating
2024-04-04 13:47:44-07:00,2024-04-04 13:47:44-07:00,anthonyjohnson,hwhite,770,1981123931,Empty
2024-04-04 13:47:45-07:00,2024-04-04 13:47:44-07:00,anthonyjohnson,hwhite,770,1552416209,Updating
2024-04-04 13:47:45-07:00,2024-04-04 13:47:44-07:00,anthonyjohnson,hwhite,770,1552416209,Updating
2024-04-05 16:59:37-07:00,2024-04-05 16:59:36-07:00,hwhite,hwhite,770,1554440848,Updating
2024-04-05 16:59:37-07:00,2024-04-05 16:59:36-07:00,hwhite,hwhite,770,1554440848,Criticizing
2024-04-05 16:59:37-07:00,2024-04-05 16:59:36-07:00,hwhite,hwhite,770,1554440848,Updating
2024-04-05 16:59:37-07:00,2024-04-05 16:59:36-07:00,hwhite,hwhite,770,1554440848,Updating
2024-04-05 16:59:37-07:00,2024-04-05 16:59:37-07:00,hwhite,hwhite,770,1984381336,Empty
2024-04-05 18:04:06-07:00,2024-04-05 18:04:06-07:00,anthonyjohnson,hwhite,770,1554465271,Thanking
2024-04-05 18:04:06-07:00,2024-04-05 18:04:06-07:00,anthonyjohnson,hwhite,770,1554465271,Updating
2024-04-05 18:04:06-07:00,2024-04-05 18:04:06-07:00,anthonyjohnson,hwhite,770,1554465271,Updating
2024-04-05 18:04:06-07:00,2024-04-05 18:04:06-07:00,anthonyjohnson,hwhite,770,1984408134,Empty
2024-04-05 18:23:12-07:00,2024-04-05 18:23:12-07:00,anthonyjohnson,hwhite,770,1554473160,Agreeing
2024-04-05 18:23:12-07:00,2024-04-05 18:23:12-07:00,anthonyjohnson,hwhite,770,1984416445,Empty
2024-04-05 18:25:20-07:00,2024-04-05 18:25:20-07:00,hortiz,hwhite,770,1984416755,Approving
2024-04-05 18:34:36-07:00,2024-04-05 18:34:36-07:00,anthonyjohnson,hwhite,770,1984418215,Empty
2024-03-31 18:58:11-07:00,2024-03-31 18:58:11-07:00,anthonyjohnson,josephwatkins,775,1970545948,Approving
2024-03-31 18:58:11-07:00,2024-03-31 18:58:11-07:00,anthonyjohnson,josephwatkins,775,1970545948,Thanking
2024-04-04 16:26:32-07:00,2024-04-04 16:26:32-07:00,hortiz,hwhite,779,1981381141,Updating
2024-04-04 16:26:32-07:00,2024-04-04 16:26:32-07:00,hortiz,hwhite,779,1981381141,Complimenting
2024-03-31 23:20:37-07:00,2024-03-31 23:20:37-07:00,hortiz,hwhite,781,1970727499,Approving
2024-04-01 01:26:06-07:00,2024-04-01 01:26:06-07:00,anthonyjohnson,hwhite,783,1970884584,Empty
2024-04-01 01:26:06-07:00,2024-04-01 01:26:06-07:00,anthonyjohnson,hwhite,783,1546100046,Directing
2024-04-01 01:28:38-07:00,2024-04-01 01:28:38-07:00,anthonyjohnson,hwhite,783,1970893823,Empty
2024-04-01 01:28:38-07:00,2024-04-01 01:28:38-07:00,anthonyjohnson,hwhite,783,1546104877,Directing
2024-04-01 01:28:38-07:00,2024-04-01 01:28:38-07:00,anthonyjohnson,hwhite,783,1546104877,Updating
2024-04-01 01:28:38-07:00,2024-04-01 01:28:38-07:00,anthonyjohnson,hwhite,783,1546104877,Criticizing
2024-04-01 01:28:38-07:00,2024-04-01 01:28:38-07:00,anthonyjohnson,hwhite,783,1546104877,Directing
2024-04-01 17:50:59-07:00,2024-04-01 17:50:59-07:00,anthonyjohnson,hwhite,783,1547011921,Disagreeing
2024-04-01 17:50:59-07:00,2024-04-01 17:50:59-07:00,anthonyjohnson,hwhite,783,1547011921,Directing
2024-04-01 17:50:59-07:00,2024-04-01 17:50:59-07:00,anthonyjohnson,hwhite,783,1972424344,Empty
2024-04-02 10:56:41-07:00,2024-04-02 10:56:41-07:00,hwhite,hwhite,783,1974545013,Empty
2024-04-02 10:56:41-07:00,2024-04-02 10:56:41-07:00,hwhite,hwhite,783,1548325673,Agreeing
2024-04-02 10:56:41-07:00,2024-04-02 10:56:41-07:00,hwhite,hwhite,783,1548325673,Updating
2024-04-01 17:03:34-07:00,2024-04-01 17:03:34-07:00,anthonyjohnson,campbellrachel,785,1972380413,Approving
2024-04-01 17:03:34-07:00,2024-04-01 17:03:34-07:00,anthonyjohnson,campbellrachel,785,1972380413,Updating
2024-04-02 10:39:44-07:00,2024-04-02 10:39:44-07:00,hwhite,campbellrachel,785,1974511537,Criticizing
2024-04-02 10:39:44-07:00,2024-04-02 10:39:44-07:00,hwhite,campbellrachel,785,1974511537,Approving
2024-04-05 04:36:13-07:00,2024-04-05 04:36:13-07:00,anthonyjohnson,campbellrachel,785,1982919908,Approving
2024-04-05 13:29:41-07:00,2024-04-05 13:29:41-07:00,hortiz,campbellrachel,785,1984133081,Approving
2024-04-05 14:54:54-07:00,2024-04-05 14:54:54-07:00,anthonyjohnson,campbellrachel,785,1554346232,Criticizing
2024-04-05 14:54:54-07:00,2024-04-05 14:54:54-07:00,anthonyjohnson,campbellrachel,785,1984253447,Empty
2024-04-05 22:38:28-07:00,2024-04-05 22:38:28-07:00,josephwatkins,campbellrachel,785,1984445879,Approving
2024-04-05 22:39:16-07:00,2024-04-05 22:39:16-07:00,anthonyjohnson,campbellrachel,785,1984445965,Empty
2024-04-02 10:48:36-07:00,2024-04-02 10:48:35-07:00,hwhite,josephwatkins,787,1548314842,Directing
2024-04-02 10:48:36-07:00,2024-04-02 10:48:35-07:00,hwhite,josephwatkins,787,1548314842,Directing
2024-04-02 10:48:36-07:00,2024-04-02 10:48:36-07:00,hwhite,josephwatkins,787,1974528071,Empty
2024-04-02 10:48:50-07:00,2024-04-02 10:48:50-07:00,hwhite,josephwatkins,787,1974528476,Updating
2024-04-02 10:48:50-07:00,2024-04-02 10:48:50-07:00,hwhite,josephwatkins,787,1974528476,Updating
2024-04-05 13:56:38-07:00,2024-04-05 13:56:38-07:00,hortiz,josephwatkins,787,1984165899,Approving
2024-04-05 22:22:31-07:00,2024-04-05 22:22:31-07:00,anthonyjohnson,josephwatkins,787,1984444354,Approving
2024-04-02 10:49:46-07:00,2024-04-02 10:49:46-07:00,hwhite,anthonyjohnson,790,1974530330,Empty
2024-04-02 10:49:46-07:00,2024-04-02 10:49:46-07:00,hwhite,anthonyjohnson,790,1548316239,Directing
2024-04-02 10:50:02-07:00,2024-04-02 10:50:02-07:00,hwhite,anthonyjohnson,790,1974530784,Empty
2024-04-02 10:50:02-07:00,2024-04-02 10:50:02-07:00,hwhite,anthonyjohnson,790,1548316541,Directing
2024-04-02 10:50:33-07:00,2024-04-02 10:50:33-07:00,hwhite,anthonyjohnson,790,1974531641,Approving
2024-04-02 10:50:33-07:00,2024-04-02 10:50:33-07:00,hwhite,anthonyjohnson,790,1974531641,Thanking
2024-04-02 10:50:33-07:00,2024-04-02 10:50:33-07:00,hwhite,anthonyjohnson,790,1974531641,Criticizing
2024-04-02 10:50:33-07:00,2024-04-02 10:50:33-07:00,hwhite,anthonyjohnson,790,1974531641,Approving
2024-04-05 00:52:47-07:00,2024-04-05 00:52:47-07:00,campbellrachel,anthonyjohnson,790,1982247878,Approving
2024-04-03 21:24:37-07:00,2024-04-03 21:24:37-07:00,anthonyjohnson,hwhite,792,1978672902,Empty
2024-04-03 21:28:10-07:00,2024-04-03 21:24:37-07:00,anthonyjohnson,hwhite,792,1550889904,Directing
2024-04-03 21:28:10-07:00,2024-04-03 21:24:37-07:00,anthonyjohnson,hwhite,792,1550889904,Asking
2024-04-04 11:02:29-07:00,2024-04-04 11:02:29-07:00,hwhite,hwhite,792,1980766092,Empty
2024-04-04 11:02:30-07:00,2024-04-04 11:02:28-07:00,hwhite,hwhite,792,1552185807,Agreeing
2024-04-04 11:02:30-07:00,2024-04-04 11:02:28-07:00,hwhite,hwhite,792,1552185807,Directing
2024-04-04 14:19:31-07:00,2024-04-04 14:19:31-07:00,hortiz,hwhite,792,1981203437,Approving
2024-04-04 18:26:51-07:00,2024-04-04 18:26:51-07:00,hortiz,anthonyjohnson,796,1981483802,Approving
2024-04-04 18:26:51-07:00,2024-04-04 18:26:51-07:00,hortiz,anthonyjohnson,796,1981483802,Updating
2024-04-04 18:26:51-07:00,2024-04-04 18:26:51-07:00,hortiz,anthonyjohnson,796,1981483802,Complimenting
2024-04-04 23:56:17-07:00,2024-04-04 21:37:16-07:00,campbellrachel,anthonyjohnson,796,1552865845,Criticizing
2024-04-04 23:56:17-07:00,2024-04-04 22:41:12-07:00,campbellrachel,anthonyjohnson,796,1552956248,Agreeing
2024-04-04 23:56:17-07:00,2024-04-04 22:41:12-07:00,campbellrachel,anthonyjohnson,796,1552956248,Updating
2024-04-04 23:56:17-07:00,2024-04-04 23:05:40-07:00,campbellrachel,anthonyjohnson,796,1552973941,Updating
2024-04-04 23:56:17-07:00,2024-04-04 23:56:17-07:00,campbellrachel,anthonyjohnson,796,1981829876,Criticizing
2024-04-04 23:56:17-07:00,2024-04-04 23:56:17-07:00,campbellrachel,anthonyjohnson,796,1981829876,Thanking
2024-04-05 00:16:35-07:00,2024-04-05 00:16:34-07:00,anthonyjohnson,anthonyjohnson,796,1553052431,Updating
2024-04-05 00:16:35-07:00,2024-04-05 00:16:34-07:00,anthonyjohnson,anthonyjohnson,796,1553052431,Agreeing
2024-04-05 00:16:35-07:00,2024-04-05 00:16:34-07:00,anthonyjohnson,anthonyjohnson,796,1553052431,Disagreeing
2024-04-05 00:16:35-07:00,2024-04-05 00:16:34-07:00,anthonyjohnson,anthonyjohnson,796,1553052431,Disagreeing
2024-04-05 00:16:35-07:00,2024-04-05 00:16:35-07:00,anthonyjohnson,anthonyjohnson,796,1982156650,Empty
2024-04-05 00:18:55-07:00,2024-04-05 00:18:55-07:00,anthonyjohnson,anthonyjohnson,796,1982161341,Empty
2024-04-05 00:18:55-07:00,2024-04-05 00:18:55-07:00,anthonyjohnson,anthonyjohnson,796,1553055396,Criticizing
2024-04-05 00:18:55-07:00,2024-04-05 00:18:55-07:00,anthonyjohnson,anthonyjohnson,796,1553055396,Asking
2024-04-05 12:38:11-07:00,2024-04-05 12:38:11-07:00,hwhite,anthonyjohnson,796,1984043594,Empty
2024-04-05 12:38:11-07:00,2024-04-05 12:38:11-07:00,hwhite,anthonyjohnson,796,1554203833,Approving
2024-04-05 12:38:11-07:00,2024-04-05 12:38:11-07:00,hwhite,anthonyjohnson,796,1554203833,Updating
2024-04-05 12:41:59-07:00,2024-04-05 12:41:59-07:00,hwhite,anthonyjohnson,796,1984049355,Suggesting
2024-04-05 12:41:59-07:00,2024-04-05 12:41:59-07:00,hwhite,anthonyjohnson,796,1984049355,Suggesting
2024-04-05 12:41:59-07:00,2024-04-05 12:41:59-07:00,hwhite,anthonyjohnson,796,1984049355,Updating
2024-04-05 12:41:59-07:00,2024-04-05 12:41:59-07:00,hwhite,anthonyjohnson,796,1984049355,Complimenting
2024-04-05 12:41:59-07:00,2024-04-05 12:41:59-07:00,hwhite,anthonyjohnson,796,1984049355,Complimenting
2024-04-05 12:58:39-07:00,2024-04-05 12:58:39-07:00,anthonyjohnson,anthonyjohnson,796,1984072656,Empty
2024-04-05 12:58:39-07:00,2024-04-05 12:58:39-07:00,anthonyjohnson,anthonyjohnson,796,1554222011,Updating
2024-04-05 12:58:39-07:00,2024-04-05 12:58:39-07:00,anthonyjohnson,anthonyjohnson,796,1554222011,Updating
2024-04-05 18:32:50-07:00,2024-04-05 18:32:50-07:00,hwhite,anthonyjohnson,796,1984417935,Approving
2024-04-05 18:32:50-07:00,2024-04-05 18:32:50-07:00,hwhite,anthonyjohnson,796,1984417935,Updating
2024-04-05 18:32:50-07:00,2024-04-05 18:32:50-07:00,hwhite,anthonyjohnson,796,1984417935,Complimenting
2024-04-03 21:27:03-07:00,2024-04-03 21:27:03-07:00,anthonyjohnson,hwhite,798,1978680852,Approving
2024-04-03 21:27:03-07:00,2024-04-03 21:27:03-07:00,anthonyjohnson,hwhite,798,1978680852,Thanking
2024-04-03 20:59:21-07:00,2024-04-03 20:59:21-07:00,anthonyjohnson,hwhite,800,1978621625,Empty
2024-04-03 20:59:21-07:00,2024-04-03 20:59:21-07:00,anthonyjohnson,hwhite,800,1550850649,Directing
2024-04-03 21:10:40-07:00,2024-04-03 21:10:40-07:00,anthonyjohnson,hwhite,800,1978640777,Criticizing
2024-04-03 21:10:40-07:00,2024-04-03 21:10:40-07:00,anthonyjohnson,hwhite,800,1978640777,Criticizing
2024-04-03 21:20:21-07:00,2024-04-03 21:20:21-07:00,anthonyjohnson,hwhite,800,1978662407,Empty
2024-04-03 21:20:38-07:00,2024-04-03 21:20:21-07:00,anthonyjohnson,hwhite,800,1550882157,Updating
2024-04-03 21:20:38-07:00,2024-04-03 21:20:21-07:00,anthonyjohnson,hwhite,800,1550882157,Criticizing
2024-04-04 03:19:07-07:00,2024-04-04 03:19:00-07:00,campbellrachel,hwhite,800,1551402142,Criticizing
2024-04-04 03:19:07-07:00,2024-04-04 03:19:07-07:00,campbellrachel,hwhite,800,1979426557,Empty
2024-04-04 11:10:55-07:00,2024-04-04 11:10:55-07:00,hwhite,hwhite,800,1980790139,Empty
2024-04-04 11:10:55-07:00,2024-04-04 11:10:55-07:00,hwhite,hwhite,800,1552201867,Apologizing
2024-04-04 11:55:24-07:00,2024-04-04 11:55:24-07:00,hwhite,hwhite,800,1980888784,Empty
2024-04-04 11:55:24-07:00,2024-04-04 11:55:24-07:00,hwhite,hwhite,800,1552265167,Updating
2024-04-04 11:55:24-07:00,2024-04-04 11:55:24-07:00,hwhite,hwhite,800,1552265167,Explaining
2024-04-04 11:55:24-07:00,2024-04-04 11:55:24-07:00,hwhite,hwhite,800,1552265167,Updating
2024-04-04 11:55:24-07:00,2024-04-04 11:55:24-07:00,hwhite,hwhite,800,1552265167,Updating
2024-04-04 13:40:35-07:00,2024-04-04 13:40:35-07:00,anthonyjohnson,hwhite,800,1981108922,Approving
2024-04-05 12:49:19-07:00,2024-04-05 12:49:19-07:00,hwhite,campbellrachel,807,1984060327,Empty
2024-04-05 12:49:19-07:00,2024-04-05 12:49:19-07:00,hwhite,campbellrachel,807,1554214027,Directing
2024-04-05 12:49:19-07:00,2024-04-05 12:49:19-07:00,hwhite,campbellrachel,807,1554214027,Directing
2024-04-05 12:50:11-07:00,2024-04-05 12:50:10-07:00,hwhite,campbellrachel,807,1554214723,Suggesting
2024-04-05 12:50:11-07:00,2024-04-05 12:50:11-07:00,hwhite,campbellrachel,807,1984061358,Empty
2024-04-05 12:50:45-07:00,2024-04-05 12:50:45-07:00,hwhite,campbellrachel,807,1984062124,Complimenting
2024-04-05 12:50:45-07:00,2024-04-05 12:50:45-07:00,hwhite,campbellrachel,807,1984062124,Thanking
2024-04-05 12:50:45-07:00,2024-04-05 12:50:45-07:00,hwhite,campbellrachel,807,1984062124,Criticizing
2024-04-05 15:09:56-07:00,2024-04-05 15:09:56-07:00,campbellrachel,campbellrachel,807,1554362620,Updating
2024-04-05 15:09:56-07:00,2024-04-05 15:09:56-07:00,campbellrachel,campbellrachel,807,1984277836,Empty
2024-04-05 15:41:12-07:00,2024-04-05 15:41:12-07:00,hwhite,campbellrachel,807,1984310438,Approving
2024-04-05 15:41:12-07:00,2024-04-05 15:41:12-07:00,hwhite,campbellrachel,807,1984310438,Updating
2024-04-05 15:41:12-07:00,2024-04-05 15:41:12-07:00,hwhite,campbellrachel,807,1984310438,Updating
2024-04-05 15:41:12-07:00,2024-04-05 15:41:12-07:00,hwhite,campbellrachel,807,1984310438,Complimenting
2024-04-05 15:41:12-07:00,2024-04-05 15:41:12-07:00,hwhite,campbellrachel,807,1984310438,Approving
2024-04-05 15:52:02-07:00,2024-04-05 15:52:02-07:00,hortiz,campbellrachel,807,1984322905,Complimenting
2024-04-05 19:58:08-07:00,2024-04-05 19:58:08-07:00,hortiz,campbellrachel,807,1984429319,Updating
2024-04-05 20:03:43-07:00,2024-04-05 20:03:43-07:00,hwhite,campbellrachel,807,1984429919,Approving
2024-04-05 20:45:54-07:00,2024-04-05 20:45:54-07:00,campbellrachel,hwhite,810,1984434382,Approving
2024-04-05 20:50:25-07:00,2024-04-05 20:50:25-07:00,anthonyjohnson,hwhite,810,1984434856,Empty
2024-04-05 15:54:31-07:00,2024-04-05 15:54:31-07:00,hwhite,hortiz,813,1984324142,Empty
2024-04-05 15:54:31-07:00,2024-04-05 15:54:31-07:00,hwhite,hortiz,813,1554395431,Updating
2024-04-05 15:54:31-07:00,2024-04-05 15:54:31-07:00,hwhite,hortiz,813,1554395431,Complimenting
2024-04-05 15:54:31-07:00,2024-04-05 15:54:31-07:00,hwhite,hortiz,813,1554395431,Updating
2024-04-05 15:55:23-07:00,2024-04-05 15:55:23-07:00,hwhite,hortiz,813,1984324570,Thanking
2024-04-05 15:55:23-07:00,2024-04-05 15:55:23-07:00,hwhite,hortiz,813,1984324570,Updating
2024-04-05 15:55:23-07:00,2024-04-05 15:55:23-07:00,hwhite,hortiz,813,1984324570,Directing
2024-04-05 15:58:42-07:00,2024-04-05 15:58:42-07:00,hortiz,hortiz,813,1984329143,Empty
2024-04-05 15:58:42-07:00,2024-04-05 15:58:42-07:00,hortiz,hortiz,813,1554398638,Updating
2024-04-05 15:58:42-07:00,2024-04-05 15:58:42-07:00,hortiz,hortiz,813,1554398638,Updating
2024-04-05 18:36:30-07:00,2024-04-05 18:36:30-07:00,hwhite,hortiz,813,1984418516,Empty
2024-04-05 18:36:31-07:00,2024-04-05 18:36:30-07:00,hwhite,hortiz,813,1554476794,Updating
2024-04-05 20:28:38-07:00,2024-04-05 20:28:38-07:00,josephwatkins,hortiz,813,1984432649,Thanking
2024-04-05 20:28:38-07:00,2024-04-05 20:28:38-07:00,josephwatkins,hortiz,813,1984432649,Updating
2024-04-05 22:49:59-07:00,2024-04-05 22:49:59-07:00,hwhite,hortiz,813,1984447069,Updating
2024-04-05 22:49:59-07:00,2024-04-05 22:49:59-07:00,hwhite,hortiz,813,1984447069,Updating
2024-04-05 22:54:26-07:00,2024-04-05 22:54:26-07:00,anthonyjohnson,hortiz,813,1984447479,Empty
2024-04-05 16:00:50-07:00,2024-04-05 16:00:50-07:00,hortiz,hwhite,814,1984332409,Approving
2024-04-05 16:00:50-07:00,2024-04-05 16:00:50-07:00,hortiz,hwhite,814,1984332409,Complimenting
2024-04-05 21:05:08-07:00,2024-04-05 21:05:08-07:00,campbellrachel,hwhite,814,1984436169,Criticizing
2024-04-05 21:05:08-07:00,2024-04-05 21:05:08-07:00,campbellrachel,hwhite,814,1984436169,Updating
2024-04-05 21:26:06-07:00,2024-04-05 21:26:06-07:00,anthonyjohnson,hwhite,814,1984438502,Complimenting
2024-04-05 21:26:06-07:00,2024-04-05 21:26:06-07:00,anthonyjohnson,hwhite,814,1984438502,Approving
2024-04-05 19:45:57-07:00,2024-04-05 19:45:57-07:00,hortiz,hwhite,815,1984427725,Approving
2024-04-05 19:45:57-07:00,2024-04-05 19:45:57-07:00,hortiz,hwhite,815,1984427725,Thanking
2024-04-05 19:47:10-07:00,2024-04-05 19:47:10-07:00,anthonyjohnson,hwhite,815,1984427957,Approving
2024-04-05 21:06:11-07:00,2024-04-05 21:06:11-07:00,josephwatkins,hortiz,816,1984436274,Approving
2024-04-05 21:06:11-07:00,2024-04-05 21:06:11-07:00,josephwatkins,hortiz,816,1984436274,Thanking
2024-04-05 22:43:29-07:00,2024-04-05 22:43:29-07:00,anthonyjohnson,hortiz,816,1984446462,Empty
2024-04-05 23:35:33-07:00,2024-04-05 23:35:33-07:00,anthonyjohnson,josephwatkins,818,1554535553,Directing
2024-04-05 23:35:33-07:00,2024-04-05 23:35:33-07:00,anthonyjohnson,josephwatkins,818,1984451735,Empty
2024-04-05 23:38:40-07:00,2024-04-05 23:38:40-07:00,hortiz,josephwatkins,818,1554535820,Suggesting
2024-04-05 23:38:40-07:00,2024-04-05 23:38:40-07:00,hortiz,josephwatkins,818,1984451991,Empty
2024-04-05 23:39:51-07:00,2024-04-05 23:39:51-07:00,anthonyjohnson,josephwatkins,818,1554535902,Agreeing
2024-04-05 23:39:51-07:00,2024-04-05 23:39:51-07:00,anthonyjohnson,josephwatkins,818,1984452103,Empty
2024-04-05 23:48:08-07:00,2024-04-05 23:48:08-07:00,anthonyjohnson,josephwatkins,818,1984453023,Empty
2024-04-05 23:53:29-07:00,2024-04-05 23:53:29-07:00,hortiz,josephwatkins,818,1984453541,Approving
2024-04-05 23:53:29-07:00,2024-04-05 23:53:29-07:00,hortiz,josephwatkins,818,1984453541,Complimenting
2024-04-05 23:38:23-07:00,2024-04-05 23:38:23-07:00,anthonyjohnson,hortiz,819,1984451963,Approving
2024-04-05 23:38:23-07:00,2024-04-05 23:38:23-07:00,anthonyjohnson,hortiz,819,1984451963,Updating
2024-04-05 23:47:55-07:00,2024-04-05 23:47:55-07:00,anthonyjohnson,hortiz,819,1984452999,Thanking
2024-04-05 23:47:55-07:00,2024-04-05 23:47:55-07:00,anthonyjohnson,hortiz,819,1984452999,Approving
2024-04-06 01:15:29-07:00,2024-04-06 01:15:29-07:00,hortiz,josephwatkins,820,1984462760,Approving
2024-04-06 01:14:58-07:00,2024-04-06 01:14:58-07:00,hortiz,anthonyjohnson,821,1984462710,Approving
2024-04-06 01:14:58-07:00,2024-04-06 01:14:58-07:00,hortiz,anthonyjohnson,821,1984462710,Approving
2024-04-07 01:03:12-07:00,2024-04-07 01:03:12-07:00,anthonyjohnson,hwhite,823,1984873430,Approving
2024-04-07 01:03:12-07:00,2024-04-07 01:03:12-07:00,anthonyjohnson,hwhite,823,1984873430,Approving
2024-04-07 08:02:32-07:00,2024-04-07 08:02:32-07:00,anthonyjohnson,hwhite,825,1985114191,Approving
2024-04-07 08:02:32-07:00,2024-04-07 08:02:32-07:00,anthonyjohnson,hwhite,825,1985114191,Complimenting
2024-04-07 08:02:32-07:00,2024-04-07 08:02:32-07:00,anthonyjohnson,hwhite,825,1985114191,Asking
2024-04-07 08:02:32-07:00,2024-04-07 08:02:32-07:00,anthonyjohnson,hwhite,825,1985114191,Approving
2024-04-07 11:47:03-07:00,2024-04-07 11:47:03-07:00,hortiz,hwhite,825,1985151509,Approving
2024-04-07 11:47:03-07:00,2024-04-07 11:47:03-07:00,hortiz,hwhite,825,1985151509,Complimenting
2024-04-07 11:47:03-07:00,2024-04-07 11:47:03-07:00,hortiz,hwhite,825,1985151509,Approving
2024-04-07 13:42:35-07:00,2024-04-07 13:42:35-07:00,campbellrachel,hwhite,825,1985249527,Approving
2024-04-07 13:47:44-07:00,2024-04-07 13:47:44-07:00,anthonyjohnson,hwhite,825,1985250076,Approving
2024-04-07 13:47:44-07:00,2024-04-07 13:47:44-07:00,anthonyjohnson,hwhite,825,1985250076,Complimenting
2024-04-07 11:40:21-07:00,2024-04-07 11:40:21-07:00,hortiz,anthonyjohnson,826,1985150506,Approving
2024-04-07 16:56:54-07:00,2024-04-07 16:56:54-07:00,campbellrachel,anthonyjohnson,827,1985281552,Empty
2024-04-07 16:58:30-07:00,2024-04-07 16:58:30-07:00,hortiz,anthonyjohnson,827,1985281902,Encouraging
2024-04-07 16:59:49-07:00,2024-04-07 16:59:49-07:00,hwhite,anthonyjohnson,827,1985282245,Encouraging
2024-04-07 16:59:49-07:00,2024-04-07 16:59:49-07:00,hwhite,anthonyjohnson,827,1985282245,Encouraging
2024-04-07 17:16:03-07:00,2024-04-07 17:16:03-07:00,hwhite,anthonyjohnson,827,1985287695,Approving
2024-04-07 17:19:57-07:00,2024-04-07 17:19:57-07:00,hwhite,anthonyjohnson,827,1985288936,Encouraging
2024-04-07 17:21:23-07:00,2024-04-07 17:21:23-07:00,hortiz,anthonyjohnson,827,1985289416,Encouraging
2024-04-07 17:23:20-07:00,2024-04-07 17:23:20-07:00,campbellrachel,anthonyjohnson,827,1985290021,Empty
2024-04-07 17:25:11-07:00,2024-04-07 17:25:11-07:00,josephwatkins,anthonyjohnson,827,1985290985,Complimenting
2024-04-07 13:12:53-07:00,2024-04-07 13:12:53-07:00,hortiz,anthonyjohnson,828,1985211621,Approving
2024-04-07 13:39:05-07:00,2024-04-07 13:39:05-07:00,anthonyjohnson,hortiz,829,1555082715,Criticizing
2024-04-07 13:39:05-07:00,2024-04-07 13:39:05-07:00,anthonyjohnson,hortiz,829,1555082715,Directing
2024-04-07 13:39:05-07:00,2024-04-07 13:39:05-07:00,anthonyjohnson,hortiz,829,1985249096,Empty
2024-04-07 13:39:46-07:00,2024-04-07 13:39:46-07:00,anthonyjohnson,hortiz,829,1555082779,Suggesting
2024-04-07 13:39:46-07:00,2024-04-07 13:39:46-07:00,anthonyjohnson,hortiz,829,1985249171,Empty
2024-04-07 13:43:02-07:00,2024-04-07 13:43:02-07:00,anthonyjohnson,hortiz,829,1985249568,Approving
2024-04-07 13:43:02-07:00,2024-04-07 13:43:02-07:00,anthonyjohnson,hortiz,829,1985249568,Criticizing
2024-04-07 13:43:02-07:00,2024-04-07 13:43:02-07:00,anthonyjohnson,hortiz,829,1985249568,Updating
2024-04-07 13:43:02-07:00,2024-04-07 13:43:02-07:00,anthonyjohnson,hortiz,829,1985249568,Directing
2024-04-07 13:39:26-07:00,2024-04-07 13:39:26-07:00,hwhite,campbellrachel,830,1985249128,Approving
2024-04-07 13:39:26-07:00,2024-04-07 13:39:26-07:00,hwhite,campbellrachel,830,1985249128,Agreeing
2024-04-07 13:39:26-07:00,2024-04-07 13:39:26-07:00,hwhite,campbellrachel,830,1985249128,Updating
2024-04-07 13:39:26-07:00,2024-04-07 13:39:26-07:00,hwhite,campbellrachel,830,1985249128,Approving
2024-04-07 14:31:42-07:00,2024-04-07 14:31:42-07:00,hortiz,hwhite,832,1985255728,Updating
2024-04-07 14:31:42-07:00,2024-04-07 14:31:42-07:00,hortiz,hwhite,832,1985255728,Approving
2024-04-07 14:37:43-07:00,2024-04-07 14:37:43-07:00,anthonyjohnson,hwhite,832,1985256495,Empty
2024-04-07 15:13:17-07:00,2024-04-07 15:13:17-07:00,anthonyjohnson,hwhite,832,1985261208,Empty
2024-04-07 15:25:39-07:00,2024-04-07 15:25:39-07:00,hortiz,hwhite,832,1985262917,Approving
2024-04-07 15:27:01-07:00,2024-04-07 15:27:01-07:00,anthonyjohnson,hwhite,832,1985263136,Empty
2024-04-07 15:34:23-07:00,2024-04-07 15:34:23-07:00,hortiz,campbellrachel,834,1985264270,Updating
2024-04-07 15:34:23-07:00,2024-04-07 15:34:23-07:00,hortiz,campbellrachel,834,1985264270,Thanking
2024-04-07 15:47:41-07:00,2024-04-07 15:47:41-07:00,hwhite,campbellrachel,834,1985266545,Approving
2024-04-07 15:47:41-07:00,2024-04-07 15:47:41-07:00,hwhite,campbellrachel,834,1985266545,Directing
2024-04-07 16:04:25-07:00,2024-04-07 16:04:25-07:00,anthonyjohnson,campbellrachel,834,1985269799,Empty
2024-04-07 16:11:59-07:00,2024-04-07 16:11:59-07:00,anthonyjohnson,campbellrachel,836,1985271219,Empty
2024-04-07 16:15:39-07:00,2024-04-07 16:15:39-07:00,hwhite,campbellrachel,836,1985271895,Approving
2024-04-07 16:21:59-07:00,2024-04-07 16:21:59-07:00,hwhite,josephwatkins,838,1985273333,Approving
2024-04-07 16:21:59-07:00,2024-04-07 16:21:59-07:00,hwhite,josephwatkins,838,1985273333,Thanking
2024-04-07 16:22:44-07:00,2024-04-07 16:22:44-07:00,hortiz,josephwatkins,838,1985273499,Approving
2024-04-07 16:25:57-07:00,2024-04-07 16:25:57-07:00,anthonyjohnson,josephwatkins,838,1985274243,Empty
2024-04-07 19:10:25-07:00,2024-04-07 19:10:25-07:00,hwhite,anthonyjohnson,845,1985341096,Updating
2024-04-07 19:10:25-07:00,2024-04-07 19:10:25-07:00,hwhite,anthonyjohnson,845,1985341096,Approving
2024-04-07 19:11:50-07:00,2024-04-07 19:11:50-07:00,josephwatkins,anthonyjohnson,845,1985341879,Approving
2024-04-07 19:12:13-07:00,2024-04-07 19:12:13-07:00,hortiz,anthonyjohnson,845,1985342098,Empty
